ID,cluster_kmeans_features,cluster_hierarchical,cluster_kmeans_ts,cluster_dbscan
22,2,0,1,0
42,1,1,0,0
56,2,1,0,0
58,2,0,0,0
64,2,0,1,0
88,1,1,0,0
95,2,0,0,0
163,2,1,1,0
198,2,1,1,0
202,2,0,1,0
209,2,0,1,0
218,2,0,0,0
223,1,1,0,0
228,2,0,1,0
245,2,0,1,0
246,2,0,1,0
322,2,0,1,0
325,2,0,1,0
342,2,0,1,0
344,2,0,1,0
352,2,0,0,0
358,2,0,1,0
362,1,1,0,0
451,2,0,1,0
471,2,0,0,0
474,2,0,0,0
500,1,1,0,0
518,2,0,1,0
519,2,0,0,0
545,2,0,0,0
559,2,0,1,0
602,2,0,1,0
604,2,0,0,0
611,2,0,1,0
618,1,1,0,0
635,2,0,0,0
654,1,1,0,0
664,2,0,0,0
675,2,0,1,0
720,2,0,1,0
728,2,0,1,0
774,2,1,0,0
804,2,0,1,0
810,1,1,0,0
823,2,0,0,0
827,2,0,1,0
841,2,1,0,0
860,2,0,1,0
871,1,1,0,0
873,2,1,0,0
885,2,0,1,0
890,1,1,0,0
895,2,0,1,0
896,0,0,1,0
901,2,0,1,0
903,2,0,1,0
965,2,0,0,0
989,2,0,0,0
992,2,0,0,0
1001,1,1,0,0
1013,2,0,1,0
1019,2,0,1,0
1029,2,0,0,0
1035,2,1,0,0
1091,2,0,1,0
1099,2,0,1,0
1109,2,0,1,0
1118,2,0,1,0
1124,2,0,0,0
1154,2,0,0,0
1169,2,0,1,0
1180,1,1,0,0
1185,2,0,1,0
1195,2,1,1,0
1199,2,0,1,0
1216,2,0,0,0
1224,2,0,1,0
1236,1,1,1,0
1248,2,0,0,0
1258,2,1,1,0
1271,2,1,1,0
1383,2,0,1,0
1410,2,0,1,0
1420,2,0,1,0
1423,2,0,1,0
1432,2,1,1,0
1441,2,0,1,0
1451,2,0,1,0
1467,2,0,0,0
1501,2,0,0,0
1507,2,0,1,0
1518,2,0,0,0
1526,2,0,1,0
1530,2,0,0,0
1531,2,0,1,0
1548,2,0,1,0
1563,2,1,1,0
1566,1,1,0,0
1567,2,0,0,0
1577,0,0,1,0
1580,2,1,1,0
1596,2,0,1,0
1640,0,2,1,0
1645,2,0,1,0
1648,2,0,1,0
1653,2,0,1,0
1685,2,0,1,0
1687,1,1,1,0
1691,1,1,0,0
1708,2,0,1,0
1710,2,1,1,0
1732,2,0,1,0
1739,2,0,1,0
1745,2,0,1,0
1768,2,0,0,0
1786,2,0,1,0
1788,0,2,1,0
1803,2,0,0,0
1810,2,0,1,0
1812,2,1,1,0
1820,1,1,0,0
1834,2,0,1,0
1841,2,0,1,0
1853,2,0,1,0
1858,2,0,1,0
1861,2,0,1,0
1892,2,0,1,0
1893,2,0,0,0
1906,1,1,0,0
1907,2,0,1,0
1910,1,0,0,0
1923,2,0,1,0
1957,1,1,0,0
1959,2,0,1,0
1979,2,0,1,0
1981,2,0,1,0
1998,1,1,0,0
2002,2,0,1,0
2064,0,2,1,-1
2102,2,0,0,0
2111,2,0,0,0
2115,2,0,0,0
2194,2,0,1,0
2219,2,0,0,0
2220,2,1,1,0
2233,1,1,0,0
2246,2,0,0,0
2252,1,1,0,0
2313,1,1,0,0
2319,2,0,1,0
2341,2,0,1,0
2346,2,0,1,0
2374,2,0,0,0
2433,2,0,0,0
2453,2,0,1,0
2466,2,0,0,0
2467,1,1,0,0
2495,1,1,0,0
2497,2,0,0,0
2506,1,1,1,0
2516,2,0,1,0
2537,2,0,0,0
2550,2,0,0,0
2551,2,1,1,0
2586,2,1,0,0
2596,2,0,1,0
2599,1,1,0,0
2609,2,0,0,0
2614,2,0,1,0
2615,2,0,1,0
2621,2,0,0,0
2641,1,1,0,0
2678,2,0,1,0
2693,2,0,1,0
2699,2,0,1,0
2748,2,0,1,0
2751,2,0,1,0
2752,0,0,1,0
2764,2,0,1,0
2792,2,0,0,0
2846,0,0,1,0
2850,2,0,0,0
2865,2,0,1,0
2868,2,0,0,0
2874,2,0,1,0
2935,1,1,0,0
2938,0,2,1,0
2944,2,0,0,0
2947,1,1,0,0
2960,1,1,0,0
2989,2,0,1,0
3007,2,0,1,0
3036,1,1,0,0
3052,2,1,1,0
3062,1,1,0,0
3073,2,0,0,0
3074,2,0,0,0
3080,2,0,1,0
3085,2,0,1,0
3124,2,1,1,0
3134,1,1,0,0
3135,1,1,0,0
3137,2,0,1,0
3150,2,0,1,0
3205,2,0,0,0
3219,2,0,1,0
3220,2,0,1,0
3230,2,0,0,0
3258,2,1,0,0
3267,1,1,0,0
3289,2,0,0,0
3294,1,1,0,0
3310,2,0,0,0
3313,2,0,1,0
3366,2,0,1,0
3367,2,0,1,0
3377,2,0,0,0
3386,2,0,1,0
3387,2,0,0,0
3405,2,1,0,0
3410,2,0,0,0
3427,1,1,0,0
3433,0,0,1,0
3447,2,0,0,0
3454,2,0,1,0
3456,2,0,1,0
3467,2,0,1,0
3487,2,0,1,0
3506,2,1,0,0
3546,1,1,1,0
3614,2,0,0,0
3657,2,0,1,0
3658,2,0,0,0
3660,1,0,0,0
3691,2,0,1,0
3719,2,0,0,0
3732,2,0,1,0
3747,2,0,1,0
3770,1,1,0,0
3787,2,0,0,0
3793,2,1,0,0
3823,2,0,0,0
3863,2,0,1,0
3884,2,0,1,0
3895,2,0,0,0
3901,2,1,0,0
3908,2,0,0,0
3914,2,0,1,0
3961,2,0,1,0
3966,2,0,0,0
3969,2,0,1,0
3976,2,0,0,0
3979,2,0,1,0
4064,2,0,1,0
4069,2,0,1,0
4107,1,1,0,0
4141,2,0,1,0
4158,2,0,0,0
4161,2,0,0,0
4167,2,0,0,0
4172,2,1,1,0
4178,1,1,0,0
4189,1,1,0,0
4190,1,1,0,0
4202,2,0,1,0
4205,2,1,1,0
4213,2,0,0,0
4268,2,0,1,0
4294,2,0,1,0
4295,2,0,1,0
4352,1,1,0,0
4355,2,0,1,0
4370,2,0,1,0
4376,2,0,1,0
4383,2,0,1,0
4394,2,0,1,0
4400,2,0,0,0
4405,1,1,1,0
4438,0,2,1,-1
4445,2,0,1,0
4448,2,0,0,0
4477,2,0,0,0
4488,2,0,1,0
4529,2,0,1,0
4533,2,0,1,0
4563,2,0,1,0
4564,2,0,1,0
4573,2,0,1,0
4578,2,0,0,0
4671,2,1,0,0
4672,2,0,0,0
4702,2,0,0,0
4735,1,1,0,0
4744,0,0,1,0
4754,2,0,1,0
4756,2,0,1,0
4758,2,0,1,0
4780,1,1,1,-1
4785,2,0,0,0
4814,2,0,1,0
4816,2,0,1,0
4825,2,0,1,0
4847,2,1,0,0
4855,1,1,0,0
4858,1,1,0,0
4918,1,1,0,0
4953,2,0,0,0
4969,2,0,1,0
4989,2,0,0,0
5011,1,1,0,0
5027,2,0,1,0
5029,2,0,1,0
5033,1,1,0,0
5036,2,0,1,0
5061,2,0,1,0
5062,2,1,1,0
5119,2,0,1,0
5168,2,0,1,0
5173,2,0,0,0
5202,2,0,0,0
5205,2,0,0,0
5228,2,0,1,0
5238,2,1,1,0
5243,2,0,0,0
5259,2,0,0,0
5270,1,1,1,0
5297,2,1,0,0
5331,2,0,0,0
5343,2,0,1,0
5352,1,0,1,0
5353,2,0,1,0
5373,1,1,0,0
5424,2,1,1,0
5438,0,2,1,-1
5451,2,0,0,0
5465,2,0,1,0
5472,1,1,0,0
5489,1,1,0,0
5494,2,0,1,0
5541,2,0,0,0
5544,2,0,1,0
5546,2,0,1,0
5582,2,0,1,0
5584,1,0,1,0
5587,2,0,1,0
5618,1,1,0,0
5629,2,0,0,0
5651,1,1,0,0
5655,1,1,1,0
5660,2,0,0,0
5685,2,0,1,0
5696,2,0,1,0
5717,2,0,1,0
5778,2,0,0,0
5799,2,0,1,0
5804,2,0,1,0
5805,1,1,0,0
5820,2,0,1,0
5846,0,2,1,-1
5873,2,0,0,0
5874,2,0,1,0
5880,2,0,1,0
5926,2,0,1,0
5946,2,0,1,0
5965,2,0,1,0
5976,2,0,1,0
6009,2,0,1,0
6017,2,0,1,0
6043,2,0,0,0
6058,1,1,0,0
6063,2,0,1,0
6097,2,0,1,0
6127,1,1,0,0
6130,1,1,0,0
6153,2,0,1,0
6158,2,0,1,0
6172,0,2,1,0
6215,2,0,0,0
6217,1,1,1,0
6220,1,1,0,0
6227,2,0,1,0
6232,2,0,0,0
6233,2,0,1,0
6244,2,0,0,0
6246,2,0,0,0
6284,2,0,0,0
6285,2,0,1,0
6289,2,0,1,0
6339,2,0,1,0
6353,2,0,0,0
6354,2,0,0,0
6391,1,1,0,0
6408,1,1,0,0
6410,2,0,0,0
6447,2,0,0,0
6457,2,0,1,0
6461,2,0,0,0
6463,2,0,1,0
6475,2,0,1,0
6481,1,1,0,0
6504,2,0,1,0
6524,2,0,1,0
6525,2,0,1,0
6527,2,0,0,0
6559,2,1,0,0
6592,1,1,0,0
6594,2,0,1,0
6623,2,0,1,0
6640,2,0,1,0
6641,2,0,1,0
6656,2,1,0,0
6665,2,0,1,0
6670,2,1,0,0
6718,2,0,0,0
6773,2,0,1,0
6831,2,0,1,0
6837,2,0,1,0
6848,2,0,1,0
6860,1,1,0,0
6873,1,1,0,0
6909,1,1,0,0
6911,2,0,1,0
6920,1,1,1,0
6921,2,0,1,0
6934,2,1,1,0
6955,2,0,0,0
6988,2,0,0,0
7005,1,1,0,-1
7047,2,0,1,0
7092,2,0,1,0
7095,2,0,1,0
7165,1,1,0,0
7168,1,1,0,0
7181,2,0,0,0
7190,0,0,1,0
7213,2,0,0,0
7222,2,0,1,0
7241,2,0,1,0
7285,2,0,0,0
7289,2,1,0,0
7296,2,0,1,0
7297,1,1,0,0
7322,2,1,1,0
7324,2,0,1,0
7334,2,0,1,0
7363,1,1,0,0
7371,2,0,0,0
7373,2,0,1,0
7390,2,0,1,0
7420,1,1,0,0
7433,0,0,1,0
7436,2,0,1,0
7460,1,0,0,0
7465,1,0,1,0
7471,2,0,1,0
7478,2,0,0,0
7523,2,0,0,0
7537,2,0,0,0
7558,2,0,1,0
7581,1,1,0,0
7588,2,0,1,0
7599,2,0,1,0
7603,2,0,1,0
7613,0,0,1,0
7665,1,1,0,0
7680,1,1,0,0
7690,2,1,0,0
7698,1,1,0,0
7730,2,0,0,0
7747,2,0,1,0
7753,2,0,1,0
7788,2,0,1,0
7799,2,0,1,0
7835,2,0,1,0
7862,2,0,1,0
7919,2,1,1,0
7941,1,1,1,0
7945,2,1,1,0
7969,2,0,0,0
7979,1,1,0,0
7982,2,1,0,0
7987,2,0,1,0
7989,2,1,1,0
8007,2,0,0,0
8008,2,0,0,0
8022,2,0,1,0
8057,2,0,0,0
8079,1,1,0,0
8080,2,0,1,0
8081,2,0,1,0
8099,2,0,1,0
8104,2,0,1,0
8112,2,1,1,0
8117,2,0,0,0
8122,2,0,0,0
8140,2,1,1,0
8175,2,0,0,0
8208,2,0,1,0
8224,2,0,0,0
8231,2,0,1,0
8247,2,0,1,0
8266,2,0,1,0
8278,2,0,1,0
8280,1,1,0,0
8288,2,0,0,0
8324,1,1,0,0
8344,2,0,0,0
8345,1,1,1,0
8382,0,2,1,0
8410,0,0,1,0
8415,2,0,1,0
8417,2,1,0,0
8427,2,0,0,0
8447,2,0,1,0
8473,2,0,1,0
8488,2,0,1,0
8513,2,0,1,0
8518,1,1,1,0
8521,2,0,0,0
8531,2,0,1,0
8543,2,0,1,0
8562,2,0,0,0
8597,2,0,0,0
8605,1,1,0,0
8672,2,0,0,0
8696,1,1,0,0
8729,2,0,1,0
8763,1,1,0,0
8770,2,0,1,0
8793,2,0,0,0
8822,0,0,1,0
8832,1,1,0,0
8849,2,0,1,0
8877,2,0,1,0
8886,2,0,1,0
8891,2,0,0,0
8896,2,0,0,0
8919,2,1,0,0
8922,1,1,0,0
8937,2,0,1,0
8972,1,1,0,0
9002,2,0,0,0
9031,1,1,1,0
9067,2,0,0,0
9078,1,1,0,0
9121,2,0,1,0
9135,2,0,0,0
9153,2,0,1,0
9154,2,0,1,0
9160,2,0,1,0
9164,2,0,1,0
9165,1,1,0,0
9196,2,0,1,0
9204,2,0,0,0
9241,1,1,0,0
9289,2,0,1,0
9305,2,0,1,0
9328,2,0,1,0
9342,1,1,0,0
9368,2,0,0,0
9401,2,0,1,0
9403,2,0,1,0
9409,2,0,1,0
9453,2,0,0,0
9461,2,1,0,0
9465,2,0,0,0
9510,2,0,1,0
9524,2,0,1,0
9564,2,1,0,0
9678,2,0,0,0
9706,2,0,1,0
9730,2,0,1,0
9736,1,1,0,0
9752,2,0,1,0
9797,2,0,1,0
9810,2,0,1,0
9845,2,0,1,0
9859,2,0,1,0
9946,2,0,1,0
9965,1,0,0,0
10001,2,0,1,0
10012,2,1,1,0
10030,2,0,1,0
10041,2,0,0,0
10042,1,1,0,0
10047,1,1,0,0
10053,1,1,0,0
10061,2,0,1,0
10081,2,0,1,0
10108,2,0,1,0
10111,2,0,1,0
10115,2,0,1,0
10152,2,0,1,0
10161,2,0,0,0
10177,2,0,0,0
10178,2,0,1,0
10180,2,1,1,0
10190,2,0,0,0
10204,2,0,1,0
10216,2,0,1,0
10241,2,0,1,0
10257,2,0,1,0
10268,2,0,0,0
10290,2,0,1,0
10293,2,0,1,0
10349,2,0,0,0
10426,2,0,0,0
10441,2,0,0,0
10447,1,1,0,0
10452,2,0,1,0
10498,2,0,1,0
10500,2,0,0,0
10521,2,0,1,0
10538,2,0,1,0
10541,2,0,1,0
10554,2,0,1,0
10569,2,0,1,0
10597,2,0,1,0
10613,2,0,1,0
10629,1,1,1,0
10634,2,0,1,0
10640,1,1,0,0
10651,2,0,1,0
10664,2,0,0,0
10671,2,0,1,0
10685,2,0,1,0
10687,1,1,1,0
10689,2,0,1,0
10692,2,0,0,0
10698,2,0,1,0
10701,1,1,0,0
10703,2,1,1,0
10712,2,0,0,0
10730,2,0,1,0
10738,1,1,0,0
10741,2,0,1,0
10770,1,1,0,0
10830,2,0,0,0
10838,1,1,0,0
10840,2,0,1,0
10858,1,1,0,0
10873,2,0,1,0
10880,2,0,1,0
10891,2,0,1,0
10908,2,0,1,0
10924,2,0,1,0
10931,1,0,0,0
10938,2,0,1,0
10982,2,0,1,0
10989,2,0,1,0
10990,2,0,0,0
10996,2,0,1,0
10999,2,0,1,0
11024,2,0,1,0
11026,1,0,0,0
11049,2,1,1,0
11053,2,0,1,0
11077,2,0,1,0
11094,2,0,1,0
11098,0,2,0,0
11103,2,0,0,0
11106,2,0,1,0
11109,2,0,1,0
11116,1,1,0,0
11134,2,0,1,0
11144,2,0,1,0
11174,2,0,1,0
11195,2,0,1,0
11215,2,0,1,0
11217,2,1,1,0
11231,2,0,1,0
11245,2,0,1,0
11284,2,0,1,0
11290,2,0,1,0
11291,1,1,0,0
11301,2,0,1,0
11315,2,0,0,0
11338,2,0,1,0
11346,2,0,1,0
11350,2,0,1,0
11368,2,0,1,0
11409,1,1,0,0
11424,2,0,1,0
11428,2,0,1,0
11447,2,0,0,0
11472,2,1,1,0
11486,2,0,1,0
11536,2,0,1,0
11575,2,1,0,0
11608,2,0,1,0
11625,2,0,0,0
11628,2,0,1,0
11656,2,1,1,0
11667,2,0,0,0
11694,2,0,0,0
11695,2,1,0,0
11699,2,0,0,0
11700,2,0,1,0
11701,2,0,0,0
11705,2,0,1,0
11714,1,1,0,0
11717,2,0,1,0
11761,2,0,1,0
11772,2,0,1,0
11793,1,1,0,0
11800,2,0,1,0
11817,2,0,1,0
11886,2,0,0,0
11899,1,1,0,0
11923,2,0,0,0
11935,2,0,1,0
11936,2,0,1,0
11983,2,0,1,0
12015,1,1,0,0
12016,1,0,0,0
12070,2,1,1,0
12083,2,0,0,0
12101,2,1,1,0
12128,2,0,1,0
12138,2,0,1,0
12195,2,0,1,0
12207,1,1,0,0
12215,2,0,1,0
12243,2,0,1,0
12303,2,0,0,0
12308,2,0,1,0
12316,2,0,0,0
12321,1,1,0,0
12329,2,0,1,0
12360,1,1,0,0
12362,2,0,0,0
12371,2,0,1,0
12389,2,0,0,0
12406,2,0,1,0
12416,2,0,0,0
12454,2,1,0,0
12491,1,1,0,0
12514,2,0,1,0
12583,2,0,1,0
12591,2,0,1,0
12594,2,0,0,0
12615,0,0,1,0
12619,2,0,1,0
12634,2,0,0,0
12697,2,0,1,0
12702,2,0,1,0
12710,2,1,1,0
12730,2,0,1,0
12750,2,0,0,0
12765,2,1,1,0
12777,2,0,0,0
12778,2,0,1,0
12782,2,0,1,0
12814,2,0,1,0
12817,2,0,1,0
12823,2,0,1,0
12837,2,0,0,0
12842,2,0,1,0
12886,2,0,1,0
12905,2,0,1,0
12927,1,1,0,0
12930,2,0,1,0
12931,2,0,1,0
12936,2,0,1,0
12939,2,0,0,0
12955,2,0,0,0
12978,1,1,0,0
12989,2,0,1,0
12999,2,0,1,0
13013,1,1,0,0
13022,2,0,1,0
13025,2,0,1,0
13071,2,0,0,0
13080,2,0,0,0
13102,1,1,1,0
13109,2,0,1,0
13135,2,0,1,0
13142,2,0,1,0
13152,2,0,1,0
13161,2,0,1,0
13173,2,0,1,0
13251,2,0,1,0
13256,2,0,1,0
13271,2,0,1,0
13272,2,0,1,0
13287,2,0,1,0
13299,1,1,0,0
13325,2,0,0,0
13331,2,0,1,0
13334,1,1,0,0
13361,2,0,1,0
13367,2,0,1,0
13401,2,0,1,0
13425,2,0,1,0
13433,2,0,0,0
13440,1,1,0,0
13450,1,1,0,0
13466,2,0,0,0
13473,0,0,1,0
13484,2,0,0,0
13498,2,0,1,0
13510,2,0,1,0
13550,1,1,0,0
13551,2,0,1,0
13593,2,0,0,0
13641,1,1,0,0
13655,2,0,1,0
13680,2,0,0,0
13686,1,1,0,0
13687,2,0,0,0
13695,2,0,0,0
13709,2,0,1,0
13731,1,1,1,0
13734,2,0,1,0
13759,2,1,1,0
13770,2,0,0,0
13786,2,0,0,0
13855,1,1,0,0
13862,2,1,0,0
13879,2,0,0,0
13911,2,0,0,0
13921,2,0,0,0
13930,1,1,0,0
13935,2,0,1,0
13938,2,0,1,0
13952,2,0,1,0
13960,2,0,0,0
14023,2,0,0,0
14054,1,1,0,0
14059,2,0,1,0
14088,2,0,0,0
14153,2,0,0,0
14168,2,0,0,0
14170,2,0,0,0
14177,1,1,0,0
14201,2,0,1,0
14202,2,0,0,0
14212,2,1,0,0
14215,2,0,1,0
14237,0,0,1,0
14279,1,1,0,0
14282,1,1,0,0
14301,2,0,0,0
14323,2,0,1,0
14324,2,0,1,0
14341,2,0,1,0
14351,1,1,1,0
14352,2,0,1,0
14383,2,0,1,0
14384,2,0,0,0
14408,2,0,1,0
14437,2,0,1,0
14440,2,0,1,0
14445,2,0,0,0
14449,2,0,0,0
14457,2,1,0,0
14471,2,0,0,0
14474,1,1,0,0
14479,2,0,1,0
14482,2,0,0,0
14492,2,0,0,0
14498,2,0,1,0
14611,2,0,1,0
14618,0,0,1,0
14645,2,1,0,0
14665,2,0,0,0
14706,2,1,0,0
14708,2,0,1,0
14719,2,1,0,0
14734,2,0,1,0
14740,2,0,1,0
14743,2,0,1,0
14748,2,0,1,0
14751,2,1,1,0
14796,2,0,1,0
14798,2,0,1,0
14853,2,0,0,0
14880,2,0,1,0
14915,2,0,0,0
14917,2,0,0,0
14940,2,0,1,0
14948,2,0,1,0
14951,0,0,1,0
14955,2,0,1,0
14969,2,0,1,0
14970,2,1,1,0
14996,2,0,1,0
15001,2,0,0,0
15015,2,0,0,0
15027,2,0,1,0
15052,2,0,1,0
15071,2,0,1,0
15127,2,0,1,0
15145,0,0,1,0
15154,2,0,1,0
15159,1,1,0,0
15162,2,0,1,0
15202,2,0,0,0
15227,2,0,1,0
15233,2,0,0,0
15251,2,1,0,0
15253,2,0,0,0
15263,1,1,1,0
15299,2,0,1,0
15357,2,0,1,0
15366,2,0,1,0
15405,2,1,0,0
15409,1,1,0,0
15421,2,0,1,0
15451,2,0,1,0
15457,2,0,1,0
15459,2,0,1,0
15478,2,0,1,0
15528,1,0,0,0
15546,2,0,1,0
15551,2,0,1,0
15570,2,0,1,0
15585,2,0,0,0
15601,2,0,1,0
15625,2,0,1,0
15635,2,0,0,0
15655,2,0,1,0
15667,2,0,0,0
15725,2,0,1,0
15731,2,0,0,0
15733,2,0,1,0
15747,1,1,1,0
15749,2,0,1,0
15787,2,0,1,0
15798,2,1,0,0
15819,2,0,1,0
15867,2,0,1,0
15911,2,0,0,0
15923,2,0,1,0
15952,2,0,1,0
15957,1,1,0,0
15966,2,0,1,0
16006,2,0,1,0
16014,2,0,1,0
16017,1,1,0,0
16042,2,0,1,0
16059,2,0,0,0
16089,1,1,1,0
16119,2,0,1,0
16120,2,0,1,0
16159,2,0,1,0
16168,2,1,0,0
16170,1,1,0,0
16173,2,0,1,0
16182,0,0,1,0
16187,1,1,0,0
16212,2,0,1,0
16216,2,0,0,0
16242,2,0,0,0
16274,2,0,1,0
16301,2,0,1,0
16386,2,0,1,0
16396,2,0,1,0
16440,2,0,1,0
16467,2,0,0,0
16470,2,0,0,0
16476,2,0,1,0
16528,2,0,0,0
16535,1,1,1,0
16569,2,1,1,0
16570,1,1,0,0
16630,2,0,1,0
16679,2,1,1,0
16690,2,0,1,0
16708,2,0,1,0
16716,2,0,1,0
16764,2,1,0,0
16775,2,0,1,0
16791,2,0,1,0
16798,2,1,1,0
16817,2,0,1,0
16851,2,0,1,0
16879,2,0,1,0
16917,2,0,1,0
16918,2,0,1,0
16921,2,0,1,0
16957,2,0,0,0
16959,2,0,1,0
16987,2,0,0,0
17008,2,0,1,0
17014,2,0,0,0
17024,2,0,1,0
17035,2,0,0,0
17058,1,1,0,0
17066,1,1,0,0
17072,1,1,1,-1
17074,2,1,0,0
17100,1,1,1,0
17129,2,0,0,0
17137,1,1,0,0
17162,2,0,0,0
17174,2,0,1,0
17221,2,0,0,0
17262,2,0,1,0
17295,2,0,1,0
17299,2,0,1,0
17306,2,0,1,0
17377,2,0,0,0
17384,1,1,0,0
17386,2,0,1,0
17416,2,0,0,0
17430,2,0,1,0
17446,2,0,1,0
17465,2,0,1,0
17474,2,0,0,0
17505,2,0,0,0
17514,2,0,0,0
17570,2,0,1,0
17572,0,1,1,0
17577,2,0,0,0
17601,2,0,1,0
17610,2,0,1,0
17616,2,1,1,0
17678,2,0,1,0
17698,1,1,0,0
17702,2,0,1,0
17706,2,0,1,0
17751,2,0,1,0
17770,1,1,1,0
17807,2,0,1,0
17818,2,1,1,0
17844,2,0,1,0
17854,2,1,1,0
17870,2,0,0,0
17906,2,0,0,0
17916,1,1,0,0
17918,1,1,0,0
17919,2,0,1,0
17953,0,0,1,0
17964,2,0,1,0
17965,2,0,1,0
17975,2,0,1,0
17977,2,0,1,0
17978,2,0,0,0
18048,2,0,0,0
18053,2,0,1,0
18062,2,0,1,0
18099,1,1,0,0
18111,1,1,1,0
18159,2,0,0,0
18203,2,1,0,0
18215,2,0,0,0
18218,0,0,1,0
18220,2,0,0,0
18279,2,0,1,0
18330,1,1,0,0
18353,2,0,1,0
18384,2,0,0,0
18399,2,0,1,0
18408,2,0,0,0
18433,2,0,1,0
18450,2,1,1,0
18468,2,0,1,0
18499,2,0,1,0
18506,1,1,0,0
18514,2,0,0,0
18551,2,0,1,0
18560,2,0,1,0
18562,2,0,1,0
18616,2,0,0,0
18673,2,0,1,0
18732,1,1,0,0
18737,2,0,1,0
18752,2,0,1,0
18762,1,1,0,0
18777,2,1,1,0
18778,1,1,0,0
18785,2,0,1,0
18790,1,1,0,0
18800,2,0,0,0
18804,2,0,1,0
18808,2,1,1,0
18809,2,0,1,0
18810,2,1,0,0
18820,2,0,1,0
18921,2,0,1,0
18922,2,1,1,0
18937,2,0,1,0
18942,2,1,1,0
18988,2,1,1,0
19007,2,0,1,0
19020,2,0,1,0
19052,2,0,1,0
19062,2,0,1,0
19078,2,0,1,0
19082,0,2,1,0
19094,2,0,1,0
19114,2,0,1,0
19175,2,0,0,0
19178,2,0,0,0
19192,2,0,1,0
19198,2,0,0,0
19202,2,0,1,0
19203,1,1,0,0
19216,2,0,1,0
19217,2,0,0,0
19223,2,0,1,0
19243,2,0,1,0
19258,2,0,1,0
19270,2,1,1,0
19275,0,0,1,0
19298,2,0,1,0
19302,2,1,1,0
19308,2,0,1,0
19331,2,0,1,0
19337,2,0,0,0
19338,2,0,1,0
19350,2,0,1,0
19359,1,1,0,0
19362,0,0,1,0
19399,2,0,1,0
19416,2,0,1,0
19417,2,0,1,0
19437,1,0,0,0
19447,2,0,1,0
19508,2,0,1,0
19528,2,0,1,0
19540,2,0,0,0
19573,2,0,1,0
19587,2,0,0,0
19593,2,0,0,0
19596,1,1,0,0
19604,2,0,1,0
19650,2,0,0,0
19651,2,0,0,0
19673,2,0,0,0
19726,2,0,1,0
19727,2,0,1,0
19743,1,1,0,0
19746,2,0,0,0
19786,2,0,1,0
19829,2,0,1,0
19895,2,0,0,0
19908,2,0,0,0
19913,2,0,1,0
19917,2,0,0,0
19947,2,0,1,0
19964,2,0,1,0
19978,2,0,0,0
19980,1,1,1,0
20055,1,1,0,0
20059,2,0,0,0
20064,2,0,1,0
20071,2,0,0,0
20072,0,2,0,0
20077,2,0,1,0
20101,2,0,1,0
20105,2,0,0,0
20114,1,1,0,0
20135,2,0,1,0
20156,2,0,0,0
20176,2,1,0,0
20189,2,0,0,0
20220,2,0,1,0
20224,2,0,0,0
20241,2,0,1,0
20252,2,0,1,0
20280,1,1,0,0
20281,1,1,0,0
20351,2,0,1,0
20389,2,0,1,0
20394,2,0,1,0
20398,2,0,1,0
20399,2,1,1,0
20403,2,0,0,0
20453,1,0,1,0
20469,1,1,0,0
20498,2,0,1,0
20534,2,0,1,0
20543,2,0,1,0
20559,2,0,0,0
20565,2,0,1,0
20573,1,1,1,0
20592,1,1,0,0
20601,2,0,1,0
20631,1,1,0,0
20648,2,0,1,0
20682,1,1,0,0
20718,1,1,0,0
20746,1,1,0,0
20754,1,1,0,0
20781,1,1,0,0
20801,2,0,1,0
20824,2,0,0,0
20891,2,0,0,0
20900,2,0,1,0
20907,2,0,0,0
20910,2,0,1,0
20946,2,0,0,0
20960,1,1,1,0
20962,2,0,1,0
21041,2,0,1,0
21049,2,0,0,0
21086,2,0,1,0
21113,2,0,1,0
21125,2,0,1,0
21143,0,0,1,0
21162,2,0,0,0
21175,1,1,0,0
21201,1,1,0,0
21253,2,0,1,0
21279,2,0,0,0
21298,2,0,1,0
21316,2,0,0,0
21331,2,0,0,0
21337,2,0,0,0
21359,2,0,1,0
21383,2,0,1,0
21389,2,0,1,0
21392,2,1,0,0
21393,2,0,1,0
21394,2,1,0,0
21395,2,0,1,0
21398,2,0,1,0
21405,1,0,0,0
21423,2,0,0,0
21439,2,0,1,0
21534,2,0,0,0
21571,2,0,0,0
21628,2,0,0,0
21634,1,1,0,0
21640,2,0,1,0
21643,2,0,1,0
21655,0,2,1,0
21657,2,0,0,0
21665,1,0,0,0
21704,2,0,1,0
21712,0,2,1,0
21717,2,0,1,0
21740,1,1,0,0
21775,2,0,1,0
21794,2,0,0,0
21804,2,1,0,0
21812,1,1,0,0
21817,2,0,1,0
21829,1,1,0,0
21848,2,0,1,0
21850,2,0,0,0
21854,2,0,1,0
21862,2,0,0,0
21868,2,0,1,0
21871,1,1,0,0
21888,2,0,1,0
21889,1,1,0,0
21917,1,1,0,0
21930,2,0,0,0
21940,2,0,0,0
21948,2,1,1,0
21999,2,0,0,0
22005,2,0,1,0
22023,2,0,1,0
22051,0,0,1,0
22060,2,0,0,0
22062,2,0,1,0
22100,2,0,1,0
22111,2,0,1,0
22115,1,1,0,0
22161,2,0,1,0
22167,2,0,1,0
22168,2,0,1,0
22172,2,0,0,0
22176,2,0,0,0
22181,2,0,1,0
22214,2,0,1,0
22220,2,0,1,0
22226,2,1,0,0
22254,1,1,0,0
22269,2,0,1,0
22278,1,0,0,0
22286,2,0,0,0
22298,2,0,1,0
22338,2,0,0,0
22345,2,0,1,0
22355,2,0,1,0
22373,2,0,1,0
22389,2,1,0,0
22390,2,0,1,0
22417,1,1,0,0
22439,2,0,0,0
22443,2,0,1,0
22460,2,0,0,0
22485,2,0,1,0
22504,2,0,0,0
22508,2,0,1,0
22512,1,1,0,0
22527,1,0,0,0
22537,2,0,0,0
22552,2,0,0,0
22561,2,0,0,0
22596,1,1,0,0
22623,2,0,1,0
22637,2,0,1,0
22670,1,1,0,0
22679,2,0,1,0
22696,2,0,1,0
22728,2,0,0,0
22756,2,0,0,0
22819,2,0,1,0
22856,2,0,0,0
22866,2,0,0,0
22874,0,0,1,0
22877,0,0,1,0
22878,2,0,1,0
22880,2,1,0,0
22899,2,0,0,0
22920,2,0,1,0
22937,2,0,1,0
22945,0,0,1,0
22957,2,0,0,0
23000,2,0,0,0
23010,1,1,1,0
23014,2,0,1,0
23139,2,0,1,0
23167,2,0,0,0
23181,2,0,1,0
23194,2,0,1,0
23266,1,1,1,0
23270,2,1,0,0
23295,2,0,1,0
23298,2,0,0,0
23309,2,1,0,0
23317,2,0,1,0
23332,2,0,1,0
23363,2,0,1,0
23385,2,0,1,0
23407,1,1,0,0
23451,2,0,1,0
23453,2,0,1,0
23455,2,0,0,0
23464,2,0,1,0
23465,2,0,1,0
23483,2,0,1,0
23496,1,0,0,0
23499,1,1,0,0
23517,2,1,0,0
23539,1,1,0,0
23550,2,0,1,0
23568,1,1,1,0
23599,2,0,1,0
23600,2,0,1,0
23604,2,0,1,0
23638,2,0,1,0
23646,2,1,0,0
23664,2,0,1,0
23685,2,0,1,0
23688,1,1,1,0
23706,2,0,1,0
23708,2,0,0,0
23709,2,0,1,0
23711,2,0,0,0
23743,0,1,0,0
23770,1,0,0,0
23820,2,0,1,0
23836,2,1,1,0
23850,2,0,1,0
23872,1,1,0,0
23951,2,0,1,0
23959,1,1,0,0
23966,2,0,0,0
23975,2,0,1,0
23989,2,0,1,0
23997,2,0,1,0
24004,2,0,1,0
24030,2,0,1,0
24033,2,0,1,0
24036,2,0,1,0
24052,2,0,0,0
24057,2,0,1,0
24059,2,0,1,0
24076,2,0,1,0
24097,2,0,1,0
24125,2,1,1,0
24136,1,1,0,0
24139,1,0,0,0
24152,1,1,1,0
24161,0,0,1,0
24169,2,0,0,0
24182,2,0,1,0
24202,2,0,1,0
24270,2,0,0,0
24276,1,1,0,0
24338,2,0,1,0
24345,2,0,1,0
24354,2,0,1,0
24358,1,1,0,0
24379,2,0,1,0
24386,1,0,0,0
24403,2,0,1,0
24406,2,1,1,0
24429,2,0,1,0
24431,1,1,0,0
24469,2,0,1,0
24486,1,1,0,-1
24501,1,1,0,0
24513,2,0,1,0
24519,2,0,1,0
24536,2,0,1,0
24546,2,0,0,0
24547,1,1,1,0
24562,0,0,1,0
24607,0,0,1,0
24615,2,1,0,0
24618,2,0,1,0
24666,1,1,0,0
24667,2,0,1,0
24698,2,0,1,0
24706,2,0,1,0
24707,2,0,1,0
24738,2,0,1,0
24773,2,0,0,0
24779,2,0,0,0
24780,1,0,0,0
24791,2,0,1,0
24833,2,0,0,0
24835,1,1,1,0
24850,2,0,0,0
24866,0,2,1,0
24889,2,0,1,0
24890,2,0,1,0
24912,2,0,1,0
24940,2,0,1,0
24941,2,0,0,0
24942,2,0,0,0
24943,1,1,0,0
24953,2,1,0,0
24978,2,0,0,0
24990,2,0,0,0
24999,2,0,1,0
25003,2,0,1,0
25037,2,0,1,0
25057,2,0,1,0
25111,2,0,1,0
25112,2,0,0,0
25140,2,0,1,0
25181,1,1,0,0
25221,2,0,0,0
25291,2,0,0,0
25311,2,0,1,0
25324,1,1,0,0
25356,2,0,1,0
25372,1,1,0,0
25424,2,0,0,0
25449,2,1,1,0
25476,2,0,0,0
25526,1,1,1,0
25530,2,0,1,0
25543,2,0,1,0
25555,1,1,0,0
25570,1,1,0,0
25598,2,0,1,0
25609,0,0,1,0
25616,2,0,1,0
25641,2,0,1,0
25662,2,0,1,0
25685,0,2,1,-1
25694,2,0,0,0
25707,2,0,1,0
25708,2,0,1,0
25712,1,1,1,0
25753,1,1,0,0
25756,2,0,1,0
25762,2,0,1,0
25780,2,0,1,0
25787,2,0,1,0
25819,1,1,0,0
25823,2,0,0,0
25827,1,1,0,0
25841,2,0,1,0
25865,2,0,1,0
25866,2,0,1,0
25872,2,0,1,0
25883,2,0,1,0
25894,2,1,0,0
25902,2,0,0,0
25912,2,0,1,0
25936,2,0,0,0
25959,1,1,0,0
25993,0,0,1,0
26000,1,1,0,0
26017,2,0,0,0
26056,2,0,1,0
26080,2,0,1,0
26109,2,0,0,0
26146,1,1,0,0
26149,2,1,0,0
26168,2,0,1,0
26187,1,1,0,0
26193,2,0,1,0
26224,2,0,1,0
26248,2,0,1,0
26260,1,1,1,-1
26266,2,0,1,0
26280,2,0,0,0
26289,2,0,1,0
26290,2,0,1,0
26293,2,0,0,0
26307,2,0,0,0
26324,2,0,1,0
26416,2,0,0,0
26427,2,0,1,0
26436,2,0,1,0
26458,2,0,0,0
26462,1,1,0,0
26479,2,0,1,0
26482,2,0,0,0
26483,2,0,0,0
26498,2,0,1,0
26503,2,1,0,0
26504,2,0,1,0
26534,2,0,0,0
26554,1,1,0,0
26605,2,1,1,0
26623,1,1,0,0
26635,2,0,1,0
26642,2,0,1,0
26685,2,0,0,0
26686,1,1,0,0
26713,2,0,1,0
26748,2,0,0,0
26770,1,1,0,0
26793,2,1,1,0
26816,2,0,1,0
26824,2,0,1,0
26887,2,0,1,0
26892,2,0,1,0
26905,1,1,0,0
26912,2,0,0,0
26943,2,0,0,0
26979,2,0,0,0
26986,2,0,0,0
26990,1,1,0,0
27002,2,0,1,0
27003,2,0,1,0
27039,2,0,0,0
27057,2,1,1,0
27059,2,0,1,0
27078,2,0,1,0
27079,2,0,1,0
27103,2,1,1,0
27146,1,1,0,0
27156,2,0,1,0
27159,2,0,1,0
27175,1,0,0,0
27187,1,1,0,0
27206,1,1,1,0
27215,2,0,0,0
27223,1,1,0,0
27230,2,0,1,0
27237,2,0,1,0
27240,2,0,1,0
27254,1,1,1,0
27276,1,1,1,0
27327,2,1,1,0
27363,2,0,1,0
27370,2,0,1,0
27383,2,0,1,0
27408,2,1,1,0
27416,2,0,1,0
27418,2,0,1,0
27431,2,0,1,0
27450,2,0,1,0
27454,2,0,1,0
27474,2,0,1,0
27513,1,1,0,0
27517,2,0,1,0
27526,2,0,0,0
27531,2,0,0,0
27533,1,1,0,0
27539,2,1,0,0
27546,2,0,1,0
27573,1,1,0,0
27584,2,0,1,0
27599,2,0,0,0
27638,2,0,1,0
27657,2,0,0,0
27660,1,1,0,0
27708,2,0,0,0
27793,1,1,0,0
27797,2,0,0,0
27847,2,0,1,0
27881,1,1,0,0
27901,2,1,1,0
27903,1,1,0,0
27918,2,0,1,0
27924,1,0,0,0
27929,2,0,1,0
27936,2,0,0,0
27942,2,1,1,0
27959,2,0,1,0
27971,2,0,1,0
27989,2,0,0,0
28009,2,0,1,0
28022,2,0,1,0
28023,2,0,1,0
28034,2,0,1,0
28054,2,0,1,0
28057,2,0,0,0
28114,2,0,0,0
28128,2,0,0,0
28136,2,0,1,0
28151,2,0,1,0
28178,2,0,1,0
28183,1,1,1,0
28195,2,0,0,0
28196,2,0,1,0
28217,2,0,0,0
28218,2,0,0,0
28220,2,0,1,0
28229,2,1,1,0
28231,2,0,1,0
28240,2,1,1,0
28256,2,0,0,0
28264,2,0,0,0
28281,2,0,1,0
28295,2,0,0,0
28300,2,0,0,0
28301,1,1,0,-1
28341,2,0,1,0
28357,2,1,1,0
28366,2,0,1,0
28376,2,0,1,0
28400,2,0,0,0
28401,2,0,1,0
28406,2,0,1,0
28412,1,1,0,0
28413,2,0,1,0
28424,2,0,1,0
28428,2,1,0,0
28459,2,0,1,0
28469,1,1,0,0
28471,2,0,1,0
28473,2,0,0,0
28478,1,1,1,0
28496,2,0,0,0
28511,2,0,0,0
28515,1,1,1,0
28523,1,1,0,0
28538,2,0,1,0
28549,2,0,1,0
28560,1,1,0,0
28577,2,0,1,0
28597,1,1,0,0
28600,2,0,1,0
28616,1,1,0,0
28624,2,0,1,0
28631,2,0,1,0
28636,1,1,0,0
28729,1,1,0,0
28735,2,0,1,0
28736,2,0,1,0
28762,2,0,1,0
28763,2,0,1,0
28767,2,0,1,0
28780,2,0,1,0
28806,1,1,1,-1
28837,2,0,1,0
28840,1,1,0,0
28849,2,0,0,0
28851,2,0,1,0
28881,2,1,0,0
28884,1,1,1,0
28902,1,1,0,0
28905,2,0,1,0
28912,2,1,1,0
28944,2,0,0,0
28959,2,0,0,0
28998,2,0,0,0
29038,2,0,1,0
29074,2,0,1,0
29078,2,0,0,0
29088,2,0,0,0
29107,2,0,1,0
29177,2,0,0,0
29185,2,0,1,0
29240,2,0,1,0
29244,2,0,1,0
29260,2,0,1,0
29270,2,0,1,0
29271,2,0,1,0
29272,2,0,0,0
29284,1,1,1,0
29304,2,0,1,0
29398,2,0,1,0
29412,0,0,1,0
29441,2,0,1,0
29442,2,0,1,0
29457,2,0,0,0
29462,2,0,1,0
29493,2,0,0,0
29531,1,1,0,-1
29539,2,0,1,0
29547,2,0,1,0
29592,2,0,1,0
29594,2,0,0,0
29619,2,0,1,0
29620,2,0,0,0
29627,1,1,0,0
29665,1,1,0,0
29671,2,0,0,0
29673,2,0,1,0
29674,2,0,0,0
29701,2,0,1,0
29736,2,0,0,0
29753,0,2,1,-1
29772,2,0,1,0
29777,2,1,0,0
29783,2,0,0,0
29798,2,0,1,0
29808,2,0,1,0
29829,2,0,1,0
29832,2,0,1,0
29839,2,0,1,0
29861,2,0,0,0
29869,2,0,1,0
29910,2,0,1,0
29935,2,1,1,0
29960,2,0,0,0
29988,2,0,1,0
29990,2,0,1,0
29993,1,1,0,0
29997,2,1,1,0
30006,2,0,1,0
30035,1,1,1,0
30047,1,1,0,0
30053,2,0,1,0
30088,2,0,1,0
30105,1,0,0,0
30106,1,1,0,0
30115,2,0,1,0
30123,2,0,1,0
30175,2,0,0,0
30186,2,0,0,0
30218,2,0,0,0
30267,1,1,0,0
30274,2,0,1,0
30287,2,0,1,0
30288,2,0,1,0
30294,2,0,1,0
30304,2,0,1,0
30339,1,0,0,0
30341,2,0,0,0
30349,2,0,0,0
30366,2,0,1,0
30385,2,0,1,0
30390,0,0,1,0
30397,2,0,1,0
30400,2,0,1,0
30411,1,1,0,0
30423,2,0,1,0
30432,2,0,1,0
30435,1,0,0,0
30459,2,1,1,0
30487,2,0,1,0
30489,2,0,1,0
30507,1,1,0,0
30556,1,1,1,0
30579,2,0,0,0
30593,2,0,1,0
30615,2,0,1,0
30616,1,1,0,0
30649,2,0,1,0
30674,0,2,1,0
30743,1,1,0,0
30784,2,0,1,0
30795,2,0,1,0
30867,2,0,1,0
30889,0,0,1,0
30909,2,0,0,0
30952,2,0,1,0
30969,2,0,1,0
30986,2,0,0,0
31001,2,0,1,0
31009,2,1,1,0
31033,2,0,1,0
31042,2,0,1,0
31051,2,0,0,0
31064,0,2,1,0
31066,1,1,0,0
31068,2,0,1,0
31142,2,0,1,0
31162,2,0,1,0
31164,2,0,1,0
31171,1,1,0,0
31203,2,0,1,0
31231,2,0,1,0
31233,2,0,0,0
31266,1,1,0,0
31301,2,0,1,0
31313,2,0,1,0
31349,2,0,1,0
31386,1,1,0,0
31406,1,0,0,0
31423,2,0,1,0
31427,2,0,1,0
31434,2,0,0,0
31481,2,0,0,0
31524,1,1,0,0
31526,2,0,1,0
31528,1,1,0,0
31541,1,0,1,0
31543,2,0,1,0
31546,2,1,0,0
31549,2,0,1,0
31588,2,0,0,0
31611,2,0,1,0
31632,1,1,0,0
31641,2,0,1,0
31708,0,0,1,0
31749,2,1,1,0
31765,2,1,1,0
31802,2,0,1,0
31826,2,0,0,0
31827,2,0,0,0
31844,2,0,1,0
31864,2,0,1,0
31888,2,0,0,0
31906,1,1,1,0
31918,2,0,1,0
31921,2,0,1,0
31926,2,0,0,0
31945,2,0,1,0
31967,2,0,1,0
31968,1,1,0,0
31976,2,0,1,0
31978,2,0,1,0
32013,0,0,1,0
32018,0,2,1,-1
32039,2,0,1,0
32052,2,0,1,0
32054,2,0,0,0
32055,2,0,1,0
32066,1,1,1,0
32073,2,0,1,0
32100,2,0,1,0
32120,2,1,0,0
32127,2,0,1,0
32131,2,1,0,0
32136,2,0,1,0
32139,2,0,0,0
32153,2,0,1,0
32156,2,0,0,0
32166,2,0,1,0
32167,2,1,0,0
32174,2,0,1,0
32191,1,1,0,0
32215,2,0,1,0
32228,1,0,0,0
32234,2,0,0,0
32244,2,0,1,0
32247,2,0,0,0
32263,1,1,1,0
32266,0,0,1,0
32281,2,0,1,0
32289,2,0,1,0
32341,2,0,1,0
32354,2,0,0,0
32388,1,1,0,0
32390,2,0,1,0
32406,1,1,0,0
32408,2,0,1,0
32437,2,1,0,0
32453,2,0,1,0
32454,2,0,1,0
32467,2,0,0,0
32469,2,1,1,0
32477,2,0,0,0
32509,2,0,0,0
32554,2,0,1,0
32555,2,0,1,0
32567,1,1,0,0
32579,2,0,1,0
32581,2,0,0,0
32598,2,0,0,0
32613,2,0,0,0
32619,2,0,1,0
32646,2,0,0,0
32655,2,1,1,0
32665,2,0,1,0
32673,2,0,1,0
32677,2,0,1,0
32711,2,0,1,0
32713,2,0,1,0
32720,2,0,0,0
32738,2,0,0,0
32741,2,0,1,0
32753,2,0,0,0
32765,2,0,1,0
32771,2,1,1,0
32777,2,0,1,0
32779,2,1,1,0
32833,2,0,1,0
32835,2,0,1,0
32881,2,0,1,0
32893,2,0,0,0
32896,2,0,0,0
32904,2,0,1,0
32907,2,0,1,0
32919,2,0,1,0
32968,1,1,0,0
32976,2,0,1,0
33055,1,1,0,0
33084,1,1,0,0
33089,2,0,1,0
33090,2,0,1,0
33095,2,0,1,0
33105,2,0,0,0
33119,2,1,1,0
33134,2,0,0,0
33135,2,0,0,0
33149,2,0,1,0
33152,2,0,0,0
33176,2,0,1,0
33206,0,0,1,0
33213,1,1,0,0
33224,2,0,0,0
33273,2,0,1,0
33287,2,0,1,0
33347,1,1,0,0
33415,2,0,0,0
33462,2,0,1,0
33528,2,0,1,0
33540,1,1,0,0
33547,2,0,1,0
33554,1,1,0,0
33569,2,0,1,0
33592,1,1,0,0
33595,2,0,1,0
33634,2,0,1,0
33649,2,0,1,0
33666,2,0,1,0
33702,2,0,1,0
33715,2,0,1,0
33728,2,0,0,0
33752,2,0,1,0
33753,1,1,0,0
33774,2,0,1,0
33813,2,0,1,0
33863,2,0,1,0
33900,2,0,1,0
33912,2,0,1,0
33916,2,0,1,0
33960,2,0,1,0
33966,2,0,1,0
34031,1,0,1,0
34071,1,1,0,0
34142,2,0,1,0
34171,2,0,1,0
34184,2,0,1,0
34209,2,0,1,0
34232,2,0,1,0
34252,2,1,1,0
34297,2,0,0,0
34298,2,0,1,0
34311,2,0,1,0
34316,2,1,1,0
34324,2,0,0,0
34333,2,0,1,0
34359,2,0,1,0
34365,1,1,0,0
34380,1,1,0,0
34401,2,0,0,0
34413,2,0,0,0
34473,1,1,1,0
34476,2,0,1,0
34484,2,0,1,0
34497,2,0,1,0
34498,2,0,1,0
34506,2,0,1,0
34530,2,0,1,0
34531,2,0,1,0
34549,2,1,0,0
34560,2,0,1,0
34575,2,0,0,0
34593,2,0,1,0
34607,1,1,0,0
34612,1,1,0,0
34638,2,0,0,0
34651,2,0,1,0
34663,2,0,0,0
34668,2,0,0,0
34669,2,0,1,0
34729,2,0,1,0
34730,2,0,0,0
34756,2,1,0,0
34795,2,0,1,0
34826,2,0,1,0
34834,2,1,0,0
34837,2,0,1,0
34856,2,1,0,0
34886,1,1,1,0
34916,2,0,0,0
34927,2,0,1,0
34930,2,0,1,0
34933,1,1,0,0
34935,2,0,0,0
34936,2,0,0,0
34961,1,1,1,0
34968,2,0,1,0
35004,2,0,1,0
35039,1,1,1,0
35046,2,0,1,0
35047,2,0,1,0
35168,2,0,1,0
35181,2,0,0,0
35199,2,0,0,0
35210,2,0,0,0
35213,2,1,0,0
35217,2,0,1,0
35230,2,0,0,0
35239,0,0,1,0
35275,2,0,1,0
35298,2,0,1,0
35384,1,1,0,0
35394,2,0,1,0
35447,2,0,1,0
35458,2,0,1,0
35466,2,0,1,0
35475,2,0,0,0
35494,2,0,0,0
35504,2,0,1,0
35556,2,0,1,0
35564,2,0,1,0
35578,2,1,0,0
35590,2,1,1,0
35616,2,0,1,0
35617,2,0,0,0
35620,2,1,0,0
35632,2,0,1,0
35641,1,1,0,0
35664,2,0,1,0
35699,1,1,0,0
35738,1,1,1,-1
35753,2,0,0,0
35766,1,1,0,0
35800,2,0,0,0
35852,2,0,1,0
35869,1,1,1,0
35874,2,0,1,0
35876,2,0,1,0
35919,2,0,0,0
35945,2,0,1,0
35970,0,2,1,-1
35972,2,0,1,0
35973,2,0,1,0
35988,2,0,0,0
35998,2,0,0,0
36040,2,0,1,0
36064,1,1,0,0
36072,2,0,1,0
36110,1,0,1,0
36115,2,0,1,0
36121,2,0,1,0
36122,2,0,1,0
36123,2,0,1,0
36133,2,0,0,0
36159,2,0,1,0
36179,1,1,0,0
36196,2,0,0,0
36211,2,0,1,0
36215,2,0,0,0
36234,2,0,1,0
36252,1,1,0,0
36257,2,0,0,0
36262,1,1,0,0
36265,0,2,1,0
36328,2,0,0,0
36386,2,0,1,0
36423,2,0,1,0
36433,2,0,1,0
36443,2,0,0,0
36463,1,1,0,0
36481,2,0,1,0
36503,2,0,1,0
36508,0,0,1,0
36563,2,0,1,0
36565,2,0,0,0
36573,1,1,0,0
36576,2,0,1,0
36630,2,0,1,0
36632,2,0,0,0
36633,2,0,1,0
36649,2,0,1,0
36686,2,0,1,0
36724,2,0,0,0
36741,2,0,1,0
36782,2,0,0,0
36806,2,0,0,0
36816,2,0,1,0
36818,2,0,1,0
36845,2,1,1,0
36860,2,0,1,0
36863,2,0,1,0
36877,2,0,1,0
36882,2,0,1,0
36886,2,0,0,0
36892,2,0,1,0
36923,1,1,0,0
36946,2,0,1,0
36949,2,1,1,0
36955,2,0,1,0
36969,2,0,1,0
36971,2,0,1,0
36977,2,0,1,0
36997,2,0,0,0
37004,2,0,0,0
37063,2,0,0,0
37064,2,0,1,0
37065,2,0,0,0
37074,2,0,1,0
37076,2,0,0,0
37082,2,0,1,0
37083,1,1,0,0
37091,2,0,1,0
37093,1,1,0,0
37095,2,0,1,0
37102,2,0,1,0
37140,2,0,0,0
37145,2,1,0,0
37146,2,0,1,0
37170,2,0,1,0
37181,2,0,1,0
37191,1,1,1,0
37199,2,0,1,0
37254,2,0,1,0
37267,2,0,1,0
37271,2,0,1,0
37288,2,0,1,0
37290,1,1,0,0
37303,2,0,0,0
37326,2,0,1,0
37349,1,1,0,0
37350,1,0,1,0
37373,2,0,0,0
37421,2,0,1,0
37433,2,0,1,0
37447,2,0,0,0
37502,2,0,1,0
37512,2,0,1,0
37545,2,0,1,0
37546,2,0,1,0
37547,2,0,1,0
37584,2,0,0,0
37586,1,1,0,0
37630,2,0,1,0
37637,2,0,1,0
37658,2,0,1,0
37664,2,0,1,0
37666,2,1,0,0
37685,2,0,0,0
37697,2,0,0,0
37699,2,0,1,0
37702,0,0,1,0
37704,1,1,0,0
37753,2,0,0,0
37756,2,0,1,0
37777,0,0,0,0
37813,1,1,0,0
37819,2,0,0,0
37820,2,0,1,0
37836,2,0,0,0
37841,2,0,1,0
37905,2,0,0,0
37924,2,0,0,0
37956,2,0,0,0
37973,2,0,1,0
37988,2,0,1,0
38003,1,1,0,0
38019,2,0,0,0
38031,2,0,0,0
38033,2,0,1,0
38036,2,0,1,0
38064,2,0,1,0
38081,2,0,0,0
38143,2,0,1,0
38234,1,1,0,0
38237,2,0,1,0
38283,2,0,1,0
38288,1,1,0,0
38321,2,0,0,0
38331,2,0,1,0
38359,2,0,0,0
38407,2,0,1,0
38448,2,0,0,0
38461,2,0,1,0
38484,2,0,1,0
38523,2,0,0,0
38544,0,0,1,0
38593,0,2,1,0
38611,2,0,1,0
38626,2,0,0,0
38668,2,1,0,0
38670,2,0,1,0
38679,2,0,1,0
38683,2,1,1,0
38698,1,1,0,0
38702,1,1,0,0
38718,2,0,1,0
38719,2,0,0,0
38759,2,0,1,0
38765,2,0,1,0
38769,2,0,1,0
38792,1,1,1,-1
38795,2,0,1,0
38806,2,0,1,0
38838,2,0,0,0
38860,1,1,0,0
38865,2,0,1,0
38897,2,0,0,0
38908,2,1,1,0
38949,2,0,1,0
39031,2,0,0,0
39044,2,0,1,0
39084,2,0,1,0
39085,2,0,1,0
39108,2,0,1,0
39113,2,0,0,0
39166,2,0,1,0
39175,2,0,1,0
39199,2,0,1,0
39205,2,0,0,0
39245,2,0,0,0
39270,2,0,1,0
39281,2,0,1,0
39293,2,0,1,0
39294,2,0,0,0
39308,2,0,0,0
39316,1,1,1,0
39333,2,1,0,0
39358,2,0,1,0
39381,2,1,0,0
39415,2,0,0,0
39416,2,0,0,0
39429,1,1,1,0
39438,2,0,1,0
39444,2,0,1,0
39454,2,0,1,0
39484,2,0,0,0
39508,2,0,1,0
39530,2,0,1,0
39545,1,0,0,0
39557,2,0,1,0
39611,2,0,1,0
39673,1,1,0,0
39708,0,0,0,0
39730,1,1,0,0
39738,2,1,0,0
39742,2,0,1,0
39753,2,0,0,0
39771,2,0,1,0
39786,2,1,0,0
39788,2,0,1,0
39823,2,0,1,0
39881,2,0,1,0
39904,1,0,0,0
39926,2,0,1,0
39936,2,0,1,0
39967,1,1,0,0
39973,2,0,1,0
39974,2,0,1,0
39978,2,0,1,0
39994,2,0,0,0
40066,1,1,0,0
40071,2,0,1,0
40096,2,0,0,0
40114,2,1,1,0
40130,2,0,1,0
40131,2,0,1,0
40138,2,0,1,0
40147,2,0,0,0
40164,2,0,1,0
40187,2,0,1,0
40196,2,0,1,0
40207,1,1,0,0
40228,2,0,1,0
40229,2,0,1,0
40236,2,0,1,0
40239,1,1,0,0
40298,2,0,1,0
40313,2,1,0,0
40319,1,1,0,0
40321,2,0,1,0
40324,1,0,0,0
40344,2,0,1,0
40346,2,0,0,0
40352,2,0,1,0
40369,2,0,1,0
40384,2,0,0,0
40399,2,0,1,0
40415,2,0,0,0
40445,2,0,1,0
40450,2,0,1,0
40462,0,0,1,0
40481,1,1,0,0
40486,2,0,1,0
40517,2,0,1,0
40529,2,0,1,0
40536,2,0,0,0
40547,2,0,0,0
40551,2,0,0,0
40559,2,0,0,0
40572,2,0,1,0
40615,2,0,1,0
40684,2,0,1,0
40688,2,0,1,0
40746,1,1,0,0
40751,1,1,0,0
40792,2,0,1,0
40796,2,0,0,0
40810,2,0,1,0
40812,2,0,1,0
40838,2,0,0,0
40841,2,0,1,0
40863,2,0,0,0
40877,2,0,1,0
40898,2,0,1,0
40906,2,0,1,0
40954,2,0,1,0
40980,1,1,0,0
40987,2,0,1,0
40988,2,1,0,0
41004,0,0,1,0
41011,2,0,1,0
41031,2,0,1,0
41039,2,0,1,0
41073,0,0,1,0
41101,2,0,0,0
41103,2,0,1,0
41136,2,0,0,0
41147,1,1,0,-1
41167,2,0,1,0
41181,2,0,1,0
41183,2,0,1,0
41206,1,1,1,0
41230,2,0,0,0
41231,2,0,1,0
41238,2,0,0,0
41253,1,1,0,0
41269,2,0,0,0
41288,1,1,1,0
41294,2,0,1,0
41302,0,0,1,0
41321,2,0,0,0
41337,2,0,1,0
41352,2,1,1,0
41388,2,0,1,0
41392,2,0,1,0
41395,2,0,0,0
41405,1,1,0,0
41449,2,0,1,0
41463,2,0,1,0
41482,2,1,1,0
41486,2,0,1,0
41508,2,0,1,0
41566,2,0,1,0
41640,2,0,1,0
41670,1,1,0,0
41676,1,1,0,0
41702,2,0,0,0
41720,2,0,0,0
41768,2,0,0,0
41838,2,0,1,0
41877,1,1,1,0
41901,2,0,1,0
41925,1,1,0,0
41926,2,1,0,0
41943,0,0,1,0
41962,2,0,0,0
41987,2,0,0,0
41991,1,1,0,0
41998,0,0,1,0
42023,2,0,0,0
42027,2,0,0,0
42046,1,1,0,0
42054,2,0,1,0
42055,2,1,0,0
42086,2,0,1,0
42109,2,0,0,0
42118,1,1,1,0
42141,1,1,0,0
42155,2,0,0,0
42165,2,0,1,0
42185,2,0,0,0
42191,2,0,1,0
42194,2,0,1,0
42207,1,1,0,0
42297,2,0,1,0
42308,2,0,1,0
42348,2,0,1,0
42362,2,0,1,0
42365,2,0,1,0
42377,2,0,1,0
42398,2,0,0,0
42422,2,0,1,0
42442,1,1,0,0
42455,2,0,0,0
42475,2,0,0,0
42491,2,0,0,0
42503,0,2,1,0
42552,2,0,1,0
42562,2,0,0,0
42570,2,0,1,0
42571,2,0,1,0
42580,2,1,0,0
42590,0,0,1,0
42601,2,0,1,0
42615,2,0,1,0
42626,2,0,0,0
42635,2,1,0,0
42647,2,0,1,0
42672,1,1,0,0
42678,0,2,1,0
42683,2,0,1,0
42736,2,0,1,0
42758,2,0,1,0
42792,2,0,0,0
42796,2,0,1,0
42823,2,0,1,0
42826,2,0,0,0
42828,2,0,1,0
42853,2,0,1,0
42859,1,1,0,0
42861,2,0,1,0
42884,2,0,1,0
42889,2,0,1,0
42890,1,1,0,0
42908,1,1,0,0
42919,2,0,1,0
42922,2,0,1,0
42926,2,0,0,0
42939,2,0,1,0
42951,2,0,1,0
42958,2,0,1,0
42970,2,0,0,0
43016,2,0,0,0
43065,0,0,1,0
43076,2,0,1,0
43081,1,1,0,0
43089,2,1,1,0
43117,2,0,0,0
43128,2,0,1,0
43145,0,0,1,0
43212,0,0,1,0
43223,1,1,0,0
43233,2,0,1,0
43249,2,0,1,0
43328,2,0,1,0
43333,2,0,1,0
43380,2,0,0,0
43431,2,0,1,0
43508,2,1,1,0
43527,2,1,1,0
43554,2,0,0,0
43564,2,0,1,0
43601,2,0,1,0
43650,1,1,0,0
43658,2,0,1,0
43712,2,1,1,0
43713,0,2,1,-1
43716,0,0,1,0
43720,2,0,1,0
43771,0,2,1,0
43777,1,1,0,0
43786,2,0,1,0
43811,1,1,0,0
43824,2,0,1,0
43825,1,1,1,0
43827,2,0,1,0
43842,2,0,1,0
43872,1,1,0,0
43904,2,0,0,0
43913,2,0,0,0
43947,1,1,0,0
43981,1,1,0,0
43993,2,0,0,0
44002,2,0,1,0
44007,1,1,1,0
44017,2,0,1,0
44019,2,0,1,0
44021,1,1,1,0
44031,2,0,1,0
44057,1,1,0,0
44097,2,0,1,0
44101,2,0,0,0
44104,2,0,1,0
44169,2,0,1,0
44180,2,0,0,0
44190,2,0,1,0
44199,2,0,1,0
44206,2,0,0,0
44226,2,0,0,0
44260,2,0,0,0
44277,2,0,1,0
44336,2,0,1,0
44395,2,0,1,0
44396,2,0,1,0
44401,2,0,1,0
44421,2,0,0,0
44452,2,0,0,0
44491,2,0,1,0
44507,2,0,1,0
44532,2,1,1,0
44553,0,2,1,0
44555,1,1,0,0
44565,2,0,0,0
44571,2,0,1,0
44593,2,0,1,0
44625,0,0,1,0
44641,2,0,0,0
44646,2,0,1,0
44727,1,1,0,0
44744,2,0,0,0
44751,2,0,1,0
44784,1,1,0,0
44822,2,0,0,0
44831,0,0,1,0
44832,2,0,1,0
44878,1,1,0,0
44909,2,0,0,0
44965,2,0,1,0
44969,2,0,1,0
44970,2,0,1,0
44982,0,2,1,0
44996,2,0,1,0
45017,1,1,0,0
45033,2,0,1,0
45035,1,1,0,0
45043,2,0,1,0
45063,1,1,1,0
45066,1,1,0,0
45067,2,0,0,0
45068,2,0,1,0
45105,2,0,0,0
45114,0,0,1,0
45162,2,0,0,0
45163,1,1,0,0
45190,2,0,1,0
45224,2,0,0,0
45234,2,1,1,0
45244,2,0,0,0
45271,2,0,0,0
45273,2,0,0,0
45276,2,0,1,0
45295,2,0,0,0
45312,2,0,0,0
45368,2,0,1,0
45418,2,0,1,0
45452,2,0,1,0
45511,2,0,1,0
45533,2,0,1,0
45611,2,0,1,0
45616,2,0,1,0
45679,2,0,1,0
45684,2,0,1,0
45699,2,0,1,0
45704,1,0,0,0
45738,1,1,0,0
45742,0,0,0,0
45785,2,0,0,0
45823,2,0,1,0
45868,2,0,0,0
45889,1,1,0,0
45932,2,0,1,0
45934,2,0,0,0
45948,1,1,0,0
45952,2,0,1,0
45969,2,0,1,0
45974,1,1,0,0
45998,2,0,0,0
46002,2,0,1,0
46025,2,0,0,0
46033,2,0,0,0
46069,1,1,0,0
46072,2,1,0,0
46078,2,0,1,0
46079,1,0,1,0
46111,2,0,1,0
46159,1,0,0,0
46174,0,2,1,0
46177,2,1,1,0
46186,0,0,1,0
46203,2,0,1,0
46205,2,0,1,0
46249,2,0,1,0
46254,2,0,1,0
46281,2,1,1,0
46300,2,0,1,0
46310,0,0,0,0
46311,2,0,1,0
46377,2,0,1,0
46407,2,0,1,0
46410,2,0,0,0
46414,2,0,1,0
46422,1,1,0,0
46438,2,0,1,0
46474,2,0,1,0
46500,2,1,0,0
46503,1,0,0,0
46561,2,0,1,0
46607,2,0,0,0
46612,2,0,1,0
46663,2,0,1,0
46739,2,0,1,0
46757,2,0,1,0
46758,1,1,0,0
46760,2,0,1,0
46773,2,0,1,0
46787,2,0,1,0
46833,2,0,1,0
46850,2,0,0,0
46858,2,0,0,0
46867,2,1,1,0
46891,2,0,1,0
46918,1,1,1,0
46936,2,0,1,0
46971,2,0,1,0
46974,1,1,0,0
46978,2,0,1,0
46983,2,0,0,0
46993,2,0,1,0
47056,2,0,1,0
47067,1,1,0,0
47085,1,1,0,0
47155,2,0,1,0
47166,2,0,1,0
47182,1,1,0,0
47221,2,0,1,0
47236,2,0,1,0
47251,1,0,0,0
47325,2,0,0,0
47327,2,1,0,0
47352,2,0,0,0
47370,2,1,0,0
47394,2,0,1,0
47429,2,0,1,0
47445,2,0,0,0
47458,2,0,0,0
47462,2,0,1,0
47473,2,0,0,0
47486,2,0,1,0
47505,1,1,0,0
47552,0,1,1,0
47584,1,1,0,0
47594,2,0,1,0
47604,2,0,1,0
47618,2,0,0,0
47622,1,1,0,0
47626,2,0,0,0
47637,2,0,0,0
47648,2,0,1,0
47662,2,0,0,0
47677,2,0,1,0
47702,2,0,1,0
47703,2,0,1,0
47706,2,1,0,0
47707,1,1,0,0
47742,2,0,0,0
47743,2,0,1,0
47747,2,0,1,0
47764,2,1,0,0
47779,2,0,1,0
47780,2,0,1,0
47793,0,2,1,0
47802,2,1,1,0
47816,1,1,0,0
47817,2,0,1,0
47838,2,0,1,0
47844,2,0,1,0
47862,2,0,1,0
47921,2,0,1,0
47945,2,0,1,0
47949,2,0,1,0
47957,2,0,1,0
47959,2,0,1,0
47960,1,1,0,0
47962,1,1,0,0
47983,2,0,1,0
48004,2,0,0,0
48025,2,0,0,0
48026,1,1,1,0
48033,2,0,0,0
48055,2,0,1,0
48060,1,1,0,0
48123,2,0,1,0
48140,2,0,0,0
48148,2,0,1,0
48214,2,0,1,0
48226,2,0,0,0
48249,2,1,0,0
48271,2,0,1,0
48272,1,1,0,0
48277,2,0,1,0
48290,2,0,0,0
48300,2,1,0,0
48328,2,0,0,0
48339,2,0,1,0
48408,2,0,1,0
48413,2,0,1,0
48425,2,1,0,0
48436,1,0,0,0
48463,2,0,1,0
48483,1,1,0,0
48492,2,0,0,0
48501,2,0,1,0
48514,2,0,1,0
48537,2,0,0,0
48552,2,0,1,0
48565,2,0,1,0
48568,2,0,1,0
48571,2,0,1,0
48573,2,0,1,0
48575,2,0,0,0
48584,2,0,1,0
48608,1,1,0,0
48619,2,0,0,0
48654,1,1,0,0
48686,2,0,1,0
48688,1,1,0,0
48690,2,0,1,0
48714,2,0,1,0
48773,2,0,1,0
48784,2,0,1,0
48806,2,0,0,0
48808,1,0,0,0
48825,2,0,1,0
48847,2,1,0,0
48859,2,0,1,0
48860,2,0,1,0
48864,2,0,1,0
48878,1,1,1,0
48887,1,1,0,0
48911,2,0,0,0
48914,2,0,1,0
48918,1,1,1,0
48929,2,0,0,0
48932,1,1,0,0
48948,2,1,1,0
48957,2,0,0,0
48961,1,1,0,0
48973,1,1,0,0
48980,2,1,0,0
48991,2,0,1,0
49005,2,0,1,0
49006,2,0,1,0
49044,1,1,0,0
49051,2,0,0,0
49075,1,1,0,0
49079,2,0,0,0
49082,2,0,0,0
49085,1,1,0,0
49123,2,0,0,0
49131,0,0,1,0
49132,1,0,0,0
49174,2,0,1,0
49210,1,1,0,0
49226,2,0,0,0
49255,2,0,0,0
49271,2,0,1,0
49274,1,1,0,0
49278,2,0,1,0
49300,2,0,0,0
49301,2,0,1,0
49324,2,0,1,0
49339,1,1,0,0
49346,2,1,1,0
49358,2,1,0,0
49397,2,0,1,0
49398,2,0,1,0
49400,2,0,0,0
49408,1,0,0,0
49410,1,1,0,0
49426,2,0,0,0
49427,2,0,1,0
49429,2,0,0,0
49461,2,0,1,0
49462,2,0,0,0
49487,1,1,0,0
49502,2,0,0,0
49512,2,0,1,0
49527,0,2,1,-1
49532,2,1,1,0
49550,2,0,1,0
49559,2,0,1,0
49573,2,0,1,0
49578,2,0,1,0
49580,2,0,0,0
49611,2,0,1,0
49649,2,0,1,0
49662,1,1,0,0
49665,2,0,1,0
49669,2,0,1,0
49681,2,0,1,0
49682,1,1,0,0
49694,2,0,0,0
49704,2,0,1,0
49713,2,0,1,0
49790,2,0,0,0
49833,2,0,1,0
49894,2,0,1,0
49915,2,0,1,0
49924,2,0,0,0
49929,2,0,0,0
49931,2,0,0,0
49943,2,1,1,0
49949,2,0,1,0
49960,2,0,1,0
49984,2,0,0,0
50016,1,1,0,0
50020,0,0,1,0
50043,2,1,1,0
50049,0,1,0,0
50055,2,0,1,0
50061,2,0,1,0
50066,2,0,1,0
50069,2,0,0,0
50090,0,0,1,0
50103,2,0,0,0
50133,2,0,1,0
50166,2,0,1,0
50179,2,0,1,0
50198,1,1,0,0
50287,0,2,1,0
50288,1,1,0,0
50298,2,0,1,0
50313,2,0,1,0
50333,1,1,1,0
50380,2,0,1,0
50385,2,0,1,0
50387,2,0,1,0
50396,0,2,1,-1
50398,2,0,0,0
50399,1,1,0,0
50404,2,0,0,0
50413,2,0,1,0
50425,2,0,0,0
50462,2,0,1,0
50464,2,1,1,0
50469,2,0,1,0
50470,1,0,1,0
50524,2,0,0,0
50527,2,0,0,0
50539,1,1,1,0
50551,2,0,1,0
50579,2,0,1,0
50610,2,0,0,0
50624,2,0,0,0
50632,1,1,0,0
50646,1,1,0,0
50662,2,0,0,0
50717,2,0,0,0
50749,2,0,0,0
50761,2,0,0,0
50762,1,1,1,0
50775,2,0,0,0
50788,1,1,0,0
50806,2,0,1,0
50825,2,1,0,0
50843,2,0,1,0
50867,2,0,0,0
50875,1,1,0,0
50883,2,0,0,0
50891,0,2,1,-1
50913,2,0,1,0
50920,2,0,1,0
50930,2,0,1,0
50957,2,0,0,0
50974,1,1,0,0
50975,2,1,1,0
50979,0,0,1,0
50980,1,1,0,0
51059,2,0,1,0
51094,2,0,1,0
51095,2,0,0,0
51108,2,0,1,0
51140,1,1,0,0
51157,2,0,1,0
51172,2,0,1,0
51189,2,0,0,0
51207,2,0,1,0
51228,2,0,1,0
51230,2,1,0,0
51328,2,0,0,0
51333,2,0,1,0
51395,2,0,0,0
51467,2,0,1,0
51479,2,0,1,0
51512,2,0,1,0
51591,2,0,1,0
51612,2,0,0,0
51643,2,1,1,0
51666,0,0,1,0
51668,2,0,1,0
51669,2,1,1,0
51677,2,1,0,0
51688,1,1,0,0
51711,2,1,0,0
51717,2,1,1,0
51722,2,0,1,0
51728,2,0,1,0
51751,2,0,0,0
51772,2,0,1,0
51802,2,0,1,0
51816,2,0,1,0
51824,2,0,1,0
51844,1,1,0,0
51854,2,0,0,0
51859,2,1,1,0
51862,0,0,1,0
51885,2,0,0,0
51900,2,0,0,0
51918,2,0,0,0
51937,2,0,0,0
51958,2,1,1,0
51970,0,2,1,-1
51981,2,0,0,0
51988,2,0,1,0
51995,2,0,0,0
52003,2,0,1,0
52015,2,1,1,0
52039,2,0,0,0
52053,2,0,1,0
52066,1,1,0,0
52101,1,1,1,0
52124,2,1,0,0
52132,2,0,1,0
52134,2,1,1,0
52142,2,0,1,0
52144,2,0,0,0
52148,2,0,0,0
52172,1,1,0,0
52239,2,0,0,0
52244,2,0,1,0
52265,2,0,1,0
52267,2,0,1,0
52347,2,1,1,0
52459,2,1,1,0
52479,2,0,1,0
52488,2,0,1,0
52491,2,1,1,0
52492,2,0,1,0
52499,2,0,0,0
52504,2,0,0,0
52526,2,0,0,0
52536,2,0,0,0
52537,2,0,0,0
52551,2,0,0,0
52576,2,0,1,0
52635,2,0,1,0
52664,2,0,1,0
52670,2,0,1,0
52709,2,0,0,0
52711,2,0,1,0
52725,2,0,1,0
52760,2,0,1,0
52781,2,1,1,0
52831,2,0,1,0
52838,2,0,1,0
52854,2,0,0,0
52886,1,1,1,0
52892,2,0,1,0
52903,2,0,1,0
52911,1,1,1,0
52926,2,0,1,0
52971,2,0,0,0
52973,2,0,0,0
52975,2,0,1,0
52984,2,1,0,0
53015,2,0,0,0
53024,1,1,0,0
53028,2,0,1,0
53029,2,0,0,0
53044,2,0,1,0
53079,2,0,1,0
53100,2,0,1,0
53130,1,1,1,0
53137,2,0,0,0
53142,1,1,0,0
53155,1,1,1,0
53168,2,0,1,0
53172,2,0,1,0
53174,2,0,1,0
53212,2,0,1,0
53227,2,0,0,0
53241,2,0,1,0
53252,2,0,1,0
53278,1,1,0,0
53280,2,0,1,0
53295,2,0,0,0
53307,2,0,1,0
53308,2,1,0,0
53316,2,0,1,0
53320,2,0,1,0
53323,2,0,1,0
53325,2,0,0,0
53376,2,0,1,0
53416,2,0,1,0
53422,2,0,1,0
53445,2,0,1,0
53470,2,1,1,0
53471,2,0,1,0
53476,2,0,1,0
53478,2,0,1,0
53481,2,0,1,0
53486,1,1,0,0
53498,2,0,0,0
53517,2,0,0,0
53545,2,0,1,0
53558,2,0,0,0
53571,2,0,0,0
53574,2,0,0,0
53616,2,0,0,0
53617,2,0,1,0
53631,2,0,1,0
53639,2,0,0,0
53659,1,1,0,0
53666,2,0,1,0
53679,2,0,0,0
53697,1,1,1,0
53698,2,0,0,0
53711,2,0,1,0
53747,2,0,0,0
53765,1,0,1,0
53790,2,0,0,0
53803,2,0,1,0
53849,2,0,0,0
53869,0,0,1,0
53901,2,0,1,0
53908,2,0,1,0
53921,2,0,1,0
53944,0,0,1,0
53954,2,0,0,0
53959,2,0,1,0
53963,0,0,1,0
53978,2,1,1,0
53993,2,0,1,0
54021,2,0,1,0
54030,1,1,0,0
54040,2,1,1,0
54066,1,0,1,0
54075,2,0,1,0
54081,2,0,0,0
54088,1,1,0,0
54110,2,0,1,0
54111,2,0,0,0
54113,2,0,1,0
54117,2,0,1,0
54121,2,0,1,0
54124,2,0,1,0
54144,2,0,0,0
54172,2,0,1,0
54191,2,0,0,0
54192,1,1,0,0
54208,1,0,0,0
54226,1,1,0,-1
54255,1,1,0,0
54262,2,0,1,0
54278,2,0,0,0
54288,2,0,1,0
54291,2,0,0,0
54303,2,0,1,0
54310,2,0,1,0
54322,2,0,1,0
54332,2,0,0,0
54355,2,0,1,0
54378,2,1,0,0
54398,2,0,1,0
54450,2,0,0,0
54454,2,0,1,0
54469,2,0,1,0
54485,2,0,1,0
54495,2,0,1,0
54513,1,1,0,0
54516,2,0,1,0
54525,1,1,0,0
54532,2,1,0,0
54537,2,0,1,0
54538,2,0,1,0
54548,2,0,1,0
54558,2,0,1,0
54579,2,0,0,0
54590,2,0,1,0
54595,1,1,0,0
54600,2,0,0,0
54614,2,0,0,0
54620,0,1,0,-1
54623,2,0,1,0
54695,2,0,1,0
54705,2,0,1,0
54708,1,1,0,0
54722,2,0,0,0
54727,2,0,0,0
54728,1,1,0,0
54732,2,0,1,0
54733,2,0,1,0
54744,2,0,1,0
54751,2,0,1,0
54772,1,1,1,0
54805,2,0,1,0
54824,0,0,1,0
54834,2,0,1,0
54858,0,0,1,0
54872,2,0,0,0
54899,2,0,0,0
54932,2,0,1,0
54935,1,1,0,0
54938,2,0,1,0
54943,1,1,0,0
54991,2,0,1,0
54996,2,0,0,0
55009,2,0,1,0
55045,2,1,1,0
55049,2,0,1,0
55080,2,0,1,0
55084,2,0,0,0
55107,2,0,1,0
55128,1,1,0,0
55137,2,0,1,0
55155,2,0,1,0
55156,2,0,1,0
55184,2,0,1,0
55189,2,0,0,0
55210,1,1,0,0
55227,1,1,0,0
55236,2,0,1,0
55240,2,0,1,0
55241,2,0,1,0
55250,2,0,1,0
55271,2,0,0,0
55284,2,1,1,0
55289,2,0,1,0
55345,1,1,0,0
55357,2,0,0,0
55369,2,0,1,0
55374,2,0,1,0
55381,2,0,0,0
55430,2,0,1,0
55454,1,1,0,0
55510,2,0,1,0
55513,1,1,0,0
55559,2,0,0,0
55563,2,0,1,0
55633,2,0,1,0
55666,2,0,0,0
55678,1,1,0,0
55691,2,0,1,0
55729,2,0,0,0
55732,2,0,1,0
55753,2,0,1,0
55764,1,1,0,0
55821,2,0,1,0
55841,2,0,1,0
55843,1,1,1,0
55864,2,1,0,0
55909,1,0,1,0
55940,2,0,1,0
55965,2,0,1,0
55976,1,1,0,0
55999,2,0,0,0
56005,2,0,0,0
56007,2,0,1,0
56047,2,0,1,0
56073,2,0,1,0
56089,2,0,1,0
56100,2,0,1,0
56138,1,1,0,0
56170,1,1,0,0
56171,2,0,1,0
56185,2,0,1,0
56200,2,1,1,0
56220,2,0,1,0
56223,2,0,1,0
56246,2,0,1,0
56251,2,0,1,0
56272,1,1,0,0
56285,2,0,0,0
56289,2,0,0,0
56306,2,0,1,0
56308,2,0,1,0
56310,2,0,0,0
56338,2,1,1,0
56339,2,0,1,0
56348,1,1,0,0
56366,2,0,0,0
56372,2,0,1,0
56378,2,0,1,0
56410,2,0,0,0
56448,2,0,0,0
56455,2,0,1,0
56479,2,0,1,0
56486,2,0,0,0
56508,2,0,1,0
56515,2,0,0,0
56528,2,1,1,0
56575,2,0,0,0
56582,2,0,1,0
56607,2,0,0,0
56629,0,0,1,0
56644,2,0,1,0
56656,2,0,0,0
56685,2,0,0,0
56713,2,0,1,0
56723,1,1,0,0
56727,2,0,1,0
56799,1,1,0,0
56801,2,0,0,0
56815,1,1,0,0
56848,2,0,1,0
56850,1,0,1,0
56868,2,0,1,0
56891,2,0,0,0
56895,2,1,0,0
56932,1,1,1,0
56953,2,0,0,0
56963,1,1,0,-1
56968,2,0,0,0
56973,2,0,1,0
56982,0,0,1,0
56983,2,0,0,0
56992,2,1,1,0
57008,2,0,1,0
57034,2,0,1,0
57069,1,1,0,0
57071,2,0,1,0
57127,1,1,0,0
57214,1,1,0,0
57241,2,0,0,0
57261,2,0,0,0
57274,1,1,0,0
57280,2,0,1,0
57284,2,0,1,0
57310,2,0,0,0
57321,2,0,0,0
57347,2,0,1,0
57354,2,1,1,0
57360,2,0,1,0
57363,2,0,1,0
57367,2,1,1,0
57371,2,1,0,0
57377,2,0,0,0
57397,1,0,1,0
57402,2,0,1,0
57434,1,1,0,0
57450,2,0,0,0
57454,2,0,0,0
57499,2,0,0,0
57562,2,0,0,0
57566,1,1,0,0
57569,2,0,0,0
57603,2,1,0,0
57614,1,1,0,0
57617,2,0,0,0
57623,2,0,1,0
57628,0,0,1,0
57643,2,1,1,0
57661,2,0,1,0
57669,1,1,0,0
57677,2,0,1,0
57679,1,1,0,0
57698,2,0,1,0
57720,2,0,1,0
57729,2,0,1,0
57732,2,0,1,0
57739,2,0,1,0
57744,2,0,1,0
57750,0,2,1,-1
57755,1,1,0,0
57762,2,0,1,0
57766,2,0,1,0
57769,2,0,1,0
57784,2,0,1,0
57787,2,0,1,0
57790,1,0,1,0
57797,2,0,1,0
57806,2,0,1,0
57815,2,1,0,0
57835,2,0,1,0
57845,2,0,0,0
57884,2,0,0,0
57932,2,0,0,0
57959,2,0,1,0
57960,1,1,0,0
57961,0,0,1,0
57972,2,0,0,0
57974,2,0,0,0
58059,2,0,1,0
58070,2,0,0,0
58113,1,1,0,0
58117,2,0,0,0
58178,2,0,1,0
58209,2,0,0,0
58228,2,0,1,0
58235,1,1,0,0
58243,2,0,1,0
58298,2,1,0,0
58308,2,0,0,0
58345,2,0,1,0
58347,2,0,1,0
58356,2,0,1,0
58380,1,1,0,0
58388,2,0,0,0
58391,2,0,1,0
58402,2,0,1,0
58433,2,0,1,0
58452,2,0,1,0
58464,2,0,1,0
58478,1,1,0,0
58512,2,0,1,0
58514,2,0,1,0
58528,2,0,1,0
58533,2,0,1,0
58540,2,0,1,0
58580,2,1,1,0
58584,2,1,0,0
58619,2,0,1,0
58628,2,0,1,0
58632,2,0,1,0
58637,2,0,0,0
58683,2,0,1,0
58715,2,0,0,0
58746,2,0,1,0
58773,1,1,0,0
58781,1,0,0,0
58787,2,0,1,0
58793,2,0,0,0
58802,2,0,1,0
58807,1,1,0,0
58816,1,1,0,0
58853,2,0,0,0
58934,2,0,0,0
58940,2,0,1,0
58956,1,1,0,0
58962,2,0,1,0
58989,2,0,1,0
59036,2,1,1,0
59091,2,0,1,0
59104,2,0,1,0
59112,2,0,0,0
59121,2,0,1,0
59148,1,0,0,0
59214,2,0,1,0
59228,2,0,1,0
59232,2,0,0,0
59246,2,0,0,0
59251,2,0,0,0
59262,1,1,0,0
59308,2,0,1,0
59317,2,0,1,0
59332,1,1,0,0
59333,2,0,0,0
59362,2,0,0,0
59367,1,1,0,0
59383,2,0,1,0
59397,2,0,0,0
59413,2,0,0,0
59418,2,0,1,0
59431,2,0,0,0
59432,1,1,0,0
59443,2,0,1,0
59465,2,0,0,0
59475,2,1,0,0
59480,2,0,1,0
59481,0,0,1,0
59483,1,1,0,0
59521,2,0,1,0
59534,1,1,1,0
59537,2,0,0,0
59561,2,1,0,0
59562,2,0,1,0
59564,2,0,1,0
59576,2,0,1,0
59578,2,0,1,0
59592,1,0,1,0
59594,1,1,0,0
59598,2,0,0,0
59611,2,0,1,0
59621,1,1,0,0
59667,2,0,0,0
59675,2,0,0,0
59717,2,0,0,0
59719,2,0,1,0
59725,1,1,0,0
59732,2,0,0,0
59761,2,0,1,0
59764,2,0,1,0
59825,2,0,0,0
59829,2,0,1,0
59853,2,0,1,0
59859,1,1,0,0
59905,2,1,0,0
59911,2,0,0,0
59919,2,0,1,0
59937,2,0,1,0
59970,2,0,1,0
59978,0,0,0,0
59993,2,0,1,0
60007,1,1,1,0
60018,1,1,0,0
60026,2,0,1,0
60027,1,1,0,0
60057,2,1,1,0
60058,1,1,1,0
60096,2,0,1,0
60139,2,0,1,0
60147,2,0,1,0
60253,2,0,1,0
60277,2,0,0,0
60282,2,0,0,0
60329,2,0,1,0
60339,2,0,1,0
60355,1,1,0,0
60374,0,0,1,0
60382,2,1,0,0
60405,2,0,1,0
60469,2,0,1,0
60479,2,0,1,0
60522,2,0,1,0
60546,1,1,0,0
60548,0,0,1,0
60563,1,1,1,0
60568,2,0,1,0
60598,1,0,1,0
60602,2,0,1,0
60631,2,0,1,0
60639,2,0,1,0
60642,2,0,1,0
60679,0,1,1,0
60694,1,1,0,0
60736,2,0,1,0
60770,2,0,1,0
60787,2,0,1,0
60793,2,0,1,0
60795,2,0,0,0
60798,2,0,1,0
60802,2,0,1,0
60803,2,0,1,0
60826,2,0,0,0
60867,2,0,0,0
60886,2,0,1,0
60894,2,0,1,0
60902,2,0,1,0
60920,2,0,0,0
60959,2,1,0,0
60963,1,1,0,0
60970,2,0,0,0
60971,2,0,1,0
60981,2,0,1,0
61026,2,0,0,0
61035,2,0,1,0
61051,2,0,1,0
61054,2,0,1,0
61061,2,0,1,0
61063,2,0,1,0
61065,2,0,1,0
61067,1,1,0,0
61078,2,0,0,0
61084,2,0,1,0
61094,2,0,0,0
61095,2,0,0,0
61105,2,1,1,0
61130,2,0,1,0
61134,2,0,0,0
61141,2,1,0,0
61155,1,1,0,0
61163,2,0,0,0
61243,2,0,0,0
61258,2,0,1,0
61272,2,0,1,0
61330,2,0,1,0
61331,2,0,0,0
61344,2,0,1,0
61363,1,1,0,0
61376,0,0,1,0
61378,2,0,1,0
61381,2,0,1,0
61384,2,0,1,0
61390,2,0,1,0
61430,2,0,0,0
61461,2,0,0,0
61473,1,1,0,0
61504,2,0,1,0
61505,2,0,1,0
61522,2,0,0,0
61543,2,0,1,0
61551,2,0,1,0
61568,1,1,0,0
61609,2,0,1,0
61617,2,0,1,0
61633,2,0,1,0
61641,2,0,1,0
61689,2,0,1,0
61697,2,0,1,0
61715,2,0,0,0
61718,2,0,0,0
61765,2,0,1,0
61767,2,1,1,0
61769,1,1,0,0
61781,2,0,1,0
61810,2,0,1,0
61815,2,0,1,0
61902,2,0,0,0
61903,2,0,1,0
61912,2,0,1,0
61945,2,0,1,0
61953,1,1,0,0
61960,2,0,0,0
62071,2,0,1,0
62096,1,1,0,0
62099,2,0,1,0
62134,2,0,1,0
62135,2,1,1,0
62161,2,0,1,0
62172,2,0,1,0
62200,2,0,1,0
62241,2,0,1,0
62253,1,1,0,0
62258,2,0,1,0
62294,2,0,1,0
62305,2,0,1,0
62310,2,0,0,0
62328,2,0,1,0
62348,2,0,0,0
62359,2,0,1,0
62365,2,0,1,0
62372,2,0,1,0
62375,2,0,1,0
62407,2,0,1,0
62414,2,0,0,0
62417,2,0,0,0
62446,2,1,0,0
62482,2,0,1,0
62484,1,1,0,0
62485,2,0,0,0
62486,2,0,1,0
62508,1,1,0,0
62509,2,1,1,0
62510,1,1,1,0
62511,2,0,0,0
62523,2,0,1,0
62528,0,0,1,0
62540,2,1,1,0
62566,2,0,1,0
62570,2,0,0,0
62574,2,0,1,0
62597,2,0,1,0
62617,2,0,1,0
62621,2,0,1,0
62646,2,0,0,0
62650,2,1,0,0
62655,2,0,1,0
62657,1,1,1,0
62665,2,0,1,0
62674,2,0,0,0
62680,2,0,1,0
62693,2,0,0,0
62707,2,0,0,0
62713,1,1,0,0
62717,1,1,0,0
62778,1,1,0,0
62826,2,0,0,0
62857,2,0,1,0
62871,2,0,1,0
62883,2,0,1,0
62891,1,1,0,0
62925,2,0,1,0
62956,1,1,0,0
62958,2,0,0,0
62974,2,0,0,0
63008,2,0,0,0
63012,2,0,0,0
63013,2,0,0,0
63074,2,0,1,0
63087,2,0,0,0
63108,2,0,0,0
63117,1,1,0,0
63123,2,0,1,0
63146,2,0,0,0
63194,2,0,0,0
63205,2,0,1,0
63214,2,0,1,0
63258,2,0,1,0
63264,2,0,1,0
63279,2,0,1,0
63335,2,0,1,0
63355,2,0,1,0
63365,2,0,1,0
63410,2,0,1,0
63415,2,0,1,0
63423,2,0,0,0
63429,1,1,0,0
63433,2,0,1,0
63481,2,0,0,0
63498,2,0,1,0
63507,2,0,0,0
63522,1,1,0,0
63529,2,0,0,0
63532,2,0,1,0
63549,2,0,1,0
63551,2,0,1,0
63555,2,0,1,0
63560,1,1,0,0
63582,1,1,1,0
63587,2,0,1,0
63588,2,0,1,0
63605,2,0,1,0
63639,2,0,1,0
63658,2,0,1,0
63670,2,0,0,0
63675,2,0,0,0
63690,1,1,0,0
63703,2,0,1,0
63720,2,0,1,0
63744,2,0,0,0
63745,1,0,1,0
63762,1,1,0,0
63791,2,0,1,0
63815,2,0,1,0
63816,2,0,1,0
63843,2,1,1,0
63861,2,0,1,0
63904,1,1,0,0
63908,2,0,1,0
63911,2,0,1,0
63925,2,0,1,0
63928,0,0,1,0
63960,2,1,0,0
63972,0,0,1,0
63978,2,0,0,0
63995,2,0,0,0
64004,2,0,0,0
64022,2,0,1,0
64029,2,1,1,0
64052,1,1,0,0
64106,2,0,1,0
64165,2,0,1,0
64171,1,1,0,0
64172,2,0,1,0
64174,0,2,1,-1
64185,2,0,1,0
64199,2,0,0,0
64221,2,0,1,0
64234,2,0,0,0
64254,2,0,1,0
64258,2,1,0,0
64276,2,0,1,0
64298,2,0,1,0
64311,2,0,1,0
64349,2,0,0,0
64374,2,0,1,0
64405,2,0,1,0
64414,2,0,1,0
64416,2,0,1,0
64418,2,0,0,0
64432,2,0,0,0
64456,2,0,1,0
64470,2,0,1,0
64471,2,1,0,0
64476,2,0,1,0
64517,2,0,1,0
64530,2,0,1,0
64548,2,0,1,0
64556,2,0,1,0
64557,2,0,1,0
64562,2,0,0,0
64630,2,0,1,0
64667,2,0,0,0
64678,1,1,0,0
64700,2,0,0,0
64703,1,1,1,0
64726,2,1,1,0
64745,1,0,0,0
64764,2,0,1,0
64779,2,0,1,0
64839,2,0,1,0
64883,2,0,1,0
64887,2,0,1,0
64891,1,1,0,0
64901,2,0,1,0
64922,2,0,1,0
64956,2,0,0,0
64961,2,0,0,0
64999,1,0,0,0
65010,2,0,1,0
65026,2,0,1,0
65027,2,0,0,0
65058,2,0,0,0
65082,1,1,0,0
65090,2,0,1,0
65098,1,1,0,0
65190,2,0,1,0
65194,2,0,1,0
65195,2,1,0,0
65202,2,0,0,0
65204,2,0,1,0
65215,2,0,1,0
65280,2,0,0,0
65313,2,0,0,0
65321,2,0,0,0
65346,2,0,1,0
65353,2,0,1,0
65358,2,0,1,0
65372,2,0,1,0
65384,2,0,1,0
65393,2,0,0,0
65411,2,0,1,0
65433,2,0,1,0
65441,1,1,0,0
65469,2,0,0,0
65482,2,0,1,0
65485,2,0,1,0
65507,2,0,1,0
65570,2,1,1,0
65571,2,0,1,0
65572,2,0,1,0
65600,2,0,1,0
65602,2,0,1,0
65611,2,0,1,0
65644,2,0,1,0
65656,2,0,0,0
65708,2,0,0,0
65713,2,0,1,0
65715,2,0,1,0
65731,2,0,1,0
65737,1,0,0,0
65755,2,0,1,0
65780,1,1,0,0
65783,2,0,1,0
65826,2,0,1,0
65844,2,0,1,0
65860,2,0,1,0
65864,2,0,1,0
65869,2,0,1,0
65874,2,0,0,0
65893,2,0,0,0
65909,2,0,1,0
65914,2,0,1,0
65924,2,0,0,0
65936,2,0,0,0
65967,0,0,1,0
65971,1,1,1,0
66001,2,0,1,0
66002,2,0,1,0
66006,2,1,1,0
66017,2,0,0,0
66028,2,0,1,0
66032,2,0,0,0
66043,2,0,1,0
66071,1,1,0,0
66112,2,0,1,0
66127,2,0,1,0
66128,2,0,1,0
66136,2,0,1,0
66162,2,0,1,0
66167,2,0,1,0
66174,2,0,1,0
66190,2,0,1,0
66287,2,0,0,0
66296,2,0,1,0
66376,2,0,1,0
66380,1,1,0,0
66394,2,0,1,0
66396,0,0,1,0
66397,2,0,1,0
66408,2,0,1,0
66416,2,0,1,0
66418,1,0,0,0
66493,2,0,1,0
66509,2,0,0,0
66522,2,0,1,0
66529,2,1,1,0
66564,2,0,1,0
66624,2,0,1,0
66661,2,0,0,0
66665,2,0,0,0
66670,2,0,0,0
66675,2,0,1,0
66704,2,0,1,0
66742,2,0,1,0
66745,2,1,0,0
66764,0,1,0,0
66778,1,1,0,0
66796,2,0,1,0
66804,2,0,1,0
66828,2,1,0,0
66830,1,1,0,0
66833,2,0,0,0
66856,2,0,1,0
66868,2,0,1,0
66880,2,0,1,0
66882,2,0,1,0
66891,2,0,1,0
66894,2,0,1,0
66914,1,1,0,0
66952,2,0,1,0
66953,1,1,0,0
66976,2,1,1,0
66989,1,1,1,0
67002,2,0,1,0
67007,2,0,1,0
67038,0,0,1,0
67053,1,1,0,0
67064,1,1,1,0
67076,1,1,0,0
67084,1,1,0,0
67085,2,0,1,0
67087,1,1,0,0
67097,1,1,0,0
67106,2,0,1,0
67124,1,0,0,0
67156,1,1,0,0
67167,2,0,1,0
67182,2,0,1,0
67187,1,1,0,0
67188,2,0,1,0
67195,2,0,1,0
67202,2,0,0,0
67215,2,0,0,0
67230,2,0,0,0
67234,2,1,1,0
67254,2,0,1,0
67266,2,0,1,0
67291,2,0,0,0
67297,1,1,0,0
67307,2,0,1,0
67327,2,0,1,0
67390,2,0,1,0
67401,2,0,1,0
67461,2,0,1,0
67499,2,0,1,0
67505,2,0,1,0
67576,1,1,0,0
67581,2,0,1,0
67620,2,0,1,0
67642,2,0,1,0
67659,2,0,1,0
67664,1,1,0,0
67679,1,1,0,0
67691,2,0,1,0
67704,2,0,1,0
67720,2,0,1,0
67780,2,0,1,0
67796,2,0,0,0
67840,1,1,1,0
67846,2,0,1,0
67866,2,0,1,0
67885,1,1,0,0
67888,2,0,1,0
67889,2,0,0,0
67895,2,0,1,0
67932,2,0,1,0
67933,2,0,0,0
67934,2,0,1,0
67935,2,1,1,0
67946,1,1,0,0
67957,2,0,0,0
67960,2,0,1,0
67976,2,0,0,0
68021,2,0,1,0
68023,2,0,1,0
68042,2,0,1,0
68061,2,0,0,0
68076,1,1,1,0
68101,2,0,1,0
68119,1,1,0,0
68130,0,0,1,0
68134,2,0,1,0
68139,2,0,1,0
68166,1,1,0,0
68172,2,0,1,0
68211,2,0,0,0
68220,1,1,0,0
68222,2,0,1,0
68236,1,1,0,0
68246,2,0,0,0
68249,2,0,1,0
68263,2,0,1,0
68286,2,0,0,0
68289,2,0,1,0
68319,1,1,0,0
68364,2,0,1,0
68386,2,0,0,0
68408,2,0,1,0
68425,2,1,1,0
68445,2,0,0,0
68504,2,0,0,0
68544,0,0,1,0
68546,0,2,1,0
68555,2,0,0,0
68560,1,0,1,0
68561,2,0,0,0
68625,2,0,1,0
68647,2,0,1,0
68652,2,1,1,0
68674,2,0,1,0
68682,2,0,0,0
68702,2,0,1,0
68720,2,0,1,0
68734,2,0,0,0
68763,1,0,0,0
68777,2,0,1,0
68795,2,0,1,0
68832,2,0,1,0
68838,1,1,0,0
68849,2,0,1,0
68859,2,0,1,0
68865,2,0,1,0
68867,2,0,0,0
68898,2,0,0,0
68899,1,1,0,0
68905,1,1,0,0
68913,2,0,1,0
68952,2,0,1,0
68956,2,0,0,0
68963,2,0,0,0
68970,2,1,0,0
68974,2,0,1,0
68980,2,0,1,0
68992,2,0,1,0
69039,2,0,0,0
69051,1,1,0,0
69056,2,0,1,0
69069,2,0,1,0
69082,2,0,0,0
69083,2,0,1,0
69109,2,0,1,0
69126,2,0,0,0
69135,2,0,0,0
69142,2,0,1,0
69151,2,0,1,0
69160,1,1,0,0
69162,2,0,0,0
69188,2,0,1,0
69223,2,0,0,0
69253,2,0,1,0
69258,2,0,1,0
69262,2,1,1,0
69263,2,0,1,0
69272,1,1,0,0
69274,2,0,0,0
69300,1,1,0,0
69332,1,1,1,0
69335,2,0,1,0
69337,2,0,0,0
69371,0,0,0,0
69382,2,1,1,0
69390,1,1,1,0
69409,2,0,1,0
69434,2,0,0,0
69449,2,0,1,0
69461,2,0,1,0
69464,2,0,0,0
69470,1,1,0,0
69477,2,0,1,0
69529,2,0,1,0
69536,2,0,1,0
69592,2,1,1,0
69604,0,0,0,0
69610,2,0,1,0
69623,2,0,1,0
69634,2,0,1,0
69659,2,0,1,0
69689,2,0,0,0
69695,2,0,1,0
69717,2,0,0,0
69731,2,0,0,0
69779,2,0,1,0
69819,2,0,1,0
69881,1,1,0,0
69888,1,1,0,0
69893,2,0,1,0
69894,2,0,1,0
69993,2,0,1,0
70003,1,1,0,0
70004,1,1,0,0
70018,1,1,0,0
70052,2,0,1,0
70054,0,0,1,0
70065,2,1,1,0
70126,2,0,1,0
70151,2,0,1,0
70154,2,1,1,0
70164,2,0,1,0
70193,2,1,1,0
70199,0,0,1,0
70255,2,0,1,0
70258,2,0,0,0
70277,2,1,1,0
70279,2,0,0,0
70283,2,0,1,0
70294,2,0,1,0
70301,2,0,1,0
70304,1,1,0,0
70309,2,0,0,0
70313,2,0,1,0
70316,2,0,1,0
70317,2,0,0,0
70348,2,0,1,0
70365,2,0,1,0
70375,2,1,0,0
70381,2,0,1,0
70394,1,1,1,0
70413,2,0,1,0
70432,2,0,1,0
70442,2,0,1,0
70443,2,0,0,0
70495,2,0,1,0
70517,1,1,0,0
70528,1,1,1,0
70560,2,0,0,0
70590,2,1,0,0
70608,2,0,1,0
70694,2,0,0,0
70703,2,0,0,0
70738,2,0,1,0
70755,2,0,1,0
70765,2,0,0,0
70778,2,0,1,0
70833,1,0,0,0
70846,2,0,1,0
70848,2,0,1,0
70885,2,0,1,0
70912,2,1,1,0
70971,1,1,0,0
70976,2,0,1,0
70983,2,0,1,0
70985,2,0,1,0
70994,1,1,0,0
71043,2,0,1,0
71050,2,0,0,0
71059,2,0,1,0
71069,1,1,0,0
71076,2,0,1,0
71132,2,0,1,0
71145,1,1,0,0
71191,2,0,0,0
71236,2,0,0,0
71272,2,0,0,0
71318,2,0,0,0
71342,2,0,0,0
71349,1,1,0,0
71371,2,0,1,0
71372,2,0,1,0
71378,2,0,1,0
71382,2,0,0,0
71391,2,0,1,0
71396,2,0,1,0
71436,2,0,0,0
71440,2,0,1,0
71458,2,1,0,0
71481,2,0,0,0
71509,2,0,1,0
71513,2,0,1,0
71552,2,0,1,0
71569,0,0,1,0
71594,1,1,0,0
71615,2,0,1,0
71626,2,0,1,0
71630,2,0,1,0
71644,2,0,1,0
71653,2,1,1,0
71660,1,1,0,0
71689,1,1,0,0
71751,1,1,0,0
71753,2,0,1,0
71760,2,0,1,0
71782,2,0,0,0
71839,2,1,0,0
71860,1,0,0,0
71870,2,0,0,0
71873,0,0,1,0
71896,2,0,1,0
71919,2,1,0,0
71930,1,1,0,0
71931,2,0,0,0
71940,2,0,0,0
71945,2,0,1,0
71961,2,0,1,0
71974,2,0,0,0
71975,2,0,0,0
71979,2,0,1,0
72012,2,0,1,0
72019,1,1,0,0
72022,2,0,1,0
72039,2,0,1,0
72045,1,1,0,0
72051,2,0,0,0
72054,2,0,1,0
72069,2,1,1,0
72111,2,0,0,0
72119,2,0,1,0
72125,2,0,1,0
72132,2,0,1,0
72161,1,1,0,0
72165,2,0,0,0
72166,2,0,1,0
72171,1,0,0,0
72193,2,0,0,0
72211,2,0,1,0
72213,2,1,1,0
72235,2,0,1,0
72249,2,0,1,0
72256,1,1,0,0
72303,2,0,1,0
72313,1,1,1,0
72318,2,0,0,0
72337,2,0,1,0
72340,2,0,1,0
72345,2,0,0,0
72361,2,0,0,0
72380,2,0,1,0
72382,2,0,0,0
72390,1,1,0,0
72483,1,1,0,0
72491,2,0,1,0
72492,2,0,1,0
72500,0,2,1,-1
72521,2,1,0,0
72522,2,0,1,0
72568,2,0,1,0
72571,2,0,0,0
72591,2,0,1,0
72613,2,0,1,0
72643,1,1,0,0
72656,0,0,1,0
72680,2,0,1,0
72693,2,0,0,0
72724,2,0,1,0
72726,1,1,0,0
72733,2,0,1,0
72775,2,0,1,0
72800,1,1,0,0
72805,2,0,0,0
72808,1,1,0,0
72817,2,0,1,0
72856,2,0,1,0
72878,2,0,1,0
72896,2,0,1,0
72922,1,0,1,0
72935,2,0,1,0
72974,2,1,1,0
72980,2,0,0,0
72984,2,0,1,0
73001,1,1,0,0
73026,1,1,0,0
73047,1,1,0,0
73080,2,0,1,0
73106,2,0,1,0
73153,0,0,0,0
73194,2,1,0,0
73200,2,0,1,0
73202,2,0,1,0
73208,2,1,0,0
73226,2,0,1,0
73254,2,0,1,0
73258,2,0,0,0
73296,1,1,0,0
73301,2,0,1,0
73318,2,0,0,0
73328,1,1,0,0
73344,2,0,1,0
73348,2,0,0,0
73367,2,0,1,0
73375,2,0,0,0
73380,1,1,0,-1
73390,2,0,1,0
73412,2,0,0,0
73426,0,0,1,0
73461,2,0,1,0
73524,2,0,1,0
73545,2,0,0,0
73559,2,1,0,0
73595,2,0,1,0
73601,1,1,1,0
73602,2,0,0,0
73629,2,0,0,0
73633,2,0,0,0
73638,2,0,0,0
73643,2,0,1,0
73659,2,0,0,0
73684,2,0,1,0
73763,0,0,1,0
73771,2,0,1,0
73774,2,0,1,0
73782,2,0,0,0
73784,2,1,1,0
73787,2,0,0,0
73793,1,1,0,0
73800,1,1,0,0
73840,2,0,1,0
73843,2,0,1,0
73854,0,2,1,0
73857,1,1,0,0
73873,2,0,0,0
73875,2,0,1,0
73880,2,0,1,0
73928,2,0,1,0
73949,2,0,0,0
74028,2,0,0,0
74048,2,0,1,0
74060,2,0,0,0
74113,2,0,1,0
74154,2,0,1,0
74168,2,0,0,0
74176,2,0,1,0
74181,2,0,0,0
74183,2,0,1,0
74186,2,0,1,0
74212,2,0,1,0
74219,2,0,1,0
74227,2,0,1,0
74242,2,0,0,0
74243,2,0,1,0
74285,2,0,1,0
74297,2,1,0,0
74315,2,0,1,0
74319,0,0,1,0
74328,2,0,0,0
74349,2,1,1,0
74377,2,0,1,0
74378,2,0,1,0
74404,2,0,1,0
74425,2,0,0,0
74438,2,0,1,0
74455,2,0,0,0
74470,1,1,0,0
74479,2,0,1,0
74488,2,1,0,0
74496,2,0,0,0
74530,2,0,1,0
74557,2,0,1,0
74560,2,0,0,0
74571,1,1,0,0
74590,2,0,1,0
74615,2,0,0,0
74618,1,1,0,0
74626,1,1,0,0
74627,2,0,1,0
74640,1,1,0,0
74647,2,0,1,0
74774,2,0,1,0
74791,2,0,1,0
74812,1,1,0,0
74823,2,0,1,0
74830,2,0,1,0
74831,2,0,1,0
74844,2,0,0,0
74856,0,0,1,0
74861,2,0,0,0
74872,1,1,0,0
74891,2,0,1,0
74925,1,1,0,0
74926,2,0,1,0
74936,2,0,0,0
74944,2,0,1,0
74972,1,1,0,0
74993,2,0,0,0
74994,2,0,1,0
75003,2,0,1,0
75011,2,0,1,0
75029,2,0,1,0
75047,1,1,0,0
75064,2,0,1,0
75068,2,0,1,0
75092,2,0,1,0
75110,2,0,1,0
75131,2,0,0,0
75146,2,0,1,0
75164,2,0,1,0
75202,2,0,0,0
75229,2,0,1,0
75235,1,1,0,0
75259,2,0,1,0
75267,2,0,0,0
75276,1,1,0,0
75284,2,0,1,0
75311,2,0,0,0
75340,2,0,1,0
75344,2,0,1,0
75350,1,1,1,-1
75363,2,0,1,0
75383,2,0,1,0
75399,2,1,1,0
75404,1,1,0,0
75418,2,0,0,0
75465,2,0,1,0
75483,2,0,0,0
75485,1,1,0,0
75491,2,0,1,0
75506,2,0,1,0
75563,2,0,0,0
75579,2,0,0,0
75585,2,1,1,0
75618,2,1,0,0
75645,2,0,0,0
75649,2,0,1,0
75700,2,0,0,0
75703,1,1,0,0
75722,2,0,1,0
75728,2,0,0,0
75732,2,0,1,0
75734,2,0,0,0
75741,1,1,1,0
75773,2,0,1,0
75780,2,0,1,0
75785,2,0,0,0
75819,2,0,0,0
75832,2,0,1,0
75843,1,1,0,0
75853,2,0,1,0
75876,2,0,1,0
75891,2,0,1,0
75933,2,0,1,0
75954,2,0,0,0
75962,2,0,1,0
75983,1,1,0,0
75986,2,0,1,0
75991,2,0,1,0
75997,2,0,0,0
76027,2,0,1,0
76037,2,0,1,0
76053,2,0,1,0
76057,2,0,0,0
76062,2,0,1,0
76065,2,0,1,0
76067,2,0,0,0
76090,2,0,1,0
76113,0,2,1,0
76115,2,0,1,0
76118,2,1,0,0
76139,2,0,0,0
76158,2,0,1,0
76167,1,1,0,0
76182,2,0,1,0
76198,2,0,1,0
76206,1,1,0,0
76208,2,0,1,0
76214,2,0,1,0
76218,1,1,0,0
76238,2,0,1,0
76272,2,0,1,0
76287,1,1,0,0
76327,1,1,0,0
76328,2,0,1,0
76348,1,1,0,0
76371,1,1,0,0
76396,2,0,1,0
76428,2,0,1,0
76431,2,0,1,0
76439,2,0,0,0
76451,2,0,1,0
76459,2,0,0,0
76502,2,0,1,0
76516,2,0,1,0
76542,2,0,1,0
76545,2,0,1,0
76568,2,0,1,0
76582,1,1,0,0
76613,1,0,0,0
76617,2,1,0,0
76627,2,0,1,0
76650,2,0,1,0
76701,2,0,0,0
76702,2,0,1,0
76733,2,0,1,0
76735,2,0,1,0
76746,2,0,0,0
76747,1,1,0,0
76762,2,0,0,0
76769,1,1,0,0
76785,2,1,0,0
76795,1,0,0,0
76800,2,0,1,0
76801,2,0,1,0
76823,2,0,1,0
76825,2,0,1,0
76836,2,0,0,0
76839,2,0,1,0
76858,1,1,0,0
76878,2,0,0,0
76915,2,0,1,0
76924,2,0,0,0
76943,2,0,0,0
76955,2,0,0,0
76985,2,0,1,0
77020,2,0,1,0
77052,2,0,1,0
77058,2,0,1,0
77076,2,0,1,0
77082,2,0,1,0
77083,2,0,0,0
77087,2,0,1,0
77089,1,1,1,0
77091,1,1,0,0
77106,2,0,1,0
77115,2,0,1,0
77116,1,0,0,0
77133,2,1,1,0
77140,2,0,1,0
77141,2,0,1,0
77154,2,0,0,0
77177,2,1,0,0
77182,2,0,0,0
77210,2,0,0,0
77231,1,0,0,0
77245,2,0,1,0
77255,1,1,0,0
77273,2,0,1,0
77288,2,1,1,0
77294,1,1,0,0
77295,2,0,1,0
77323,2,0,1,0
77334,2,0,0,0
77350,2,1,1,0
77354,1,1,0,0
77368,1,1,0,0
77376,2,0,1,0
77452,2,0,0,0
77453,2,0,1,0
77455,2,0,0,0
77458,2,0,1,0
77546,2,0,0,0
77551,2,0,1,0
77556,2,0,0,0
77561,2,0,1,0
77565,2,0,1,0
77568,1,1,0,0
77593,2,0,1,0
77643,2,0,1,0
77659,2,0,1,0
77682,2,0,0,0
77683,1,1,1,0
77689,2,1,0,0
77711,2,0,1,0
77732,2,0,0,0
77735,2,0,1,0
77739,2,0,1,0
77748,2,0,0,0
77755,2,1,1,0
77763,1,1,0,0
77767,2,0,1,0
77768,2,0,0,0
77771,1,0,0,0
77784,2,0,1,0
77801,2,0,1,0
77818,1,1,0,0
77819,1,1,0,0
77820,2,0,0,0
77832,2,0,1,0
77836,2,1,1,0
77844,2,0,1,0
77856,2,0,1,0
77925,2,0,1,0
77926,0,0,1,0
77956,2,0,1,0
77962,2,0,1,0
77971,1,1,0,0
78003,2,0,1,0
78107,1,1,0,0
78110,2,0,0,0
78115,2,0,1,0
78141,2,0,1,0
78163,2,0,1,0
78167,2,0,1,0
78184,2,0,0,0
78214,2,0,1,0
78220,2,0,0,0
78224,2,0,1,0
78234,1,1,1,0
78236,2,0,1,0
78300,2,0,1,0
78303,2,0,0,0
78325,2,0,1,0
78361,2,0,0,0
78372,2,0,0,0
78379,2,0,1,0
78435,2,0,1,0
78493,1,1,0,0
78504,1,1,1,0
78505,2,0,1,0
78537,2,0,1,0
78546,2,1,0,0
78609,2,0,1,0
78612,2,0,1,0
78658,1,1,0,0
78670,2,0,1,0
78672,2,0,1,0
78703,2,0,1,0
78725,2,0,1,0
78726,2,0,0,0
78756,2,0,1,0
78760,2,0,0,0
78790,1,1,0,0
78794,2,0,0,0
78820,2,1,1,0
78827,0,0,1,0
78836,2,0,1,0
78892,2,0,1,0
78895,2,0,0,0
78897,1,1,1,0
78915,2,0,1,0
78925,2,0,1,0
78941,2,0,0,0
78949,2,1,1,0
78969,2,0,1,0
78973,2,0,1,0
79017,2,0,1,0
79042,2,0,1,0
79064,2,0,1,0
79072,2,0,1,0
79080,1,1,0,0
79084,2,0,0,0
79086,2,0,0,0
79102,2,0,0,0
79151,2,0,1,0
79153,2,0,1,0
79179,2,1,1,0
79195,2,0,1,0
79198,2,0,1,0
79215,2,0,1,0
79217,2,0,0,0
79238,2,0,1,0
79251,2,0,1,0
79258,1,0,0,0
79303,2,0,1,0
79305,2,0,1,0
79319,2,0,1,0
79336,2,0,1,0
79352,2,0,1,0
79359,2,0,1,0
79361,2,0,0,0
79396,2,0,0,0
79397,2,0,0,0
79444,2,0,1,0
79455,1,1,0,0
79477,2,0,1,0
79530,2,0,1,0
79541,2,0,1,0
79557,2,0,1,0
79586,2,0,1,0
79598,2,0,1,0
79608,2,0,1,0
79634,2,0,1,0
79638,2,0,0,0
79661,2,0,1,0
79683,2,0,0,0
79686,2,0,0,0
79718,1,1,0,0
79751,2,0,1,0
79756,2,0,1,0
79764,2,0,1,0
79782,2,0,1,0
79797,1,0,0,0
79805,2,0,1,0
79826,2,0,1,0
79837,2,0,0,0
79864,2,0,1,0
79874,2,0,1,0
79875,2,0,0,0
79881,2,0,0,0
79914,2,0,0,0
79924,2,0,0,0
79927,2,0,0,0
79937,2,0,0,0
79939,1,1,0,0
79991,1,1,0,0
80000,2,0,1,0
80013,2,0,1,0
80064,2,0,0,0
80115,2,0,1,0
80125,0,1,1,0
80161,2,0,1,0
80173,1,1,0,0
80180,2,0,1,0
80260,1,1,0,0
80262,2,0,0,0
80309,1,1,0,0
80317,2,0,1,0
80320,2,0,1,0
80339,2,0,1,0
80347,1,1,0,0
80359,2,0,1,0
80376,2,0,1,0
80405,2,0,1,0
80427,2,0,1,0
80428,2,0,0,0
80464,2,0,1,0
80490,2,0,1,0
80510,2,0,0,0
80527,1,1,1,0
80620,1,1,1,0
80625,2,0,1,0
80638,1,1,0,0
80669,1,1,0,0
80708,2,0,0,0
80732,2,0,1,0
80740,2,0,0,0
80749,2,0,1,0
80761,2,0,1,0
80773,1,1,0,0
80778,1,1,0,0
80796,0,2,1,-1
80832,2,0,0,0
80834,2,0,1,0
80842,1,1,0,0
80863,2,0,1,0
80882,2,0,1,0
80900,2,0,0,0
80902,2,0,0,0
80911,2,0,1,0
80917,2,0,1,0
80961,1,1,0,0
80974,2,1,0,0
80977,1,1,1,0
80978,2,0,1,0
80999,1,1,1,0
81007,2,0,1,0
81017,2,0,0,0
81058,2,0,1,0
81096,2,0,0,0
81105,2,0,1,0
81119,2,0,0,0
81127,2,0,1,0
81135,2,0,1,0
81151,2,0,1,0
81154,2,0,1,0
81162,2,0,1,0
81178,1,1,0,0
81179,1,1,0,0
81186,2,0,1,0
81190,1,1,0,0
81206,2,1,1,0
81212,2,0,1,0
81215,1,1,0,0
81216,2,0,1,0
81219,2,0,0,0
81316,2,0,0,0
81325,2,0,1,0
81350,2,0,1,0
81363,2,0,1,0
81368,2,0,1,0
81381,2,0,1,0
81390,2,0,0,0
81414,2,0,1,0
81425,0,0,1,-1
81433,2,0,1,0
81434,2,0,1,0
81441,2,0,1,0
81452,2,1,1,0
81483,2,0,0,0
81495,2,0,1,0
81521,2,0,1,0
81522,2,0,1,0
81558,2,0,1,0
81572,2,0,1,0
81575,2,0,1,0
81584,2,0,1,0
81588,1,1,0,0
81591,2,0,1,0
81594,2,0,1,0
81610,1,1,0,0
81627,2,0,0,0
81649,2,1,0,0
81661,2,0,1,0
81663,2,0,0,0
81679,2,0,1,0
81692,2,0,1,0
81703,2,0,1,0
81714,0,2,1,-1
81734,2,1,0,0
81747,2,0,1,0
81758,2,0,1,0
81764,2,0,1,0
81772,2,0,1,0
81800,1,1,1,-1
81802,2,0,1,0
81814,1,1,0,0
81819,2,0,1,0
81827,2,0,1,0
81848,2,0,0,0
81863,1,1,0,0
81896,2,0,1,0
81911,2,1,0,0
81913,2,0,1,0
81926,1,1,0,0
81955,2,0,1,0
81977,2,0,0,0
81982,2,0,0,0
82033,2,0,0,0
82066,2,0,1,0
82075,2,0,1,0
82083,2,0,1,0
82100,2,0,1,0
82118,2,1,1,0
82127,2,0,1,0
82131,2,0,1,0
82145,2,0,1,0
82156,2,0,1,0
82163,2,0,1,0
82169,1,1,0,0
82173,2,0,0,0
82175,2,0,1,0
82177,2,0,1,0
82201,1,1,0,0
82219,2,0,1,0
82222,2,0,0,0
82246,2,1,0,0
82263,2,0,1,0
82320,2,0,0,0
82339,2,0,1,0
82350,2,0,0,0
82397,1,1,0,0
82436,2,1,1,0
82476,2,0,1,0
82500,2,1,1,0
82505,2,1,1,0
82520,2,0,0,0
82521,2,0,0,0
82531,1,1,0,0
82544,2,0,1,0
82553,2,0,1,0
82563,1,1,0,-1
82609,2,0,0,0
82613,2,0,0,0
82618,2,1,0,0
82641,2,0,1,0
82663,0,0,1,0
82667,2,1,1,0
82668,1,1,0,0
82676,2,0,0,0
82683,2,0,1,0
82690,2,0,1,0
82691,2,0,0,0
82698,1,0,1,0
82709,2,0,0,0
82718,2,1,0,0
82737,2,0,1,0
82773,1,1,0,0
82795,2,0,1,0
82807,2,0,1,0
82825,2,0,1,0
82862,2,0,1,0
82882,2,0,1,0
82948,2,1,0,0
82949,2,0,1,0
82956,2,0,1,0
82962,1,1,1,0
83047,1,1,0,0
83057,2,0,1,0
83071,2,1,1,0
83082,2,0,0,0
83104,2,0,1,0
83118,1,1,0,0
83123,2,0,1,0
83134,2,0,1,0
83137,1,1,0,0
83138,2,0,1,0
83143,2,0,1,0
83176,2,0,1,0
83178,2,0,1,0
83180,2,0,1,0
83184,2,0,0,0
83201,2,0,1,0
83206,0,0,1,0
83216,2,0,1,0
83220,2,0,0,0
83226,2,0,1,0
83231,2,0,1,0
83236,2,0,1,0
83244,2,0,1,0
83260,2,0,1,0
83265,0,0,1,0
83275,2,0,1,0
83286,1,1,0,0
83305,2,0,1,0
83322,1,1,1,0
83323,2,0,1,0
83355,2,0,0,0
83359,2,0,1,0
83364,2,0,0,0
83366,2,0,1,0
83380,2,0,1,0
83388,2,1,0,0
83415,2,0,0,0
83451,2,1,1,0
83452,2,0,1,0
83475,2,0,0,0
83476,2,0,1,0
83490,1,1,0,0
83509,2,1,0,0
83557,2,0,1,0
83606,2,0,1,0
83608,1,1,0,0
83627,2,0,0,0
83668,2,1,1,0
83672,2,0,1,0
83688,1,1,0,0
83700,2,0,1,0
83705,2,0,0,0
83708,2,0,1,0
83729,2,0,1,0
83732,2,0,0,0
83740,2,0,1,0
83768,2,0,1,0
83770,1,1,0,0
83779,2,0,1,0
83782,2,0,1,0
83806,2,0,1,0
83821,1,1,0,0
83823,2,0,1,0
83829,0,0,1,0
83837,1,1,0,0
83845,2,0,0,0
83869,1,1,1,0
83887,2,1,1,0
83930,1,1,0,0
83940,2,1,0,0
83989,2,0,0,0
83993,2,0,0,0
83994,2,0,0,0
83999,2,0,1,0
84018,1,1,0,0
84034,2,0,1,0
84061,2,0,0,0
84074,2,0,1,0
84090,2,0,1,0
84091,1,1,1,0
84092,2,0,0,0
84108,0,0,1,0
84149,1,1,1,0
84152,1,1,1,0
84154,2,0,1,0
84181,2,0,1,0
84204,2,1,1,0
84230,2,0,1,0
84245,2,0,1,0
84293,1,1,0,0
84329,2,0,1,0
84334,2,0,0,0
84343,0,0,1,0
84353,2,0,1,0
84378,2,0,1,0
84382,2,0,0,0
84392,2,0,1,0
84397,2,0,1,0
84420,2,0,1,0
84428,2,0,1,0
84441,2,0,0,0
84499,2,0,0,0
84519,2,0,1,0
84528,2,0,1,0
84633,2,1,1,0
84639,2,0,1,0
84646,2,0,0,0
84679,1,0,0,0
84693,1,1,0,0
84704,2,0,1,0
84718,1,1,1,0
84727,2,0,1,0
84731,2,1,1,0
84732,2,0,0,0
84738,2,0,0,0
84787,2,0,0,0
84791,2,0,1,0
84795,2,0,0,0
84814,1,1,0,0
84821,2,0,1,0
84824,0,2,1,0
84836,2,0,1,0
84859,1,1,0,0
84908,2,0,1,0
84912,1,1,0,0
84946,1,1,0,0
84961,2,0,1,0
85012,2,0,1,0
85015,2,0,1,0
85019,2,1,1,0
85027,1,1,1,0
85031,2,0,0,0
85034,2,0,0,0
85054,2,1,0,0
85070,2,0,1,0
85073,2,0,1,0
85078,2,0,0,0
85095,2,0,1,0
85126,2,0,0,0
85142,2,0,0,0
85155,2,0,1,0
85169,2,0,1,0
85198,2,0,0,0
85202,2,0,1,0
85232,2,0,1,0
85250,1,1,0,0
85275,2,0,1,0
85282,2,0,1,0
85283,2,0,1,0
85324,2,0,1,0
85347,2,0,1,0
85361,2,0,1,0
85362,2,0,1,0
85363,2,0,1,0
85377,2,0,0,0
85394,2,0,1,0
85399,2,1,1,0
85400,2,0,1,0
85408,1,1,0,0
85442,2,0,1,0
85449,2,0,1,0
85450,2,0,1,0
85472,1,1,0,0
85546,1,1,0,0
85551,1,1,0,0
85552,2,1,0,0
85576,2,0,1,0
85581,2,0,0,0
85586,2,0,0,0
85588,1,1,0,0
85610,1,1,0,0
85650,2,0,1,0
85685,1,1,0,0
85688,2,0,0,0
85735,1,1,0,0
85741,1,0,1,0
85746,2,0,0,0
85750,2,0,1,0
85752,1,1,0,-1
85764,2,1,0,0
85772,2,1,0,0
85777,2,0,0,0
85807,1,0,0,0
85906,2,0,1,0
85924,2,0,1,0
85963,2,0,0,0
85994,2,0,1,0
85995,2,0,0,0
85997,2,1,0,0
86007,2,0,1,0
86022,2,0,0,0
86024,1,1,0,0
86035,2,0,0,0
86043,2,0,0,0
86063,2,0,0,0
86064,2,0,0,0
86074,2,0,1,0
86077,2,1,1,0
86079,2,0,1,0
86090,1,1,0,0
86112,2,0,1,0
86118,2,1,1,0
86123,2,0,1,0
86132,2,0,0,0
86157,2,0,1,0
86201,2,0,1,0
86202,2,0,1,0
86223,2,0,1,0
86241,2,0,1,0
86273,2,1,0,0
86303,2,0,1,0
86306,2,0,1,0
86316,2,0,1,0
86336,2,0,1,0
86339,2,0,1,0
86340,2,0,1,0
86346,2,0,1,0
86362,2,0,0,0
86372,2,0,1,0
86382,2,0,1,0
86395,2,1,0,0
86402,1,1,0,0
86410,2,0,1,0
86427,2,0,1,0
86448,2,1,0,0
86476,2,0,1,0
86524,2,0,0,0
86550,2,0,0,0
86600,1,1,0,0
86605,2,0,1,0
86606,2,0,0,0
86630,2,0,1,0
86645,2,0,1,0
86658,2,0,1,0
86667,2,0,0,0
86688,2,0,0,0
86690,2,0,0,0
86708,1,0,0,0
86757,2,0,0,0
86770,2,0,1,0
86779,2,0,0,0
86812,2,0,0,0
86868,2,0,0,0
86945,2,0,0,0
86958,2,1,1,0
86973,2,0,1,0
86975,2,0,0,0
86989,2,0,1,0
87001,2,0,0,0
87016,2,0,1,0
87018,2,0,1,0
87025,2,0,1,0
87061,2,0,0,0
87068,2,0,0,0
87070,2,0,1,0
87108,2,0,1,0
87185,2,0,0,0
87192,2,0,1,0
87208,1,1,0,0
87235,1,1,0,0
87238,0,2,1,-1
87268,2,0,0,0
87274,2,0,0,0
87283,2,0,0,0
87288,2,0,1,0
87306,2,0,1,0
87319,2,0,1,0
87326,2,0,1,0
87330,2,0,1,0
87332,2,0,0,0
87371,2,0,1,0
87374,2,0,1,0
87397,1,1,0,0
87428,2,0,1,0
87457,2,0,1,0
87460,1,0,0,0
87477,2,0,0,0
87545,0,0,1,0
87559,0,2,1,0
87576,1,1,1,-1
87589,2,0,0,0
87602,2,0,1,0
87663,2,0,1,0
87675,2,0,0,0
87687,2,0,1,0
87692,2,0,0,0
87731,2,0,1,0
87738,2,0,1,0
87746,2,1,0,0
87752,2,0,0,0
87758,2,0,0,0
87828,2,0,0,0
87836,2,1,1,0
87853,1,0,0,0
87857,2,0,0,0
87861,1,1,0,0
87893,2,1,0,0
87941,2,0,1,0
87956,2,0,1,0
87973,2,0,0,0
87974,2,0,0,0
87980,2,0,1,0
87997,2,0,0,0
88013,2,0,1,0
88023,2,0,1,0
88063,2,0,1,0
88104,2,0,1,0
88106,2,1,1,0
88107,2,0,0,0
88127,2,0,1,0
88140,2,0,1,0
88148,2,0,0,0
88159,1,1,0,0
88168,2,0,1,0
88174,2,0,1,0
88196,2,0,1,0
88212,2,0,0,0
88218,2,0,0,0
88222,2,0,1,0
88252,2,0,1,0
88258,2,0,1,0
88276,2,0,1,0
88278,2,0,0,0
88280,2,0,1,0
88299,2,0,0,0
88327,0,0,1,0
88402,2,0,0,0
88413,2,0,0,0
88423,2,0,1,0
88444,2,0,1,0
88447,2,1,0,0
88463,2,0,1,0
88475,2,0,1,0
88500,2,0,1,0
88502,2,0,1,0
88503,2,0,0,0
88515,2,0,1,0
88541,2,0,0,0
88557,2,0,1,0
88561,2,1,0,0
88567,0,0,1,0
88572,1,1,1,0
88579,1,1,1,0
88589,2,0,1,0
88596,2,0,1,0
88638,2,0,1,0
88695,2,0,0,0
88721,2,0,1,0
88734,2,0,0,0
88737,0,0,1,0
88774,1,1,1,0
88810,1,1,1,0
88837,2,0,0,0
88882,2,0,0,0
88897,2,0,0,0
88916,2,0,0,0
88926,2,0,1,0
88942,2,0,1,0
88969,2,0,1,0
88971,2,0,1,0
88975,2,0,1,0
88990,0,0,1,0
89004,2,0,1,0
89033,2,0,0,0
89053,1,1,0,0
89092,2,1,0,0
89150,2,0,0,0
89156,2,0,0,0
89158,1,1,0,0
89178,2,1,1,0
89181,2,0,1,0
89189,1,1,1,0
89194,2,0,1,0
89211,2,0,1,0
89220,1,1,1,0
89221,2,0,0,0
89254,2,0,0,0
89308,2,0,1,0
89322,2,1,1,0
89326,2,0,1,0
89334,2,0,1,0
89336,2,0,1,0
89345,1,1,1,0
89347,2,0,1,0
89350,0,0,1,0
89354,2,0,0,0
89361,2,0,0,0
89363,1,1,0,-1
89371,2,0,0,0
89376,1,1,0,0
89388,2,0,1,0
89414,2,0,1,0
89432,2,0,1,0
89445,1,1,0,0
89472,2,0,0,0
89483,1,1,0,0
89503,2,0,1,0
89507,2,0,1,0
89531,2,0,1,0
89535,2,1,0,0
89554,2,0,0,0
89556,2,0,1,0
89600,1,1,0,0
89622,2,0,1,0
89624,2,0,1,0
89653,2,0,0,0
89656,2,1,0,0
89680,2,1,0,0
89729,1,1,0,0
89736,2,0,1,0
89740,2,0,1,0
89763,1,1,0,0
89792,2,0,0,0
89810,2,0,1,0
89839,1,1,0,0
89842,2,0,1,0
89844,1,1,0,0
89849,2,0,1,0
89868,2,0,0,0
89898,2,0,0,0
89921,2,0,1,0
89942,2,0,0,0
89943,2,0,1,0
89962,2,0,1,0
90013,2,0,1,0
90035,2,0,0,0
90062,2,0,1,0
90134,2,0,1,0
90160,0,0,1,0
90169,2,0,1,0
90175,2,0,1,0
90193,2,0,0,0
90204,2,0,1,0
90263,2,0,1,0
90275,1,1,1,0
90287,2,0,1,0
90337,1,1,0,0
90344,2,0,1,0
90357,2,0,1,0
90385,2,0,0,0
90462,2,0,0,0
90479,1,1,0,0
90480,1,1,1,0
90483,2,0,1,0
90588,2,0,0,0
90606,1,1,0,0
90622,2,0,1,0
90628,2,0,0,0
90630,2,0,0,0
90637,2,0,1,0
90642,2,0,1,0
90659,1,1,0,0
90669,2,0,1,0
90686,1,1,0,0
90737,2,0,1,0
90739,2,0,1,0
90759,2,1,1,0
90772,2,0,1,0
90813,2,0,0,0
90852,2,0,1,0
90856,1,1,1,0
90860,2,0,0,0
90871,2,0,1,0
90876,0,0,1,0
90908,2,0,0,0
91000,2,0,1,0
91001,1,1,0,0
91016,2,0,1,0
91035,2,0,1,0
91040,2,0,1,0
91062,2,0,0,0
91099,1,1,0,0
91116,2,0,1,0
91146,2,0,1,0
91148,2,0,1,0
91151,2,0,1,0
91196,0,0,1,0
91221,2,0,0,0
91255,2,0,1,0
91283,2,0,1,0
91292,2,0,1,0
91308,2,0,1,0
91309,2,0,0,0
91319,2,0,1,0
91323,2,0,1,0
91343,2,0,0,0
91344,2,1,1,0
91364,1,0,1,0
91368,2,0,1,0
91392,2,0,1,0
91403,2,0,1,0
91436,2,0,0,0
91437,1,1,0,0
91444,2,0,1,0
91445,2,0,1,0
91461,2,0,1,0
91479,1,1,0,0
91481,1,1,0,0
91491,1,1,0,0
91494,2,0,1,0
91512,2,0,1,0
91526,2,0,1,0
91539,2,0,1,0
91542,1,1,0,0
91560,2,0,1,0
91564,2,0,1,0
91572,2,0,0,0
91589,1,1,1,0
91613,2,0,0,0
91622,2,0,1,0
91631,2,0,1,0
91662,2,0,1,0
91682,2,0,1,0
91700,2,0,0,0
91709,2,0,1,0
91741,2,0,1,0
91762,2,0,1,0
91776,2,0,1,0
91784,2,0,0,0
91785,2,0,1,0
91788,2,0,0,0
91797,2,0,0,0
91907,2,0,1,0
91909,2,1,1,0
91910,0,0,1,0
91913,2,0,1,0
91925,2,0,0,0
91931,2,0,1,0
91939,2,0,1,0
91961,2,0,1,0
91969,2,0,1,0
91980,2,0,1,0
92003,2,0,1,0
92034,2,0,1,0
92059,2,0,0,0
92065,2,0,1,0
92078,2,0,0,0
92086,2,0,1,0
92091,2,0,1,0
92108,1,1,0,0
92123,1,1,0,0
92125,2,0,0,0
92142,2,0,1,0
92150,2,0,0,0
92164,1,1,1,0
92168,2,0,0,0
92169,2,0,1,0
92203,2,0,1,0
92229,2,0,1,0
92234,2,0,1,0
92245,1,1,0,0
92257,1,1,0,0
92267,2,1,1,0
92285,2,0,1,0
92291,2,0,0,0
92296,2,0,0,0
92299,2,0,1,0
92322,1,1,0,-1
92343,1,1,0,0
92373,2,0,1,0
92400,2,0,0,0
92459,0,0,1,0
92476,2,0,0,0
92528,2,0,0,0
92536,2,0,1,0
92601,2,0,1,0
92607,1,0,1,0
92614,2,0,1,0
92620,2,0,1,0
92636,2,0,1,0
92667,2,0,1,0
92680,2,0,1,0
92697,1,1,0,0
92710,2,1,0,0
92712,2,0,1,0
92741,2,0,0,0
92750,2,0,1,0
92773,2,1,1,0
92812,2,0,1,0
92835,2,0,1,0
92843,2,0,0,0
92864,2,0,1,0
92868,2,0,0,0
92874,2,0,1,0
92880,1,1,0,0
92926,2,0,0,0
92965,2,0,0,0
92978,2,0,1,0
92989,1,1,0,0
92995,2,0,0,0
93003,2,0,1,0
93004,2,0,0,0
93006,2,0,1,0
93013,1,1,1,0
93023,2,1,1,0
93053,2,0,1,0
93093,1,1,0,0
93128,2,0,1,0
93129,2,0,1,0
93150,2,0,1,0
93163,2,0,0,0
93177,1,1,1,0
93195,2,0,1,0
93231,2,0,1,0
93235,2,0,0,0
93242,2,1,1,0
93260,2,0,0,0
93262,2,0,1,0
93312,2,0,1,0
93313,2,0,1,0
93323,2,0,1,0
93344,2,0,1,0
93357,2,0,1,0
93370,2,0,1,0
93374,2,0,1,0
93376,1,1,0,0
93400,2,0,0,0
93403,2,1,1,0
93410,2,0,1,0
93429,2,0,1,0
93445,1,1,0,0
93452,2,0,0,0
93454,1,1,0,0
93461,2,0,0,0
93465,2,0,0,0
93480,1,1,0,0
93525,2,0,0,0
93545,1,1,0,0
93570,1,1,0,0
93575,0,0,1,0
93601,2,0,1,0
93664,2,0,0,0
93671,2,0,1,0
93679,2,1,0,0
93690,2,0,1,0
93701,2,0,0,0
93717,1,0,0,0
93718,2,0,0,0
93721,0,0,1,0
93725,2,0,1,0
93742,2,0,0,0
93782,2,0,0,0
93795,2,0,1,0
93819,2,0,1,0
93851,2,0,1,0
93858,2,0,1,0
93873,2,0,1,0
93899,2,0,0,0
93915,2,0,1,0
93918,2,0,1,0
93927,2,0,0,0
93965,2,0,0,0
93966,2,0,1,0
93976,2,0,1,0
93992,2,0,1,0
93993,2,0,1,0
94021,2,0,0,0
94073,2,0,1,0
94079,2,0,1,0
94110,2,0,0,0
94125,1,1,0,0
94129,2,0,1,0
94148,2,0,0,0
94153,1,1,0,0
94175,1,1,0,0
94184,2,0,1,0
94200,1,1,0,0
94276,2,0,1,0
94282,2,0,1,0
94312,2,0,0,0
94340,1,0,0,0
94352,2,0,1,0
94364,2,0,1,0
94369,2,0,1,0
94419,2,0,1,0
94433,2,0,1,0
94435,2,0,1,0
94461,2,0,1,0
94473,2,0,1,0
94518,2,0,1,0
94527,2,0,1,0
94532,2,0,1,0
94537,0,0,1,0
94538,2,0,0,0
94541,2,0,1,0
94545,2,0,0,0
94558,2,0,1,0
94604,2,0,1,0
94616,2,0,0,0
94625,2,0,0,0
94627,2,0,1,0
94657,2,0,0,0
94670,2,0,1,0
94684,1,1,1,0
94695,2,0,1,0
94703,2,0,1,0
94706,2,0,0,0
94708,2,0,1,0
94730,2,0,1,0
94732,2,0,1,0
94742,2,1,0,0
94756,2,0,0,0
94767,2,0,1,0
94814,2,0,1,0
94843,2,0,1,0
94868,2,0,1,0
94881,2,0,0,0
94893,2,0,0,0
94896,2,0,1,0
94906,2,0,0,0
94909,2,0,1,0
94927,0,1,0,0
94928,2,0,1,0
94940,2,0,0,0
94951,1,0,0,0
94963,1,1,0,0
94980,1,1,0,0
94992,2,0,1,0
94996,2,0,0,0
95003,2,0,1,0
95011,2,0,0,0
95021,2,0,1,0
95023,1,1,0,0
95032,2,0,1,0
95035,2,0,1,0
95043,1,0,0,0
95068,2,0,1,0
95085,1,1,0,0
95147,2,0,0,0
95161,2,0,0,0
95166,1,1,0,0
95193,2,0,1,0
95197,2,0,1,0
95200,1,1,0,0
95217,1,1,0,0
95233,2,0,1,0
95239,1,1,0,0
95245,2,1,0,0
95252,2,0,1,0
95259,1,1,0,0
95278,2,0,0,0
95300,2,0,1,0
95397,1,1,1,0
95413,2,0,0,0
95433,2,0,0,0
95462,1,1,0,0
95480,2,0,1,0
95553,2,0,0,0
95575,2,1,0,0
95588,2,0,1,0
95605,2,0,1,0
95616,2,0,0,0
95633,2,0,1,0
95673,1,0,0,0
95718,2,0,1,0
95758,2,0,1,0
95769,2,0,1,0
95789,2,0,0,0
95837,2,1,0,0
95839,2,0,1,0
95873,1,1,0,0
95877,2,0,0,0
95883,2,0,1,0
95890,2,0,0,0
95922,2,0,1,0
95929,2,0,1,0
95932,2,0,1,0
95941,2,0,0,0
95951,2,0,1,0
95974,0,0,1,0
95982,2,0,1,0
95999,2,0,1,0
96055,0,2,1,0
96062,1,1,1,0
96112,2,0,0,0
96141,2,0,1,0
96144,2,0,1,0
96176,2,0,1,0
96197,2,0,1,0
96206,0,0,1,0
96214,2,0,1,0
96249,2,0,0,0
96254,2,0,1,0
96255,2,0,0,0
96289,2,0,1,0
96293,2,0,1,0
96317,2,0,1,0
96339,2,0,0,0
96341,2,0,0,0
96369,2,0,0,0
96407,2,0,1,0
96413,2,0,1,0
96425,2,1,1,0
96443,2,0,1,0
96446,2,0,1,0
96453,2,0,1,0
96472,2,0,1,0
96520,2,0,1,0
96527,2,0,1,0
96539,2,0,1,0
96571,2,0,1,0
96576,2,0,1,0
96590,2,0,1,0
96596,2,0,0,0
96603,2,1,1,0
96628,2,1,0,0
96639,2,0,1,0
96650,2,0,1,0
96652,2,0,1,0
96662,2,0,1,0
96663,2,0,1,0
96667,2,0,0,0
96684,1,1,0,0
96698,2,0,1,0
96728,1,1,0,0
96741,2,0,1,0
96748,2,0,1,0
96778,2,0,1,0
96788,2,0,1,0
96791,2,0,0,0
96802,2,0,1,0
96815,2,0,0,0
96849,2,0,0,0
96866,0,0,1,0
96941,2,0,1,0
96949,2,1,1,0
96967,2,1,1,0
96976,2,0,0,0
97002,1,1,0,0
97033,2,0,1,0
97048,1,1,1,0
97110,2,0,1,0
97111,2,0,0,0
97126,2,0,1,0
97140,2,0,0,0
97142,1,1,0,0
97151,2,0,1,0
97159,2,0,0,0
97178,2,0,1,0
97226,2,0,1,0
97261,2,0,1,0
97279,2,0,0,0
97280,2,0,0,0
97283,1,0,0,0
97303,2,0,1,0
97312,2,0,0,0
97320,2,0,0,0
97323,1,1,0,0
97326,2,0,1,0
97365,1,1,0,0
97374,2,0,1,0
97459,1,1,1,0
97473,2,0,0,0
97485,2,0,1,0
97498,1,1,0,0
97500,1,1,0,0
97513,1,1,0,0
97523,2,0,0,0
97529,2,0,1,0
97569,2,0,0,0
97584,2,0,1,0
97585,2,0,1,0
97591,2,0,0,0
97592,1,0,0,0
97624,2,0,1,0
97636,1,0,1,0
97681,2,0,0,0
97683,2,0,1,0
97696,2,0,1,0
97698,2,0,0,0
97699,2,0,1,0
97711,1,1,0,0
97726,2,0,1,0
97764,2,0,0,0
97767,1,1,1,0
97799,2,0,1,0
97800,2,0,1,0
97803,2,0,0,0
97808,1,1,0,0
97821,2,0,0,0
97830,2,0,0,0
97837,2,0,0,0
97857,2,0,1,0
97867,2,0,1,0
97893,1,1,0,0
97897,2,1,0,0
97899,2,0,1,0
97959,2,1,1,0
97966,2,0,1,0
97981,2,0,1,0
97984,2,0,0,0
97994,2,0,1,0
98013,2,0,1,0
98014,2,0,1,0
98022,2,0,0,0
98050,2,0,0,0
98104,2,0,1,0
98116,1,1,0,0
98121,1,1,0,0
98122,2,0,1,0
98162,2,0,1,0
98192,1,1,0,0
98239,2,0,1,0
98242,2,0,1,0
98259,2,0,0,0
98267,2,0,0,0
98282,2,0,1,0
98299,2,0,0,0
98313,2,0,0,0
98345,2,0,1,0
98353,1,1,0,0
98358,2,0,0,0
98365,1,1,0,0
98399,2,0,1,0
98401,2,0,0,0
98411,2,0,1,0
98416,0,2,1,0
98420,2,0,1,0
98437,2,0,1,0
98450,2,0,0,0
98451,1,1,0,0
98477,2,0,1,0
98583,2,0,1,0
98620,2,0,0,0
98629,1,1,1,0
98693,2,0,1,0
98710,2,0,1,0
98751,2,0,0,0
98778,2,0,1,0
98781,2,0,1,0
98788,2,0,0,0
98792,2,0,1,0
98806,2,0,0,0
98817,2,0,1,0
98830,2,0,1,0
98838,2,0,1,0
98861,1,1,0,0
98879,2,0,1,0
98898,2,0,1,0
98912,0,0,1,0
98957,2,0,0,0
98986,2,0,1,0
99017,2,0,1,0
99029,2,0,1,0
99051,2,0,1,0
99068,2,1,0,0
99070,2,0,1,0
99114,2,0,1,0
99128,2,0,1,0
99193,2,0,1,0
99225,1,1,0,0
99245,2,0,0,0
99266,2,0,1,0
99272,2,0,1,0
99326,2,0,0,0
99336,2,0,0,0
99381,2,1,1,0
99430,2,0,0,0
99454,2,0,0,0
99456,2,0,1,0
99472,2,1,0,0
99473,0,0,1,0
99474,1,1,0,0
99521,2,0,1,0
99528,1,1,0,0
99546,0,0,0,0
99553,2,0,1,0
99573,2,1,1,0
99600,2,0,1,0
99606,2,0,0,0
99644,2,0,0,0
99703,2,0,0,0
99723,2,0,1,0
99729,2,0,0,0
99746,1,1,0,0
99784,2,0,0,0
99800,1,1,0,0
99820,2,0,1,0
99827,2,1,0,0
99830,2,0,0,0
99887,2,0,0,0
99892,2,0,1,0
99895,2,0,1,0
99897,1,1,1,0
99906,2,0,0,0
99916,2,0,1,0
99978,2,0,0,0
99984,2,0,1,0
99999,2,0,1,0
100048,2,0,1,0
100063,1,1,0,0
100081,2,0,1,0
100086,2,0,1,0
100098,2,0,1,0
100124,2,0,0,0
100208,1,1,0,0
100211,2,1,1,0
100220,2,0,1,0
100250,2,0,1,0
100252,2,0,1,0
100282,1,1,0,0
100331,2,0,1,0
100358,2,0,0,0
100361,1,1,0,0
100367,2,0,1,0
100370,2,0,1,0
100393,2,0,1,0
100409,2,0,0,0
100411,0,0,1,0
100429,2,1,0,0
100446,2,0,1,0
100455,2,0,1,0
100464,1,1,0,0
100480,1,1,0,0
100518,2,0,1,0
100532,2,0,1,0
100549,2,0,1,0
100566,2,0,0,0
100581,2,1,1,0
100583,2,0,1,0
100624,2,0,1,0
100637,2,0,1,0
100692,2,0,1,0
100694,2,0,1,0
100704,1,0,0,0
100716,2,0,0,0
100721,2,0,1,0
100748,2,0,1,0
100760,2,0,1,0
100776,1,1,1,0
100783,2,0,1,0
100786,2,0,1,0
100791,2,0,0,0
100824,2,0,1,0
100834,2,0,1,0
100847,2,0,1,0
100850,2,0,0,0
100855,2,1,1,0
100858,2,0,1,0
100869,1,1,0,0
100894,2,0,1,0
100917,2,0,1,0
100927,1,1,1,0
100936,2,0,1,0
100946,2,0,1,0
100966,2,0,0,0
100975,2,0,1,0
100976,2,0,0,0
101033,2,0,1,0
101056,2,1,0,0
101075,2,0,1,0
101094,2,0,1,0
101140,1,1,0,0
101157,2,0,0,0
101159,1,1,0,0
101164,2,0,0,0
101172,2,0,1,0
101182,2,0,0,0
101200,2,0,1,0
101208,0,0,0,0
101237,2,0,1,0
101238,2,0,1,0
101242,1,1,0,0
101248,2,0,1,0
101272,2,0,0,0
101280,1,1,0,0
101297,2,0,1,0
101306,2,0,0,0
101318,2,0,1,0
101331,2,0,1,0
101426,1,1,0,0
101444,2,0,0,0
101455,1,1,0,0
101456,1,1,0,0
101462,2,0,1,0
101481,2,0,1,0
101487,1,1,0,0
101517,1,1,0,0
101547,1,1,0,0
101549,2,0,1,0
101557,2,0,0,0
101565,2,0,1,0
101603,2,0,1,0
101605,2,0,0,0
101657,2,0,1,0
101664,2,0,0,0
101669,2,0,1,0
101672,2,0,1,0
101700,2,0,0,0
101732,1,1,1,0
101770,2,0,1,0
101802,2,0,1,0
101805,2,0,0,0
101814,1,1,1,0
101817,1,0,0,0
101831,1,1,1,0
101835,2,0,1,0
101837,2,0,1,0
101849,2,0,1,0
101871,1,1,0,0
101891,2,0,0,0
101908,2,0,0,0
101919,2,0,1,0
101923,2,0,0,0
101943,1,1,0,0
101976,2,0,0,0
101983,2,0,1,0
102006,0,2,1,0
102010,2,0,1,0
102019,2,0,1,0
102022,1,1,0,0
102038,2,1,0,0
102051,2,0,1,0
102055,2,0,1,0
102077,1,1,0,0
102078,2,0,1,0
102085,2,0,1,0
102086,2,0,0,0
102091,2,0,1,0
102106,2,0,0,0
102121,2,1,1,0
102129,2,0,0,0
102145,2,0,1,0
102146,1,1,0,0
102151,2,0,1,0
102197,2,0,1,0
102209,2,1,0,0
102242,2,0,1,0
102251,2,0,1,0
102258,2,0,0,0
102269,2,0,1,0
102287,2,0,1,0
102298,2,0,1,0
102306,2,0,1,0
102340,1,1,0,0
102345,2,0,0,0
102359,2,0,1,0
102378,0,0,1,0
102386,1,1,0,0
102403,2,0,1,0
102451,2,0,1,0
102460,2,0,0,0
102466,1,1,0,0
102473,2,0,0,0
102474,2,1,1,0
102477,0,0,1,0
102488,1,1,0,0
102489,2,0,1,0
102530,2,0,1,0
102543,2,0,1,0
102561,2,0,0,0
102570,2,0,1,0
102580,2,0,0,0
102603,2,0,0,0
102605,2,0,1,0
102609,2,0,1,0
102669,1,0,0,0
102683,2,0,1,0
102715,2,0,1,0
102725,2,0,1,0
102777,2,0,1,0
102808,2,0,1,0
102831,1,1,1,0
102890,2,0,0,0
102892,2,0,0,0
102912,2,1,1,0
102976,1,1,0,0
102983,2,0,1,0
103026,2,0,1,0
103030,2,0,1,0
103036,2,0,1,0
103047,2,1,1,0
103056,2,1,0,0
103064,2,0,1,0
103102,2,0,1,0
103122,2,1,1,0
103127,2,0,1,0
103151,2,0,0,0
103154,2,0,0,0
103173,1,1,0,0
103190,2,0,1,0
103193,2,0,1,0
103197,2,0,0,0
103198,2,0,0,0
103203,2,0,0,0
103211,2,0,1,0
103212,2,0,1,0
103227,2,1,1,0
103237,2,0,1,0
103268,2,0,1,0
103270,2,1,0,0
103282,2,0,1,0
103322,2,0,0,0
103374,2,0,0,0
103379,2,0,0,0
103389,2,0,1,0
103396,2,0,1,0
103424,2,0,1,0
103445,2,0,1,0
103449,2,0,0,0
103454,1,1,0,0
103488,2,0,0,0
103490,2,0,0,0
103497,2,0,0,0
103510,2,0,0,0
103515,2,0,1,0
103536,2,0,1,0
103537,2,0,0,0
103546,2,0,1,0
103555,2,0,0,0
103571,2,0,1,0
103577,2,0,0,0
103585,2,0,1,0
103596,2,0,1,0
103603,2,0,0,0
103604,1,1,0,0
103614,2,0,1,0
103631,2,0,0,0
103647,0,0,1,0
103679,2,0,1,0
103685,2,0,0,0
103708,2,0,0,0
103717,1,1,0,0
103741,1,0,0,0
103755,2,0,1,0
103761,1,1,0,0
103769,2,0,1,0
103777,2,0,1,0
103813,2,0,1,0
103831,2,0,1,0
103832,2,0,0,0
103841,2,0,1,0
103843,2,0,0,0
103857,2,0,1,0
103884,1,1,0,0
103890,2,0,0,0
103899,0,0,1,0
103960,2,0,1,0
103970,2,1,0,0
103976,1,1,1,0
104006,2,0,1,0
104010,2,0,0,0
104015,1,1,0,0
104029,2,0,1,0
104047,2,0,1,0
104061,2,0,1,0
104095,0,2,1,-1
104105,1,1,1,0
104112,1,1,0,0
104134,2,0,1,0
104139,2,0,0,0
104165,2,0,1,0
104177,2,0,1,0
104187,2,0,1,0
104222,1,1,1,0
104248,0,2,1,0
104250,2,0,1,0
104254,2,0,1,0
104280,2,0,1,0
104282,2,0,1,0
104287,2,0,0,0
104296,1,1,1,0
104319,2,0,1,0
104345,2,0,1,0
104389,1,1,0,0
104400,2,0,1,0
104405,2,0,0,0
104407,2,0,1,0
104427,2,0,1,0
104431,2,0,1,0
104453,1,1,0,0
104458,2,0,0,0
104473,2,0,1,0
104477,2,0,0,0
104492,0,0,1,0
104498,2,0,0,0
104499,2,0,1,0
104512,2,0,0,0
104526,2,0,1,0
104530,2,0,1,0
104546,1,1,0,0
104550,2,0,0,0
104558,2,0,1,0
104562,2,0,1,0
104579,2,0,1,0
104584,2,0,1,0
104587,2,0,0,0
104616,2,0,0,0
104628,2,0,1,0
104630,2,0,0,0
104636,2,0,1,0
104673,2,1,1,0
104696,1,1,0,0
104708,2,0,1,0
104744,2,0,1,0
104762,1,1,0,0
104802,2,0,1,0
104805,2,0,1,0
104831,2,0,1,0
104845,2,0,0,0
104877,2,0,1,0
104900,1,1,0,0
104902,0,2,1,1
104909,2,0,0,0
104920,2,0,0,0
104930,1,0,1,0
104934,2,0,1,0
104970,2,0,1,0
105001,2,0,1,0
105065,2,0,1,0
105071,2,0,1,0
105102,2,0,1,0
105106,2,0,0,0
105120,2,0,1,0
105145,2,0,1,0
105174,2,0,0,0
105177,2,0,1,0
105201,1,1,0,0
105203,2,1,1,0
105207,2,0,0,0
105210,2,0,0,0
105238,2,1,1,0
105260,2,0,1,0
105269,1,1,0,0
105271,2,0,1,0
105297,2,0,1,0
105298,2,0,0,0
105330,2,1,1,0
105337,2,0,1,0
105359,2,0,1,0
105363,1,1,0,0
105377,1,1,1,-1
105458,2,0,1,0
105468,2,0,0,0
105470,2,0,1,0
105489,2,0,1,0
105508,2,0,0,0
105537,2,0,1,0
105585,2,0,0,0
105594,1,1,0,0
105637,2,1,1,0
105649,2,1,1,0
105679,2,0,1,0
105691,2,0,0,0
105705,1,1,0,0
105727,2,0,1,0
105774,2,0,1,0
105786,2,0,1,0
105795,1,0,0,0
105798,2,1,0,0
105859,2,0,1,0
105861,2,0,0,0
105913,1,1,0,0
105920,2,0,1,0
105941,2,0,1,0
105948,1,1,0,0
105950,2,0,0,0
105986,2,0,0,0
105990,0,0,1,0
106022,2,0,1,0
106044,2,0,0,0
106045,2,0,0,0
106065,2,0,0,0
106073,2,0,0,0
106079,2,0,1,0
106094,2,0,1,0
106102,1,1,0,0
106125,2,1,0,0
106126,2,1,1,0
106139,2,0,1,0
106140,2,0,1,0
106172,2,0,0,0
106207,2,1,0,0
106247,2,0,0,0
106249,2,0,0,0
106269,2,0,1,0
106273,1,1,0,0
106338,2,0,0,0
106342,2,0,1,0
106356,2,0,0,0
106361,2,0,1,0
106365,2,0,0,0
106443,2,0,1,0
106448,2,0,1,0
106476,2,1,1,0
106487,2,0,1,0
106490,2,0,1,0
106541,2,0,0,0
106545,2,0,1,0
106546,2,0,1,0
106555,1,0,1,0
106622,2,0,0,0
106626,2,0,0,0
106640,1,1,1,0
106652,2,0,0,0
106672,2,0,1,0
106701,2,1,0,0
106728,2,0,1,0
106732,2,0,0,0
106746,1,0,1,0
106762,2,0,1,0
106763,2,0,1,0
106764,2,0,1,0
106768,2,0,1,0
106770,2,0,0,0
106783,2,0,1,0
106791,2,0,0,0
106799,1,0,1,0
106801,2,0,1,0
106833,2,0,1,0
106874,2,0,0,0
106889,2,0,0,0
106908,1,1,1,0
106934,2,1,1,0
106950,2,0,1,0
106958,2,0,1,0
106972,2,1,1,0
106993,2,0,0,0
106998,2,0,0,0
107013,2,0,1,0
107017,2,0,1,0
107055,2,1,1,0
107110,2,0,1,0
107112,1,1,0,0
107151,1,1,0,0
107162,2,0,0,0
107172,1,1,0,0
107174,2,0,1,0
107233,2,0,0,0
107250,2,0,0,0
107272,2,0,1,0
107304,2,0,1,0
107307,2,0,1,0
107330,2,0,0,0
107350,2,0,0,0
107358,2,0,1,0
107361,2,0,1,0
107405,2,0,1,0
107444,2,0,0,0
107445,2,0,0,0
107447,2,0,0,0
107486,0,0,1,0
107529,1,1,0,0
107538,1,1,0,0
107550,2,0,0,0
107553,2,0,0,0
107557,2,0,1,0
107577,2,0,1,0
107583,2,0,1,0
107587,2,1,1,0
107623,2,0,1,0
107630,2,0,1,0
107650,2,0,1,0
107663,2,0,1,0
107686,2,0,1,0
107720,1,1,1,0
107738,1,1,0,0
107740,2,0,1,0
107741,1,1,1,0
107752,1,1,0,0
107821,2,0,0,0
107858,1,1,0,0
107881,2,0,1,0
107891,2,0,0,0
107892,2,0,1,0
107922,2,0,0,0
107947,2,1,0,0
107989,1,1,0,0
108000,2,0,1,0
108003,2,1,1,0
108023,2,0,1,0
108032,2,0,1,0
108035,2,0,1,0
108037,2,0,1,0
108045,2,1,0,0
108053,2,0,1,0
108059,2,0,1,0
108070,0,2,1,-1
108076,1,1,0,0
108078,2,1,1,0
108082,2,0,0,0
108093,2,0,0,0
108100,2,0,1,0
108105,2,0,0,0
108131,2,0,1,0
108132,2,0,0,0
108138,2,0,0,0
108143,2,0,1,0
108145,2,0,0,0
108149,2,0,1,0
108156,2,0,0,0
108160,1,1,0,0
108163,2,0,1,0
108181,2,0,1,0
108189,2,0,0,0
108198,2,0,0,0
108205,0,2,1,-1
108221,2,1,1,0
108223,2,1,0,0
108229,2,0,1,0
108244,2,0,1,0
108261,2,0,1,0
108273,2,0,0,0
108296,1,1,0,0
108324,2,0,1,0
108405,1,0,1,0
108407,2,0,1,0
108434,1,1,0,0
108444,2,0,1,0
108459,2,0,1,0
108479,2,0,1,0
108483,1,1,0,0
108486,2,0,1,0
108514,2,0,1,0
108528,2,0,1,0
108529,2,1,0,0
108539,1,0,0,0
108546,2,0,0,0
108579,1,1,0,0
108589,2,1,1,0
108591,2,0,1,0
108628,2,0,0,0
108644,2,0,1,0
108670,2,0,1,0
108685,1,1,0,0
108708,2,0,1,0
108712,2,0,1,0
108718,2,0,1,0
108730,2,0,1,0
108766,2,0,1,0
108779,1,1,0,0
108785,2,0,1,0
108836,1,1,0,0
108873,2,0,1,0
108893,2,0,0,0
108967,0,0,1,0
108975,2,0,1,0
108986,2,0,0,0
108992,0,0,1,0
109008,2,1,1,0
109017,2,0,1,0
109035,2,0,1,0
109097,2,0,1,0
109104,1,1,0,0
109106,2,0,1,0
109152,1,1,0,0
109208,2,1,0,0
109222,2,0,0,0
109233,2,0,1,0
109258,2,0,1,0
109290,2,1,1,0
109293,2,0,1,0
109306,1,1,0,0
109314,2,0,1,0
109339,2,0,1,0
109350,1,1,0,0
109357,2,0,0,0
109390,1,1,0,0
109398,1,1,1,0
109459,2,0,1,0
109472,0,2,1,-1
109481,2,0,1,0
109497,2,0,1,0
109520,2,0,1,0
109533,2,0,1,0
109545,1,0,0,0
109609,1,1,0,0
109646,1,1,0,0
109678,2,0,0,0
109692,1,1,0,0
109699,1,1,0,0
109726,0,0,1,0
109733,2,0,1,0
109739,2,0,1,0
109759,1,0,0,0
109765,2,0,0,0
109788,2,0,1,0
109797,1,0,1,0
109822,2,0,1,0
109827,0,2,1,0
109832,1,1,0,0
109847,1,0,0,0
109867,1,1,0,0
109897,2,0,0,0
109899,2,0,0,0
109911,2,1,0,0
109934,1,1,0,0
109937,1,1,0,0
109945,2,0,1,0
109956,2,0,1,0
109962,2,0,1,0
109967,2,0,1,0
109997,1,1,0,0
110008,2,0,0,0
110106,2,0,0,0
110137,2,0,0,0
110141,2,0,1,0
110144,2,0,0,0
110155,2,0,1,0
110165,1,1,0,0
110174,2,0,1,0
110194,0,0,1,0
110213,2,0,1,0
110235,2,0,0,0
110241,2,0,1,0
110247,2,0,1,0
110254,2,0,0,0
110285,2,0,1,0
110289,2,0,0,0
110297,2,0,1,0
110300,2,0,0,0
110315,2,0,1,0
110320,2,0,1,0
110330,2,0,0,0
110345,2,0,1,0
110348,2,0,1,0
110353,2,0,1,0
110390,1,0,0,0
110414,2,1,1,0
110430,2,0,1,0
110435,0,0,1,0
110437,2,0,1,0
110449,2,0,0,0
110479,2,1,1,0
110491,2,0,0,0
110497,1,1,0,0
110540,2,0,0,0
110550,2,0,0,0
110562,2,0,0,0
110577,2,0,1,0
110596,1,1,0,0
110621,2,0,1,0
110638,0,0,0,0
110639,2,0,0,0
110647,2,0,0,0
110653,1,1,0,0
110664,2,0,1,0
110666,2,0,1,0
110671,0,0,1,0
110696,2,0,0,0
110701,1,1,0,0
110728,2,0,1,0
110737,2,0,0,0
110777,2,0,1,0
110784,2,0,0,0
110803,2,0,1,0
110853,2,0,1,0
110866,1,1,0,0
110881,2,0,0,0
110913,2,0,1,0
110928,2,0,0,0
110960,2,0,1,0
110975,2,1,1,0
110985,2,0,0,0
110995,2,0,1,0
111021,2,0,1,0
111030,1,1,0,0
111060,2,0,1,0
111065,2,0,0,0
111076,2,0,1,0
111097,1,1,0,0
111098,1,1,0,0
111127,2,0,1,0
111134,1,0,0,0
111135,2,1,1,0
111170,1,1,0,0
111209,2,0,1,0
111239,2,0,0,0
111248,2,0,0,0
111284,2,0,0,0
111299,2,0,1,0
111303,2,0,1,0
111311,2,0,1,0
111330,2,0,0,0
111335,2,0,0,0
111337,2,0,1,0
111361,1,1,1,0
111430,2,0,1,0
111454,2,0,1,0
111472,2,0,1,0
111486,2,0,0,0
111494,1,0,0,0
111499,2,0,1,0
111574,2,0,0,0
111601,2,0,1,0
111625,2,0,1,0
111639,2,0,1,0
111673,1,1,0,0
111680,2,0,0,0
111684,1,1,0,0
111708,2,0,1,0
111735,2,0,0,0
111737,2,0,0,0
111763,1,1,0,0
111793,1,1,0,0
111800,1,1,0,0
111844,2,0,1,0
111864,1,1,0,0
111885,2,0,1,0
111886,2,0,0,0
111914,2,0,0,0
111939,2,0,1,0
111948,2,0,1,0
111955,1,1,0,0
111962,2,0,1,0
111966,1,0,0,0
112008,2,0,1,0
112017,2,0,0,0
112044,1,1,0,0
112046,2,0,1,0
112068,2,0,1,0
112123,2,0,1,0
112132,2,0,0,0
112160,1,1,0,0
112174,2,0,1,0
112219,2,0,0,0
112232,1,1,0,0
112251,1,1,0,0
112277,2,0,1,0
112298,2,0,1,0
112316,2,0,1,0
112322,2,0,1,0
112347,1,0,0,0
112412,1,1,0,0
112447,2,0,1,0
112489,2,0,1,0
112528,2,0,1,0
112537,2,0,0,0
112552,1,0,1,0
112555,2,0,1,0
112570,2,0,1,0
112573,2,0,1,0
112581,2,0,0,0
112592,1,1,0,0
112644,0,2,1,-1
112657,2,0,1,0
112672,2,0,1,0
112677,1,1,0,0
112682,2,0,0,0
112713,2,0,1,0
112726,2,0,1,0
112733,2,0,1,0
112738,2,0,0,0
112773,2,0,1,0
112809,2,0,1,0
112811,2,0,1,0
112821,2,0,0,0
112835,2,0,1,0
112844,2,0,1,0
112845,2,0,1,0
112846,2,0,1,0
112854,2,0,0,0
112858,2,0,1,0
112897,2,0,1,0
112914,0,0,1,0
112924,2,0,0,0
112928,2,0,1,0
112947,2,0,1,0
112954,2,0,0,0
112963,2,0,1,0
113007,2,0,1,0
113024,2,0,1,0
113027,2,0,0,0
113039,2,1,1,0
113050,2,0,1,0
113084,2,1,1,0
113114,2,0,0,0
113116,2,0,1,0
113140,2,0,1,0
113160,0,0,1,0
113163,2,0,0,0
113176,2,0,0,0
113177,1,1,0,0
113195,2,0,1,0
113232,2,0,0,0
113250,2,0,1,0
113252,2,1,0,0
113295,2,0,0,0
113314,2,0,1,0
113324,2,0,0,0
113331,2,0,1,0
113342,2,0,1,0
113349,2,0,1,0
113365,2,0,0,0
113379,2,0,0,0
113383,2,0,0,0
113384,2,1,1,0
113409,2,0,1,0
113420,2,0,1,0
113431,2,1,0,0
113432,2,0,0,0
113457,1,0,0,0
113486,2,0,0,0
113494,2,0,1,0
113532,2,0,1,0
113543,1,1,0,0
113559,2,0,0,0
113570,2,0,1,0
113589,1,1,0,0
113590,2,0,1,0
113592,2,0,1,0
113594,2,0,0,0
113595,2,0,1,0
113609,2,0,0,0
113621,2,0,1,0
113638,2,0,1,0
113644,2,0,1,0
113659,2,0,1,0
113682,2,0,0,0
113693,2,0,1,0
113711,2,0,1,0
113717,2,0,1,0
113746,2,0,1,0
113753,2,0,1,0
113754,2,0,0,0
113764,2,0,1,0
113774,1,1,0,0
113785,2,0,1,0
113811,2,0,1,0
113880,2,0,0,0
113896,1,1,0,0
113910,2,0,1,0
113917,1,1,0,0
113938,2,0,1,0
113943,1,1,1,0
113971,2,0,1,0
113985,2,0,1,0
113995,2,0,1,0
114003,2,0,1,0
114035,2,0,1,0
114079,2,0,1,0
114121,1,1,0,0
114180,2,0,1,0
114203,2,0,1,0
114219,2,0,1,0
114229,2,0,1,0
114236,2,0,0,0
114237,2,0,1,0
114247,2,0,0,0
114281,2,0,0,0
114308,2,0,1,0
114323,1,1,0,0
114348,2,0,1,0
114369,2,0,1,0
114391,2,0,1,0
114410,2,0,1,0
114438,1,1,1,-1
114462,2,0,1,0
114465,2,0,1,0
114523,2,0,1,0
114536,2,0,1,0
114545,2,0,0,0
114559,1,1,0,0
114617,2,0,0,0
114632,2,0,0,0
114653,2,0,0,0
114669,2,0,1,0
114674,2,0,1,0
114694,2,0,0,0
114727,2,0,0,0
114737,1,1,0,0
114750,2,0,1,0
114765,2,0,1,0
114815,0,0,1,0
114816,2,0,1,0
114818,2,1,0,0
114858,2,0,1,0
114865,2,0,0,0
114868,2,0,1,0
114914,2,0,1,0
115006,2,1,0,0
115030,2,0,1,0
115045,2,0,0,0
115061,2,1,1,0
115130,2,0,1,0
115136,2,0,1,0
115155,2,0,1,0
115166,1,1,1,0
115189,2,0,1,0
115218,2,0,1,0
115250,2,0,0,0
115257,2,0,1,0
115290,2,0,0,0
115294,2,0,0,0
115300,2,0,1,0
115310,2,1,1,0
115312,2,0,0,0
115327,2,0,1,0
115329,1,1,0,0
115360,2,0,1,0
115394,2,0,1,0
115397,1,1,0,0
115416,2,0,0,0
115422,2,0,1,0
115495,2,0,1,0
115503,2,0,0,0
115515,1,1,0,0
115539,2,0,1,0
115592,1,1,0,0
115624,2,0,1,0
115661,2,0,1,0
115690,2,0,1,0
115716,1,1,0,0
115725,1,1,1,0
115734,2,0,0,0
115797,1,1,0,0
115804,2,0,1,0
115818,2,0,1,0
115834,2,1,1,0
115850,1,1,0,0
115853,2,0,1,0
115883,2,0,0,0
115890,2,0,1,0
115915,2,0,1,0
115929,2,1,1,0
115942,2,0,1,0
115964,2,0,1,0
115996,2,1,1,0
116030,1,1,1,0
116036,2,0,1,0
116059,2,0,1,0
116062,2,0,1,0
116095,2,0,1,0
116106,2,0,0,0
116120,2,0,1,0
116126,2,0,0,0
116129,2,0,1,0
116147,2,0,0,0
116156,2,0,0,0
116157,2,0,1,0
116194,2,0,1,0
116196,2,0,1,0
116202,2,0,1,0
116203,2,0,1,0
116204,2,0,1,0
116227,2,0,1,0
116264,2,0,1,0
116287,1,1,0,0
116292,2,0,1,0
116301,0,0,1,0
116321,2,0,1,0
116322,2,0,1,0
116344,2,1,1,0
116347,2,0,0,0
116354,2,1,0,0
116363,2,0,1,0
116369,2,0,1,0
116378,2,0,1,0
116397,1,0,1,0
116425,1,1,0,0
116495,2,1,0,0
116519,2,0,1,0
116537,2,1,1,0
116541,1,1,0,0
116545,2,0,1,0
116564,2,1,0,0
116570,2,0,1,0
116580,2,0,1,0
116619,2,0,1,0
116623,2,0,1,0
116651,2,0,1,0
116654,2,0,0,0
116660,2,0,1,0
116676,2,0,1,0
116677,2,0,0,0
116679,2,0,1,0
116681,2,0,1,0
116698,2,0,1,0
116765,2,0,0,0
116773,1,1,0,0
116804,2,0,0,0
116806,2,0,1,0
116818,2,0,1,0
116822,2,0,1,0
116828,2,0,0,0
116872,2,0,1,0
116891,2,0,1,0
116892,1,1,0,0
116915,2,0,1,0
116921,2,0,1,0
116927,2,0,1,0
116956,2,0,0,0
116962,2,0,1,0
116970,2,0,1,0
116972,1,1,0,0
116978,2,0,1,0
117014,2,0,0,0
117016,2,0,1,0
117037,2,0,1,0
117038,2,0,1,0
117046,2,0,1,0
117051,2,0,1,0
117128,2,0,1,0
117144,2,0,1,0
117145,1,1,0,0
117184,2,0,1,0
117233,1,1,0,0
117255,2,0,0,0
117266,1,0,0,0
117268,1,1,0,0
117273,2,0,1,0
117305,2,0,1,0
117321,2,1,0,0
117334,2,1,1,0
117339,1,1,1,0
117350,2,0,0,0
117351,2,1,1,0
117377,2,0,0,0
117381,2,0,1,0
117394,2,0,1,0
117422,1,1,0,0
117454,2,0,1,0
117455,2,1,0,0
117467,2,0,1,0
117472,2,0,1,0
117505,2,0,1,0
117524,2,0,1,0
117525,2,0,1,0
117541,2,0,1,0
117555,2,0,0,0
117579,2,0,1,0
117580,2,1,1,0
117609,2,0,1,0
117622,1,1,0,0
117631,2,1,1,0
117696,2,0,0,0
117706,1,1,0,0
117714,2,0,1,0
117729,2,0,1,0
117739,1,1,0,0
117749,1,1,0,0
117756,2,0,1,0
117763,1,1,0,0
117775,2,0,0,0
117779,2,1,1,0
117794,1,1,1,0
117811,2,0,1,0
117834,2,0,1,0
117840,2,0,1,0
117858,2,0,1,0
117898,2,0,0,0
117923,2,0,1,0
117929,2,0,1,0
117938,2,0,1,0
117952,2,0,1,0
117958,2,0,1,0
117967,2,0,0,0
118050,2,0,1,0
118118,1,1,0,0
118122,2,0,0,0
118125,2,0,0,0
118162,2,0,1,0
118163,2,0,1,0
118166,2,0,1,0
118220,1,1,0,0
118253,0,2,1,0
118258,2,0,1,0
118277,1,1,0,0
118281,2,0,0,0
118321,2,0,0,0
118341,1,1,0,0
118392,2,0,1,0
118406,2,0,0,0
118408,2,0,1,0
118420,2,0,1,0
118427,2,0,1,0
118429,2,1,0,0
118470,2,1,1,0
118491,2,0,0,0
118493,2,0,1,0
118519,2,0,1,0
118535,0,2,1,-1
118567,2,0,0,0
118611,0,0,1,0
118619,2,0,1,0
118634,2,0,1,0
118635,2,0,1,0
118636,2,0,1,0
118719,2,0,0,0
118724,0,2,1,-1
118735,1,1,0,0
118755,2,0,1,0
118800,2,0,1,0
118813,2,0,1,0
118820,2,0,1,0
118829,1,1,1,0
118868,2,0,0,0
118905,2,0,1,0
118913,1,1,0,0
118914,1,1,1,0
118928,2,0,1,0
118932,2,0,1,0
118954,2,0,1,0
118990,2,0,0,0
119034,2,0,1,0
119081,2,0,0,0
119109,1,1,0,0
119110,2,0,1,0
119119,2,0,1,0
119144,2,0,0,0
119148,2,0,1,0
119175,1,1,0,0
119181,2,0,1,0
119184,2,0,1,0
119192,2,0,0,0
119228,2,0,1,0
119282,2,0,1,0
119289,2,0,1,0
119291,2,0,1,0
119297,2,0,1,0
119298,2,1,1,0
119306,1,1,0,0
119309,2,0,1,0
119348,2,0,0,0
119374,2,0,0,0
119412,1,1,0,0
119433,2,0,1,0
119442,2,0,1,0
119454,2,0,0,0
119457,1,1,0,0
119458,2,0,1,0
119488,2,0,1,0
119497,2,0,1,0
119498,2,1,1,0
119524,2,0,1,0
119536,2,0,1,0
119562,2,0,1,0
119563,2,0,0,0
119571,2,0,1,0
119576,0,0,1,0
119577,2,0,1,0
119600,1,1,1,-1
119669,2,0,0,0
119674,2,0,1,0
119686,1,0,1,0
119688,2,0,1,0
119708,2,0,0,0
119742,2,0,0,0
119748,2,0,0,0
119759,2,0,0,0
119785,2,0,1,0
119789,2,0,0,0
119805,2,0,1,0
119827,2,0,1,0
119837,2,0,0,0
119845,2,0,0,0
119858,2,0,1,0
119865,2,0,0,0
119873,2,0,0,0
119885,2,0,1,0
119901,2,0,0,0
119966,1,1,0,0
119976,2,0,1,0
120000,2,0,0,0
120012,1,1,0,0
120056,2,0,1,0
120074,2,1,0,0
120084,2,0,0,0
120089,1,1,0,0
120107,1,1,0,0
120108,1,1,1,0
120119,2,0,0,0
120147,2,0,1,0
120171,2,0,1,0
120181,2,0,1,0
120215,1,1,0,0
120218,2,0,1,0
120249,2,0,1,0
120285,1,1,0,0
120299,2,1,0,0
120318,2,0,1,0
120331,2,0,1,0
120340,2,0,1,0
120354,2,0,0,0
120358,2,0,1,0
120388,2,0,1,0
120391,2,0,1,0
120431,1,1,0,0
120445,2,0,1,0
120460,2,0,0,0
120463,1,1,0,0
120465,2,0,1,0
120520,2,0,1,0
120526,1,1,1,0
120533,0,2,1,0
120546,2,0,1,0
120559,2,0,0,0
120587,2,0,1,0
120599,2,0,1,0
120609,2,0,1,0
120636,2,0,1,0
120637,2,0,1,0
120657,2,0,1,0
120662,1,1,0,0
120673,2,0,1,0
120688,2,0,0,0
120706,2,1,0,0
120722,2,0,0,0
120785,2,0,1,0
120792,2,1,0,0
120803,2,0,1,0
120809,2,0,0,0
120811,2,0,1,0
120819,2,0,1,0
120824,2,0,0,0
120835,1,1,0,0
120876,2,0,1,0
120946,2,0,0,0
120971,2,0,0,0
120987,2,0,1,0
121039,2,0,0,0
121044,2,0,0,0
121050,1,1,0,0
121054,2,0,1,0
121083,2,0,1,0
121095,2,0,1,0
121137,2,0,0,0
121155,2,0,0,0
121182,2,0,1,0
121213,2,0,1,0
121264,2,0,1,0
121284,2,0,0,0
121292,2,0,1,0
121306,2,0,1,0
121312,2,0,1,0
121338,2,0,1,0
121342,2,0,1,0
121383,2,0,1,0
121396,2,0,0,0
121401,1,1,0,0
121406,2,0,1,0
121443,2,0,1,0
121452,2,0,0,0
121459,2,0,0,0
121471,2,0,0,0
121519,2,0,1,0
121528,2,0,1,0
121536,2,0,1,0
121571,2,0,1,0
121580,2,0,1,0
121583,1,1,0,0
121598,2,0,1,0
121601,2,0,0,0
121604,2,0,1,0
121606,2,0,0,0
121626,2,0,0,0
121633,2,0,0,0
121691,2,0,1,0
121712,2,0,0,0
121721,2,0,1,0
121725,1,1,0,0
121743,2,0,1,0
121748,2,0,1,0
121762,1,1,0,0
121763,2,0,1,0
121793,2,1,0,0
121809,2,0,0,0
121827,2,0,1,0
121849,2,0,1,0
121856,2,0,0,0
121863,2,0,1,0
121868,2,0,0,0
121886,1,1,0,-1
121902,2,0,0,0
121909,2,0,0,0
121948,1,1,1,-1
121955,0,0,1,0
121995,2,0,0,0
121999,2,0,0,0
122013,1,0,0,0
122019,1,1,0,0
122023,2,0,1,0
122027,0,0,1,0
122029,2,0,1,0
122045,2,0,1,0
122089,2,0,0,0
122090,2,0,0,0
122091,2,0,1,0
122129,1,1,0,0
122135,1,1,0,0
122151,2,0,1,0
122152,2,0,1,0
122182,2,0,0,0
122211,2,0,0,0
122217,1,1,0,0
122223,1,1,0,0
122237,2,0,1,0
122282,2,0,0,0
122328,2,1,0,0
122386,2,0,1,0
122396,2,0,1,0
122420,2,0,1,0
122431,2,0,1,0
122444,2,0,1,0
122460,2,0,1,0
122483,2,0,1,0
122486,2,0,0,0
122505,2,0,0,0
122507,2,0,0,0
122508,2,0,1,0
122509,2,0,0,0
122517,2,0,0,0
122550,2,0,0,0
122570,2,0,1,0
122591,2,0,1,0
122663,2,0,1,0
122683,2,0,0,0
122730,2,0,1,0
122750,2,0,1,0
122769,2,0,0,0
122777,2,0,1,0
122795,2,0,1,0
122834,2,1,1,0
122857,2,0,1,0
122887,2,0,0,0
122889,2,0,1,0
122906,2,0,1,0
122926,2,0,1,0
122954,2,1,0,0
122956,2,0,1,0
122968,2,0,0,0
123001,2,0,1,0
123049,2,1,0,0
123058,2,0,0,0
123081,1,1,1,0
123091,2,0,1,0
123124,2,0,1,0
123140,2,0,1,0
123151,2,0,0,0
123180,2,0,1,0
123197,2,0,0,0
123243,1,1,0,0
123252,2,0,1,0
123267,2,0,1,0
123287,2,0,1,0
123310,2,0,1,0
123334,2,0,1,0
123361,2,0,0,0
123371,2,0,0,0
123419,2,0,1,0
123432,2,0,1,0
123447,1,1,0,0
123452,2,0,0,0
123527,2,0,0,0
123549,2,0,1,0
123559,2,0,1,0
123566,2,0,1,0
123590,0,0,1,0
123596,2,0,1,0
123604,1,1,0,0
123635,2,0,1,0
123684,2,0,1,0
123702,2,0,1,0
123703,2,0,1,0
123713,2,0,0,0
123745,2,0,1,0
123747,2,0,1,0
123748,1,1,0,0
123756,2,0,1,0
123759,2,0,1,0
123796,2,0,1,0
123806,2,0,1,0
123809,2,1,0,0
123813,2,0,1,0
123864,1,1,0,0
123877,2,0,1,0
123895,2,0,1,0
123901,2,0,1,0
123941,2,1,1,0
123951,2,0,0,0
123952,2,0,1,0
123965,2,0,1,0
123992,2,0,1,0
123996,2,0,1,0
123999,2,0,1,0
124013,2,0,0,0
124061,1,1,0,0
124076,2,1,1,0
124156,2,0,0,0
124215,2,0,1,0
124242,2,1,1,0
124269,1,1,0,0
124275,2,1,1,0
124303,2,0,0,0
124378,2,0,1,0
124379,2,0,1,0
124390,2,0,1,0
124396,2,0,1,0
124402,2,0,0,0
124425,2,1,0,0
124456,2,0,0,0
124463,2,0,0,0
124478,2,0,1,0
124502,1,1,0,0
124515,2,0,0,0
124529,2,0,1,0
124536,2,0,1,0
124577,0,2,1,-1
124600,2,0,0,0
124601,1,1,1,0
124607,2,1,1,0
124619,2,1,1,0
124620,2,1,1,0
124637,2,0,1,0
124645,1,0,0,0
124695,2,0,1,0
124705,2,0,0,0
124739,2,0,0,0
124741,2,0,1,0
124788,2,0,0,0
124806,2,0,1,0
124810,2,1,0,0
124821,1,1,0,-1
124827,0,0,1,0
124836,0,0,1,0
124875,2,0,1,0
124877,0,0,1,0
124880,2,0,1,0
124893,1,1,0,0
124899,2,0,1,0
124944,1,1,1,0
124945,2,0,1,0
124957,2,0,1,0
124959,2,0,1,0
125012,2,0,1,0
125018,2,0,1,0
125029,2,0,1,0
125041,0,2,1,-1
125051,2,0,1,0
125089,2,0,1,0
125109,1,1,0,0
125127,2,0,1,0
125129,2,0,0,0
125150,2,0,1,0
125152,1,1,0,0
125191,2,0,1,0
125206,2,0,0,0
125207,2,0,1,0
125232,2,0,0,0
125237,2,0,1,0
125274,2,1,1,0
125292,1,1,0,0
125308,1,1,0,0
125312,1,0,0,0
125313,2,0,1,0
125337,2,0,1,0
125368,2,0,1,0
125382,2,0,0,0
125388,2,0,1,0
125450,2,0,1,0
125490,1,1,0,0
125496,1,1,0,0
125507,2,0,1,0
125528,2,0,0,0
125559,1,1,0,0
125563,1,1,1,0
125565,2,0,1,0
125569,2,0,1,0
125570,2,0,1,0
125575,2,0,0,0
125576,2,0,1,0
125596,2,0,1,0
125608,1,1,0,0
125629,2,0,0,0
125676,2,0,1,0
125677,2,0,1,0
125682,2,0,0,0
125761,2,0,1,0
125765,2,0,0,0
125835,2,0,1,0
125883,2,0,0,0
125918,1,1,0,0
125945,2,0,1,0
125953,2,0,1,0
125965,1,1,0,0
125969,2,0,0,0
125974,2,0,1,0
125977,2,0,0,0
125983,1,1,0,0
126044,2,0,0,0
126051,2,0,1,0
126056,2,0,1,0
126060,2,0,1,0
126077,2,0,1,0
126085,2,0,0,0
126103,2,0,1,0
126142,2,0,0,0
126171,2,0,1,0
126236,0,2,1,-1
126259,2,0,1,0
126262,2,0,0,0
126310,2,0,1,0
126337,2,0,1,0
126344,2,0,1,0
126353,2,0,0,0
126370,2,0,1,0
126400,1,1,0,0
126403,2,0,0,0
126415,1,1,0,0
126459,2,0,1,0
126504,1,0,0,0
126509,2,0,0,0
126523,2,0,1,0
126541,2,0,1,0
126558,2,0,0,0
126560,2,0,1,0
126562,2,0,1,0
126563,2,1,0,0
126571,2,0,1,0
126583,2,0,1,0
126585,0,2,1,0
126587,2,0,1,0
126617,1,1,0,0
126658,2,0,0,0
126662,1,1,0,0
126666,2,0,0,0
126676,1,1,0,0
126702,1,1,1,-1
126735,2,0,1,0
126762,2,0,1,0
126767,2,1,0,0
126768,2,0,1,0
126820,2,0,0,0
126837,0,0,1,0
126854,2,0,0,0
126884,2,0,0,0
126928,0,0,1,0
126934,0,0,1,0
126939,2,0,0,0
126944,1,0,0,0
126962,1,1,1,0
126973,2,0,1,0
126982,2,0,1,0
126995,2,1,1,0
127008,0,0,1,0
127014,1,1,0,0
127047,1,1,0,0
127070,2,0,1,0
127080,2,0,1,0
127105,2,0,1,0
127121,2,0,1,0
127157,1,1,0,0
127185,1,1,0,0
127203,1,1,0,0
127235,2,0,0,0
127253,1,1,1,0
127261,2,0,0,0
127274,2,0,1,0
127280,2,0,0,0
127288,2,0,1,0
127310,1,1,0,0
127326,2,0,1,0
127329,2,0,1,0
127333,2,0,1,0
127374,2,0,1,0
127382,2,0,1,0
127398,2,1,1,0
127399,2,0,0,0
127418,2,0,1,0
127433,1,1,0,0
127467,2,1,1,0
127483,2,1,1,0
127489,2,0,1,0
127500,2,0,0,0
127524,2,0,0,0
127535,2,0,1,0
127543,1,1,1,0
127546,2,0,0,0
127556,1,1,0,0
127561,2,0,1,0
127577,2,0,1,0
127582,2,0,1,0
127604,2,0,1,0
127631,2,0,0,0
127633,2,0,0,0
127647,1,1,0,0
127654,2,0,1,0
127663,2,0,1,0
127683,1,0,1,0
127685,2,0,1,0
127696,2,0,1,0
127713,2,0,1,0
127717,2,1,1,0
127737,1,0,0,0
127761,2,0,1,0
127772,1,1,0,0
127780,1,1,0,0
127785,2,1,1,0
127806,2,0,1,0
127834,1,1,0,0
127838,2,0,0,0
127865,2,0,1,0
127888,1,0,0,0
127890,2,0,0,0
127910,1,1,0,0
127924,2,0,1,0
127931,1,1,0,0
127967,1,1,0,0
127983,1,1,0,0
128019,2,1,1,0
128029,1,0,1,0
128058,2,0,1,0
128089,1,1,0,0
128091,1,1,0,0
128103,1,0,1,0
128108,2,0,1,0
128130,2,0,1,0
128148,2,0,0,0
128152,2,0,1,0
128166,2,0,1,0
128177,2,0,0,0
128182,2,0,1,0
128191,0,2,1,-1
128195,2,0,0,0
128203,1,1,0,0
128205,2,1,0,0
128230,0,2,1,0
128259,1,1,0,0
128270,2,0,0,0
128294,1,1,0,0
128297,2,0,1,0
128309,2,0,0,0
128398,2,0,0,0
128425,1,1,0,0
128439,2,0,0,0
128442,2,0,0,0
128454,2,0,1,0
128469,2,0,1,0
128485,2,0,1,0
128529,2,0,0,0
128532,1,1,0,0
128548,2,1,0,0
128563,2,0,0,0
128601,0,0,0,0
128614,2,0,1,0
128654,2,0,0,0
128669,1,1,0,0
128678,2,0,0,0
128689,2,0,1,0
128690,1,1,0,0
128696,2,0,1,0
128709,2,0,1,0
128710,2,0,0,0
128728,2,0,0,0
128731,2,0,1,0
128779,2,0,1,0
128808,2,0,1,0
128831,1,0,0,0
128842,2,0,1,0
128843,2,0,1,0
128864,1,0,0,0
128887,2,1,0,0
128900,2,1,1,0
128912,1,1,0,0
128935,2,0,1,0
128938,2,0,0,0
128939,1,1,0,0
128940,2,0,0,0
128977,2,1,0,0
128993,2,0,1,0
129044,2,0,0,0
129046,2,0,0,0
129054,2,0,1,0
129056,2,0,1,0
129100,2,0,0,0
129104,1,1,0,0
129116,2,0,1,0
129138,1,1,0,0
129145,2,0,1,0
129160,1,0,1,0
129162,2,0,0,0
129195,2,0,1,0
129197,2,0,1,0
129205,2,0,0,0
129214,1,1,0,0
129216,2,0,1,0
129221,2,0,1,0
129239,2,0,1,0
129268,2,0,1,0
129273,2,0,0,0
129326,1,1,0,0
129336,2,0,1,0
129341,2,0,1,0
129365,2,0,1,0
129372,2,0,0,0
129388,1,0,0,0
129394,2,0,0,0
129397,2,0,0,0
129427,2,0,1,0
129437,2,0,1,0
129461,2,0,0,0
129474,2,0,1,0
129475,1,1,0,0
129504,2,0,1,0
129520,2,0,1,0
129543,2,0,1,0
129547,2,0,1,0
129550,1,1,0,0
129558,2,1,1,0
129559,2,0,1,0
129573,2,0,1,0
129577,1,1,0,0
129580,2,0,1,0
129593,1,1,1,0
129598,2,0,1,0
129618,1,1,0,0
129626,2,0,1,0
129642,2,1,1,0
129657,2,0,0,0
129678,2,0,1,0
129694,1,1,0,0
129699,1,1,0,0
129704,2,0,1,0
129708,2,0,0,0
129734,2,0,1,0
129739,2,0,0,0
129775,2,1,1,0
129776,2,0,1,0
129791,2,0,0,0
129835,2,0,0,0
129864,2,0,0,0
129902,2,0,0,0
129910,2,0,1,0
129986,2,0,1,0
129996,2,0,1,0
130010,2,0,0,0
130084,2,1,0,0
130089,1,1,0,0
130103,2,1,1,0
130111,2,0,0,0
130148,2,0,1,0
130165,2,0,1,0
130166,0,2,1,0
130180,2,0,1,0
130202,2,0,1,0
130222,2,0,1,0
130233,2,0,1,0
130266,2,0,1,0
130271,2,0,1,0
130284,2,0,0,0
130306,1,1,0,0
130351,2,0,0,0
130362,1,1,0,0
130415,2,1,0,0
130416,1,1,0,0
130421,1,1,0,0
130449,2,0,1,0
130471,2,0,1,0
130476,2,0,1,0
130497,1,1,0,0
130499,2,0,1,0
130518,2,0,1,0
130554,2,0,1,0
130565,2,0,1,0
130629,2,0,1,0
130659,2,0,1,0
130672,2,0,1,0
130675,1,1,0,0
130695,2,0,0,0
130701,2,0,1,0
130722,2,0,0,0
130749,2,0,1,0
130752,2,1,1,0
130761,1,1,0,0
130781,2,0,1,0
130782,2,0,1,0
130787,0,0,1,0
130795,2,0,0,0
130815,2,0,0,0
130819,1,0,0,0
130830,2,0,1,0
130834,2,0,1,0
130866,2,0,1,0
130913,2,0,0,0
130916,1,1,1,0
130964,2,0,1,0
131004,2,0,1,0
131009,2,1,0,0
131026,1,0,0,0
131061,2,0,1,0
131063,2,1,1,0
131070,1,1,0,0
131074,2,0,1,0
131091,2,0,1,0
131104,2,0,1,0
131113,1,1,0,0
131133,2,0,1,0
131143,1,1,0,-1
131208,1,1,0,0
131216,1,1,1,0
131234,2,0,1,0
131239,1,1,0,0
131243,0,0,1,0
131258,1,1,0,0
131283,2,0,0,0
131287,0,0,1,0
131316,1,1,1,0
131350,2,0,1,0
131374,2,0,1,0
131469,1,1,1,-1
131481,2,0,0,0
131493,2,1,1,0
131508,2,0,0,0
131520,2,0,0,0
131584,2,0,1,0
131587,2,1,0,0
131605,2,0,1,0
131634,2,1,1,0
131639,1,1,0,0
131643,1,1,1,0
131645,2,0,1,0
131668,2,0,1,0
131685,2,1,1,0
131774,2,0,1,0
131810,2,1,0,0
131823,2,0,1,0
131854,1,1,0,0
131861,1,1,0,0
131900,2,1,0,0
131909,0,2,1,-1
131944,2,0,0,0
131962,2,0,0,0
131964,2,1,1,0
131975,2,0,1,0
131978,2,0,0,0
131992,1,1,0,0
131993,2,0,1,0
132017,2,0,1,0
132034,2,0,0,0
132052,2,0,1,0
132074,2,0,1,0
132077,2,0,1,0
132082,2,0,1,0
132096,2,1,0,0
132110,2,0,1,0
132113,2,0,1,0
132142,2,0,0,0
132175,2,0,1,0
132214,1,1,0,0
132221,2,0,0,0
132249,2,0,1,0
132288,1,1,0,0
132307,2,0,1,0
132319,2,0,0,0
132328,2,0,1,0
132369,1,1,0,0
132375,2,0,1,0
132392,2,0,1,0
132395,2,0,1,0
132396,2,0,0,0
132418,2,0,1,0
132434,2,0,0,0
132451,0,0,1,0
132488,1,1,1,0
132548,2,0,0,0
132552,1,1,0,0
132553,2,0,1,0
132557,2,0,1,0
132559,2,0,1,0
132613,2,0,1,0
132629,2,0,0,0
132646,2,0,0,0
132660,2,0,1,0
132663,2,0,1,0
132689,2,1,0,0
132692,2,0,1,0
132699,2,0,1,0
132740,2,0,0,0
132791,2,0,0,0
132802,2,0,1,0
132819,2,0,0,0
132853,2,0,0,0
132877,1,1,0,0
132899,2,0,1,0
132910,1,1,1,-1
132957,2,0,1,0
132970,2,0,1,0
133007,2,0,1,0
133011,1,1,0,-1
133020,2,0,1,0
133029,2,0,0,0
133050,2,0,1,0
133055,2,0,1,0
133058,2,0,1,0
133067,1,0,1,0
133075,2,0,1,0
133105,1,1,0,0
133111,1,1,0,0
133128,2,0,0,0
133154,2,0,0,0
133186,2,0,1,0
133204,2,0,1,0
133205,2,0,0,0
133235,2,0,1,0
133242,2,0,0,0
133255,2,0,1,0
133262,2,0,1,0
133264,2,0,0,0
133268,1,1,0,0
133278,1,1,0,0
133365,2,0,1,0
133380,2,0,0,0
133383,2,0,1,0
133384,2,0,0,0
133462,2,0,1,0
133491,2,0,1,0
133505,2,0,1,0
133510,2,0,1,0
133533,1,1,1,0
133560,1,1,0,0
133575,2,0,0,0
133577,2,0,1,0
133605,1,1,0,0
133608,2,0,0,0
133629,2,0,0,0
133668,2,0,1,0
133679,2,0,0,0
133685,2,0,0,0
133705,2,0,1,0
133724,1,0,1,0
133739,2,0,0,0
133740,1,1,0,0
133778,2,0,1,0
133784,2,0,0,0
133791,1,1,0,0
133808,2,0,1,0
133845,2,1,0,0
133850,2,0,1,0
133878,2,0,1,0
133891,2,0,1,0
133899,0,0,1,0
133919,2,0,0,0
133927,2,1,1,0
133932,2,0,1,0
133943,1,1,0,0
134000,2,0,1,0
134003,2,1,0,0
134018,2,0,1,0
134019,2,0,1,0
134077,2,0,0,0
134174,2,0,0,0
134196,2,1,0,0
134223,1,0,0,0
134237,2,0,1,0
134246,2,0,0,0
134262,1,1,0,0
134278,0,2,1,0
134287,1,1,0,0
134291,2,0,1,0
134292,1,1,0,0
134301,2,1,1,0
134321,2,0,1,0
134345,2,0,0,0
134348,2,0,0,0
134396,2,0,0,0
134441,2,0,1,0
134479,2,0,0,0
134486,2,0,0,0
134487,2,0,1,0
134488,2,1,0,0
134498,1,0,0,0
134529,2,0,0,0
134538,2,0,1,0
134572,2,0,1,0
134587,2,0,0,0
134593,2,0,0,0
134594,2,0,0,0
134601,2,0,0,0
134610,1,1,1,0
134623,2,0,0,0
134660,2,0,1,0
134663,1,1,0,0
134669,2,0,1,0
134696,1,1,1,0
134732,2,0,1,0
134746,2,0,1,0
134753,2,0,1,0
134760,2,0,0,0
134768,2,0,0,0
134770,2,0,1,0
134772,1,1,1,0
134776,1,1,0,0
134783,2,0,1,0
134806,2,1,0,0
134832,2,0,0,0
134846,2,0,0,0
134851,0,0,1,0
134870,1,1,0,0
134885,2,0,1,0
134895,2,0,0,0
134901,2,0,0,0
134932,2,0,1,0
134933,1,1,0,0
134954,1,1,0,0
134971,2,0,1,0
134990,1,1,0,0
134994,2,0,0,0
135009,2,0,0,0
135012,2,0,0,0
135013,2,0,1,0
135034,2,0,1,0
135038,2,0,0,0
135039,2,0,1,0
135040,2,0,0,0
135055,2,0,1,0
135072,2,1,1,0
135073,2,0,0,0
135078,2,0,1,0
135082,2,0,1,0
135113,1,1,0,0
135130,2,0,1,0
135138,2,0,0,0
135171,2,0,0,0
135172,2,0,1,0
135180,1,1,0,0
135188,2,0,1,0
135190,2,0,1,0
135205,2,0,1,0
135207,2,0,1,0
135223,0,2,1,1
135249,2,0,0,0
135251,2,0,1,0
135256,0,0,1,0
135261,1,1,0,0
135304,2,0,0,0
135332,1,1,0,0
135334,2,0,1,0
135342,2,0,0,0
135359,2,0,1,0
135366,0,2,1,-1
135367,1,1,0,0
135368,2,0,1,0
135381,2,0,1,0
135388,1,1,0,0
135396,1,1,0,0
135398,2,0,1,0
135409,2,0,1,0
135433,2,1,1,0
135435,2,0,1,0
135483,2,0,1,0
135513,2,0,1,0
135544,2,0,1,0
135548,2,0,0,0
135550,2,0,1,0
135609,2,0,1,0
135614,2,0,1,0
135617,2,0,0,0
135657,2,0,0,0
135684,2,1,1,0
135764,2,0,1,0
135789,2,0,1,0
135800,2,0,1,0
135803,2,0,1,0
135833,2,0,1,0
135838,2,0,1,0
135852,2,1,1,0
135857,2,0,1,0
135868,2,0,1,0
135966,2,0,0,0
135969,1,0,0,0
135970,0,0,1,0
135975,2,0,1,0
135990,2,0,0,0
136030,2,0,0,0
136125,1,1,1,-1
136157,2,0,1,0
136178,2,0,0,0
136188,2,0,0,0
136195,0,0,1,0
136216,2,0,0,0
136221,2,0,0,0
136247,2,0,1,0
136251,2,0,1,0
136309,1,1,0,0
136326,1,1,0,0
136340,2,0,1,0
136345,2,0,1,0
136363,2,0,1,0
136402,2,0,1,0
136424,2,0,0,0
136447,2,0,0,0
136471,2,0,1,0
136474,2,0,1,0
136507,2,0,1,0
136535,2,0,1,0
136543,2,0,0,0
136548,2,0,1,0
136549,1,1,0,0
136581,1,1,0,0
136612,1,1,0,0
136626,2,0,1,0
136636,2,0,0,0
136663,2,0,1,0
136685,2,0,1,0
136706,2,0,0,0
136729,1,1,0,0
136731,2,0,1,0
136732,2,0,1,0
136756,2,0,0,0
136789,2,0,1,0
136794,2,0,1,0
136806,2,0,0,0
136812,1,0,0,0
136823,0,0,1,0
136826,2,0,1,0
136852,1,1,0,0
136862,2,0,1,0
136864,2,0,0,0
136865,2,0,1,0
136878,2,0,0,0
136898,2,0,1,0
136934,2,0,1,0
136942,2,0,0,0
136951,2,0,0,0
136959,2,0,0,0
136967,2,0,1,0
136974,2,0,1,0
136996,2,0,1,0
137010,2,0,1,0
137044,2,0,0,0
137049,2,0,1,0
137056,2,0,1,0
137058,2,0,0,0
137075,2,0,1,0
137082,2,0,0,0
137093,2,0,1,0
137147,2,0,1,0
137148,1,1,1,0
137227,2,0,1,0
137239,2,0,1,0
137252,2,0,1,0
137416,2,1,0,0
137418,2,0,0,0
137433,2,0,1,0
137440,2,0,1,0
137446,2,0,1,0
137454,2,0,1,0
137458,2,0,1,0
137496,2,0,1,0
137500,1,1,0,0
137514,2,0,0,0
137520,2,0,0,0
137533,2,1,1,0
137553,2,0,1,0
137589,2,0,0,0
137607,2,0,0,0
137626,2,0,1,0
137630,2,0,0,0
137640,2,0,0,0
137642,1,1,0,0
137672,2,0,1,0
137708,2,0,0,0
137714,2,0,1,0
137722,1,1,0,0
137725,2,0,1,0
137745,1,1,1,0
137755,2,0,1,0
137776,2,0,1,0
137790,2,0,1,0
137794,2,0,0,0
137799,2,0,0,0
137802,2,0,0,0
137807,2,0,0,0
137808,1,1,0,0
137810,2,0,0,0
137819,1,1,0,0
137826,2,0,0,0
137829,1,1,0,0
137837,2,0,1,0
137841,1,1,0,0
137868,2,0,1,0
137886,2,0,0,0
137969,2,0,0,0
137973,2,0,1,0
138067,2,0,0,0
138071,1,1,0,0
138078,2,0,1,0
138083,2,0,0,0
138112,1,1,0,0
138118,2,0,1,0
138126,2,0,1,0
138128,2,0,1,0
138137,0,0,1,0
138146,2,0,1,0
138192,2,0,1,0
138212,2,0,1,0
138218,2,1,0,0
138222,2,0,1,0
138235,2,0,1,0
138242,2,0,1,0
138249,2,0,0,0
138255,2,0,1,0
138261,2,1,1,0
138287,2,0,1,0
138292,2,0,1,0
138316,2,0,1,0
138396,2,0,1,0
138423,2,0,1,0
138442,1,1,0,0
138453,2,0,1,0
138466,2,0,1,0
138516,2,0,1,0
138546,2,0,0,0
138566,2,0,0,0
138569,1,1,0,0
138578,2,0,0,0
138613,1,1,0,0
138615,2,0,0,0
138619,2,1,1,0
138623,2,0,0,0
138646,2,0,1,0
138686,2,1,0,0
138719,1,1,1,0
138748,2,0,0,0
138786,2,0,1,0
138793,2,0,1,0
138803,2,0,1,0
138818,2,0,1,0
138827,2,1,0,0
138836,2,0,1,0
138844,2,0,1,0
138898,2,0,1,0
138909,2,0,1,0
138958,2,0,0,0
139017,2,0,1,0
139026,2,0,0,0
139050,2,0,1,0
139101,2,0,1,0
139102,2,0,0,0
139114,2,0,1,0
139138,2,0,1,0
139194,2,0,0,0
139201,2,0,0,0
139212,1,1,1,0
139230,1,1,0,0
139241,1,0,0,0
139251,1,1,0,0
139254,1,1,0,0
139301,1,1,0,0
139304,2,0,1,0
139312,2,0,1,0
139323,2,0,0,0
139333,2,1,1,0
139337,2,0,1,0
139355,2,0,1,0
139377,2,1,0,0
139379,2,0,1,0
139396,2,0,1,0
139400,2,0,0,0
139411,2,1,1,0
139413,1,1,0,0
139418,2,0,1,0
139441,1,1,0,0
139446,2,0,1,0
139510,2,0,0,0
139583,0,0,1,0
139594,2,0,1,0
139607,2,0,0,0
139629,2,1,1,0
139667,2,0,0,0
139688,2,0,0,0
139704,1,1,0,0
139750,2,0,0,0
139766,1,1,1,0
139772,2,1,1,0
139779,2,0,0,0
139814,2,0,1,0
139819,2,0,1,0
139823,2,0,1,0
139850,2,0,1,0
139857,2,0,1,0
139871,2,0,1,0
139875,2,0,1,0
139932,2,0,1,0
139935,2,0,1,0
139965,2,0,1,0
139980,2,0,0,0
139990,2,0,0,0
140004,2,0,1,0
140018,2,0,0,0
140038,2,0,1,0
140056,2,0,1,0
140071,2,0,0,0
140074,2,0,0,0
140112,2,0,1,0
140159,1,1,0,0
140165,1,0,0,0
140177,1,1,0,0
140198,2,0,1,0
140210,2,0,1,0
140215,2,0,1,0
140219,2,0,0,0
140220,2,0,1,0
140232,2,0,1,0
140270,2,0,0,0
140278,2,0,0,0
140386,2,0,1,0
140410,1,1,0,0
140451,2,0,1,0
140468,2,0,0,0
140613,2,0,1,0
140641,2,0,0,0
140656,2,0,1,0
140657,2,0,1,0
140669,2,0,1,0
140701,2,0,1,0
140705,2,0,1,0
140707,2,0,1,0
140719,1,1,0,0
140723,2,0,1,0
140724,1,1,0,0
140749,2,0,1,0
140756,1,1,0,0
140788,2,0,1,0
140800,2,0,0,0
140802,2,0,0,0
140811,2,1,0,0
140836,2,0,1,0
140850,2,0,1,0
140859,2,0,0,0
140878,2,0,1,0
140900,2,0,1,0
140902,2,0,1,0
140903,1,1,0,0
140915,2,0,0,0
140928,2,0,1,0
140959,2,0,1,0
140988,2,0,0,0
140994,1,1,0,0
140999,1,1,0,0
141035,2,0,1,0
141038,2,1,0,0
141044,2,0,1,0
141074,1,1,1,0
141076,2,0,1,0
141123,2,0,1,0
141140,1,1,0,0
141164,1,1,0,0
141220,2,0,1,0
141230,2,0,1,0
141248,2,0,0,0
141265,0,0,1,0
141293,2,0,1,0
141294,2,0,0,0
141316,2,0,1,0
141319,1,1,0,0
141322,2,0,1,0
141332,0,0,1,0
141354,2,0,0,0
141382,2,0,1,0
141407,2,0,1,0
141449,1,1,0,0
141486,2,0,1,0
141505,2,0,0,0
141509,1,1,0,0
141514,2,0,0,0
141532,2,0,1,0
141538,2,0,1,0
141556,2,0,1,0
141577,2,0,0,0
141596,2,0,1,0
141605,1,0,0,0
141653,2,0,1,0
141683,2,1,0,0
141696,2,0,1,0
141711,2,0,0,0
141748,2,0,1,0
141784,2,0,1,0
141789,2,0,1,0
141809,1,1,0,0
141810,2,0,1,0
141822,2,0,1,0
141824,2,0,1,0
141882,1,1,0,0
141884,1,0,1,0
141890,0,0,1,0
141898,2,0,0,0
141910,2,0,1,0
141962,2,0,1,0
142008,2,0,0,0
142009,2,0,1,0
142033,2,0,1,0
142040,2,1,1,0
142041,2,0,1,0
142059,2,0,1,0
142061,2,0,1,0
142105,2,0,0,0
142155,2,0,1,0
142186,2,0,1,0
142218,2,0,1,0
142226,2,0,1,0
142229,2,0,0,0
142260,2,0,1,0
142266,1,1,0,0
142276,2,0,1,0
142288,2,0,1,0
142290,2,1,1,0
142312,2,0,1,0
142334,1,1,0,0
142340,2,0,1,0
142374,2,0,1,0
142381,1,1,1,0
142424,2,0,1,0
142454,2,0,1,0
142466,2,0,0,0
142474,2,0,1,0
142499,0,0,1,0
142530,1,1,0,0
142568,2,0,1,0
142571,2,0,1,0
142572,2,0,1,0
142629,1,1,1,0
142674,2,0,1,0
142692,2,0,1,0
142702,2,0,1,0
142726,2,0,0,0
142733,2,0,1,0
142737,2,0,1,0
142739,2,0,1,0
142740,2,0,0,0
142742,1,1,0,0
142760,2,0,1,0
142772,2,0,1,0
142802,1,1,0,0
142845,2,0,1,0
142882,2,0,1,0
142886,1,1,0,0
142918,1,1,1,-1
142923,2,0,0,0
142960,2,0,1,0
142971,2,1,1,0
142988,2,0,1,0
142990,2,0,1,0
143007,2,0,0,0
143021,2,0,0,0
143023,2,0,1,0
143027,2,1,1,0
143028,2,0,1,0
143074,2,0,1,0
143125,1,1,0,0
143132,2,0,1,0
143139,2,0,0,0
143156,2,0,1,0
143173,2,1,1,0
143203,2,0,1,0
143208,2,0,1,0
143211,2,0,1,0
143222,2,1,0,0
143226,2,0,1,0
143273,2,0,1,0
143275,2,0,1,0
143276,2,0,0,0
143316,2,0,1,0
143324,2,0,0,0
143334,2,0,1,0
143335,1,1,0,0
143356,1,1,0,0
143359,1,1,0,0
143370,1,1,0,0
143371,2,1,1,0
143401,2,0,0,0
143427,2,0,1,0
143437,2,1,1,0
143456,2,0,0,0
143468,2,0,0,0
143492,2,0,1,0
143496,2,0,0,0
143511,2,0,1,0
143521,0,0,1,0
143537,2,0,1,0
143538,2,0,1,0
143540,1,1,0,0
143544,2,0,1,0
143553,2,0,1,0
143554,2,1,0,0
143564,2,0,1,0
143575,2,0,1,0
143585,2,0,1,0
143587,2,0,0,0
143601,1,1,0,0
143637,1,1,0,0
143672,2,0,1,0
143689,2,0,0,0
143690,1,1,0,0
143692,0,2,1,0
143723,2,0,0,0
143742,2,0,0,0
143743,2,0,1,0
143750,2,0,1,0
143784,2,0,1,0
143793,1,1,0,0
143798,2,0,0,0
143810,2,0,1,0
143885,1,1,0,0
143927,2,0,1,0
143932,1,1,1,0
143953,1,1,0,0
144000,2,1,0,0
144062,2,0,0,0
144141,2,0,1,0
144147,2,0,1,0
144153,0,2,1,0
144156,2,0,1,0
144164,2,1,0,0
144170,2,0,0,0
144191,2,0,0,0
144205,1,1,0,0
144209,2,1,1,0
144216,2,0,1,0
144226,1,1,0,0
144233,2,0,1,0
144241,2,0,0,0
144272,2,0,1,0
144290,2,0,1,0
144301,2,0,1,0
144321,2,0,1,0
144331,1,1,1,0
144397,2,0,1,0
144400,2,0,1,0
144419,1,1,0,0
144450,2,0,1,0
144464,2,0,1,0
144470,2,0,0,0
144516,1,1,0,0
144541,1,1,0,0
144553,2,0,1,0
144554,1,1,0,0
144581,2,0,1,0
144582,2,0,0,0
144588,0,0,1,0
144597,1,1,0,0
144614,2,0,1,0
144630,2,0,1,0
144655,2,0,0,0
144705,2,0,1,0
144760,2,0,1,0
144764,2,0,1,0
144790,2,0,0,0
144814,2,0,0,0
144828,1,1,1,0
144831,2,0,1,0
144849,1,1,1,0
144853,2,0,1,0
144854,2,0,0,0
144860,2,1,0,0
144876,2,0,0,0
144881,2,0,1,0
144921,2,0,1,0
144926,2,0,1,0
144932,2,0,1,0
144936,2,0,1,0
144950,2,0,0,0
144952,2,0,1,0
144963,2,0,1,0
144977,1,0,1,0
144984,2,0,0,0
144987,2,0,1,0
145004,2,0,0,0
145062,2,0,0,0
145072,2,0,1,0
145105,2,0,0,0
145130,2,0,0,0
145152,2,0,0,0
145178,2,0,0,0
145179,2,0,1,0
145214,2,0,1,0
145223,1,1,0,0
145237,2,0,1,0
145252,1,1,0,0
145274,2,0,1,0
145276,2,0,1,0
145291,2,0,1,0
145317,2,1,0,0
145357,2,0,1,0
145358,2,0,1,0
145377,2,0,1,0
145418,2,0,0,0
145444,1,0,0,0
145445,2,0,1,0
145489,2,0,1,0
145501,1,1,0,0
145532,2,0,1,0
145537,2,0,1,0
145544,2,0,1,0
145546,2,0,1,0
145556,2,0,1,0
145580,1,0,0,0
145595,2,0,1,0
145601,2,0,1,0
145605,2,0,1,0
145610,2,0,1,0
145678,2,0,1,0
145705,2,0,0,0
145750,2,0,1,0
145846,1,1,1,0
145853,2,0,0,0
145873,1,1,0,0
145906,2,0,1,0
145971,2,0,1,0
145977,2,0,1,0
145996,2,0,1,0
146016,2,0,1,0
146023,2,0,1,0
146040,2,0,0,0
146057,2,0,1,0
146078,2,0,1,0
146099,2,1,0,0
146112,1,0,0,0
146119,2,0,1,0
146123,2,0,1,0
146131,2,0,1,0
146133,2,0,0,0
146153,1,1,0,0
146159,2,0,0,0
146160,2,0,1,0
146190,2,0,1,0
146206,2,0,0,0
146209,2,0,1,0
146215,2,0,1,0
146247,1,1,0,0
146267,2,0,1,0
146311,2,0,0,0
146312,2,0,0,0
146344,2,0,1,0
146361,2,0,1,0
146389,2,0,0,0
146402,2,0,0,0
146416,2,0,0,0
146428,2,0,1,0
146479,2,0,0,0
146540,2,0,1,0
146544,2,0,1,0
146569,2,0,1,0
146603,1,1,1,0
146626,2,0,1,0
146644,1,1,1,0
146665,2,0,1,0
146682,2,0,1,0
146725,2,0,0,0
146804,0,0,1,0
146818,2,1,1,0
146840,2,0,1,0
146895,2,0,1,0
146903,1,1,0,0
146920,0,0,1,0
146951,2,0,0,0
146959,1,1,1,0
146976,1,1,0,0
146977,2,0,1,0
147014,2,0,0,0
147055,1,1,0,0
147073,2,0,1,0
147079,2,0,1,0
147097,2,0,1,0
147106,2,0,1,0
147110,2,0,1,0
147140,2,1,1,0
147165,2,0,1,0
147174,2,1,0,0
147177,2,0,0,0
147182,2,0,1,0
147189,2,0,0,0
147192,2,0,0,0
147238,2,0,1,0
147261,2,0,1,0
147273,2,0,1,0
147286,2,0,1,0
147296,2,0,1,0
147297,2,0,1,0
147342,2,0,1,0
147365,2,0,1,0
147379,2,0,0,0
147434,2,0,1,0
147461,2,0,1,0
147468,2,0,1,0
147478,2,0,1,0
147487,1,1,0,0
147488,2,0,1,0
147489,1,1,1,0
147517,2,0,0,0
147552,2,1,0,0
147559,0,2,1,0
147569,1,1,0,0
147608,2,0,1,0
147633,2,0,1,0
147656,0,0,1,0
147676,2,0,1,0
147695,2,0,1,0
147699,2,0,1,0
147706,2,0,1,0
147711,2,0,0,0
147731,2,0,1,0
147732,2,0,1,0
147747,2,1,1,0
147781,2,0,0,0
147804,2,0,1,0
147848,1,1,0,0
147901,2,0,1,0
147903,2,0,1,0
147942,2,0,1,0
147963,2,0,1,0
147971,2,0,0,0
147982,2,0,0,0
147997,1,1,0,0
148015,2,0,0,0
148020,2,0,0,0
148056,2,0,0,0
148077,1,1,0,0
148079,2,0,1,0
148099,2,1,1,0
148112,2,0,0,0
148155,2,0,1,0
148167,2,0,1,0
148201,2,0,0,0
148210,2,0,1,0
148237,2,0,1,0
148238,2,0,1,0
148280,2,0,1,0
148282,2,0,1,0
148318,0,2,1,1
148323,1,1,0,0
148343,2,0,0,0
148353,1,1,0,0
148365,2,0,1,0
148388,2,0,1,0
148415,2,0,1,0
148439,2,0,0,0
148453,2,0,0,0
148454,1,1,0,0
148499,2,0,0,0
148527,2,0,1,0
148534,2,0,0,0
148536,2,0,1,0
148555,2,0,1,0
148563,2,0,1,0
148578,1,1,0,0
148624,2,0,0,0
148627,2,0,0,0
148634,2,0,0,0
148668,2,0,1,0
148679,2,0,1,0
148718,1,0,0,0
148724,2,0,1,0
148728,2,0,1,0
148762,2,0,1,0
148764,2,0,0,0
148767,2,0,1,0
148770,2,0,0,0
148772,1,1,0,0
148778,2,0,0,0
148804,2,0,1,0
148835,1,1,1,0
148850,2,0,1,0
148852,2,0,1,0
148860,2,0,1,0
148866,2,0,0,0
148894,1,1,0,0
148896,2,0,1,0
148897,2,0,1,0
148934,2,0,1,0
148941,2,0,0,0
148949,2,0,0,0
148957,2,1,1,0
148960,2,0,1,0
148975,2,0,0,0
148979,1,1,0,0
149015,2,0,1,0
149067,2,0,1,0
149087,0,0,1,0
149099,2,0,1,0
149105,2,0,1,0
149114,2,0,1,0
149116,1,0,0,0
149139,1,1,0,0
149151,2,0,1,0
149178,2,0,1,0
149186,2,0,1,0
149187,2,0,1,0
149202,2,0,1,0
149249,2,0,1,0
149261,2,0,0,0
149262,2,0,1,0
149289,0,2,1,0
149292,2,1,1,0
149344,2,0,1,0
149353,2,0,0,0
149389,2,0,1,0
149393,2,0,1,0
149394,2,0,1,0
149403,2,0,1,0
149408,2,0,0,0
149467,2,0,1,0
149469,2,0,1,0
149533,2,0,0,0
149574,2,0,1,0
149605,2,0,1,0
149628,2,0,1,0
149629,1,1,0,0
149633,2,0,1,0
149644,2,1,0,0
149667,2,0,1,0
149669,2,0,0,0
149671,2,0,1,0
149677,2,0,0,0
149703,2,0,0,0
149715,2,0,1,0
149717,2,0,0,0
149739,2,0,1,0
149784,2,0,1,0
149790,2,0,0,0
149802,2,0,1,0
149815,2,0,1,0
149820,2,0,1,0
149868,2,0,1,0
149882,2,0,1,0
149883,2,0,0,0
149905,2,0,1,0
149913,2,0,0,0
149947,2,0,0,0
149972,2,0,1,0
149980,2,0,0,0
149983,2,0,1,0
150007,2,0,1,0
150019,2,0,1,0
150023,1,1,0,0
150118,2,0,1,0
150123,1,1,0,0
150149,2,0,0,0
150159,2,0,1,0
150163,1,1,1,-1
150180,2,0,0,0
150200,2,0,1,0
150282,2,0,1,0
150298,2,0,1,0
150338,2,0,0,0
150363,2,0,1,0
150384,1,1,0,0
150397,2,0,1,0
150459,1,1,0,0
150480,2,0,1,0
150490,1,1,0,0
150550,2,0,1,0
150555,2,0,1,0
150563,2,0,0,0
150616,1,1,0,0
150619,2,0,0,0
150686,2,0,1,0
150688,2,0,1,0
150710,2,0,0,0
150723,1,1,0,0
150724,2,0,0,0
150740,1,1,0,0
150763,2,0,0,0
150769,2,1,1,0
150782,2,0,1,0
150783,2,0,1,0
150784,2,0,1,0
150821,2,0,1,0
150828,2,0,1,0
150841,2,0,0,0
150865,2,0,0,0
150866,1,1,0,0
150870,2,0,1,0
150874,2,0,0,0
150931,2,0,0,0
150942,2,0,1,0
150961,2,0,1,0
150984,2,0,0,0
151030,2,0,1,0
151124,2,0,1,0
151140,2,1,1,0
151147,2,0,1,0
151171,2,0,1,0
151221,2,0,1,0
151246,2,0,1,0
151249,1,1,0,0
151295,2,0,1,0
151296,2,0,1,0
151302,1,1,0,0
151320,2,0,0,0
151362,1,1,0,0
151366,2,0,1,0
151389,2,0,1,0
151404,2,0,0,0
151418,2,1,1,0
151424,2,0,1,0
151448,2,0,0,0
151465,2,0,1,0
151471,2,0,0,0
151476,2,0,1,0
151496,2,0,1,0
151507,2,0,1,0
151527,2,0,1,0
151544,2,0,0,0
151546,2,0,0,0
151551,2,0,0,0
151602,1,1,0,0
151604,2,1,0,0
151609,2,0,1,0
151615,2,0,0,0
151642,1,1,0,0
151655,2,0,0,0
151668,2,0,1,0
151669,2,0,1,0
151675,2,0,0,0
151685,2,0,1,0
151686,1,1,0,0
151687,2,0,1,0
151697,2,0,0,0
151698,2,0,0,0
151726,2,0,0,0
151746,2,0,1,0
151757,2,0,1,0
151759,2,0,0,0
151777,1,1,0,0
151779,2,0,0,0
151786,2,0,0,0
151802,2,0,0,0
151822,2,0,0,0
151856,2,0,1,0
151862,2,1,0,0
151871,1,1,0,0
151876,2,0,0,0
151938,2,0,0,0
151940,2,0,1,0
151979,1,1,0,0
152021,2,0,1,0
152046,1,1,0,0
152047,2,0,0,0
152096,2,0,1,0
152104,1,0,0,0
152169,1,1,0,0
152175,2,0,1,0
152182,2,0,1,0
152209,2,1,0,0
152219,2,0,1,0
152225,0,2,1,0
152230,1,1,0,0
152235,2,0,0,0
152238,2,1,1,0
152241,2,0,1,0
152244,2,0,0,0
152271,2,0,1,0
152291,2,0,1,0
152338,0,2,1,1
152371,2,1,0,0
152375,2,0,0,0
152379,2,0,1,0
152441,2,0,0,0
152446,2,0,1,0
152459,1,1,0,0
152484,1,0,0,0
152556,1,1,0,0
152565,2,1,0,0
152569,2,0,1,0
152574,2,0,0,0
152586,2,0,1,0
152587,2,0,1,0
152589,2,0,1,0
152592,2,0,0,0
152596,1,1,1,0
152598,1,1,0,0
152633,2,0,0,0
152642,2,0,0,0
152647,2,0,0,0
152673,2,0,1,0
152717,2,0,1,0
152749,1,1,0,0
152751,2,0,1,0
152759,2,0,1,0
152761,2,0,0,0
152776,2,0,0,0
152777,1,1,0,0
152819,2,0,1,0
152850,2,0,0,0
152891,2,0,1,0
152903,2,0,1,0
152940,1,1,0,0
152953,2,0,1,0
152959,1,0,0,0
153009,2,0,1,0
153029,2,0,0,0
153032,1,1,0,0
153042,2,0,1,0
153047,2,1,0,0
153085,1,0,0,0
153100,2,1,1,0
153160,2,0,1,0
153169,2,0,1,0
153184,2,0,1,0
153204,1,1,0,0
153211,1,1,0,0
153214,2,0,1,0
153215,1,0,0,0
153230,2,0,1,0
153264,1,1,0,0
153274,2,0,1,0
153307,1,1,0,0
153317,2,0,1,0
153328,1,1,0,0
153423,2,0,0,0
153448,2,0,1,0
153450,1,1,0,0
153459,2,0,1,0
153565,1,1,1,0
153582,2,0,1,0
153685,2,0,0,0
153689,2,0,0,0
153696,2,0,1,0
153698,1,1,0,0
153701,2,0,0,0
153706,2,0,1,0
153732,2,0,1,0
153752,2,0,1,0
153755,2,0,0,0
153758,2,0,1,0
153773,2,0,0,0
153782,2,0,1,0
153798,2,0,0,0
153815,2,0,1,0
153862,2,0,0,0
153870,2,0,0,0
153874,2,0,0,0
153922,2,0,1,0
153934,2,0,1,0
153952,2,0,1,0
153957,1,1,0,0
153972,2,0,0,0
154010,2,0,1,0
154042,2,0,0,0
154083,2,0,0,0
154084,2,0,1,0
154094,1,1,0,0
154099,2,0,1,0
154105,2,0,1,0
154114,1,1,0,0
154126,2,0,1,0
154135,1,0,0,0
154168,2,0,1,0
154171,2,0,1,0
154172,1,1,1,0
154178,2,0,1,0
154202,2,0,1,0
154226,2,0,1,0
154238,2,1,0,0
154248,0,0,0,0
154259,2,0,0,0
154269,2,0,1,0
154274,2,0,1,0
154306,2,0,1,0
154307,2,1,1,0
154341,1,1,0,0
154364,2,0,1,0
154400,2,0,1,0
154407,2,0,1,0
154416,2,0,0,0
154430,2,0,1,0
154449,2,0,0,0
154455,2,0,0,0
154487,2,0,1,0
154490,2,0,0,0
154514,1,1,0,0
154515,2,0,1,0
154531,2,0,0,0
154557,2,0,1,0
154570,2,0,1,0
154571,2,0,1,0
154596,2,0,1,0
154610,2,0,1,0
154636,2,0,1,0
154659,1,1,1,0
154694,1,1,0,0
154701,2,0,0,0
154736,2,0,1,0
154746,1,1,0,0
154748,2,0,1,0
154765,1,1,0,0
154771,2,0,0,0
154798,2,1,0,0
154811,2,0,0,0
154834,1,1,0,0
154847,2,0,1,0
154863,2,0,1,0
154889,1,0,1,0
154904,2,0,1,0
154919,2,0,1,0
154922,2,0,1,0
154949,2,1,1,0
154950,2,0,0,0
154959,2,1,0,0
154970,2,0,1,0
154988,2,0,1,0
155030,1,1,0,0
155035,2,0,0,0
155038,2,0,1,0
155072,2,0,1,0
155165,2,0,1,0
155228,2,0,1,0
155229,2,0,1,0
155243,2,0,1,0
155260,2,0,1,0
155267,2,0,0,0
155274,2,0,1,0
155288,2,0,1,0
155350,1,1,1,0
155403,2,0,1,0
155409,2,0,1,0
155420,2,0,1,0
155421,2,0,1,0
155437,2,0,0,0
155454,2,0,0,0
155479,2,0,1,0
155496,1,1,0,0
155509,2,0,1,0
155516,2,0,0,0
155560,2,0,1,0
155561,2,0,1,0
155613,2,0,0,0
155617,2,0,0,0
155650,2,0,0,0
155687,2,0,1,0
155724,2,0,1,0
155752,2,0,1,0
155759,2,0,1,0
155777,2,0,1,0
155779,2,0,1,0
155791,2,1,0,0
155828,2,0,1,0
155851,2,0,0,0
155855,2,0,1,0
155869,2,0,1,0
155888,2,0,1,0
155905,2,0,0,0
155933,2,0,0,0
155954,2,0,1,0
155962,2,0,1,0
155980,2,0,1,0
156011,2,0,0,0
156027,2,0,1,0
156040,1,1,0,0
156048,2,0,1,0
156049,0,0,0,0
156057,1,1,0,0
156078,2,0,1,0
156084,2,0,1,0
156102,1,1,0,0
156154,2,0,1,0
156184,2,0,1,0
156202,2,0,0,0
156232,2,0,1,0
156239,2,0,1,0
156242,2,0,0,0
156253,2,0,1,0
156284,2,0,1,0
156287,2,0,0,0
156300,2,0,1,0
156321,2,0,0,0
156334,2,0,1,0
156337,1,1,1,0
156359,2,0,1,0
156362,1,1,0,0
156372,2,1,0,0
156392,2,0,1,0
156396,2,0,1,0
156405,2,0,0,0
156510,2,0,1,0
156512,2,1,1,0
156537,2,1,1,0
156543,1,1,1,0
156565,2,0,1,0
156577,2,0,1,0
156582,2,1,0,0
156587,2,0,1,0
156593,2,0,0,0
156596,2,0,1,0
156599,0,0,1,0
156612,2,0,1,0
156629,1,1,1,-1
156630,2,0,1,0
156679,2,0,1,0
156683,2,0,0,0
156687,2,1,1,0
156697,2,1,0,0
156719,2,0,1,0
156733,2,0,1,0
156736,2,0,1,0
156789,2,0,1,0
156797,2,0,0,0
156807,2,0,1,0
156832,2,1,0,0
156862,1,0,0,0
156886,2,1,1,0
156910,2,0,0,0
156911,2,0,1,0
156991,2,0,1,0
157008,2,0,1,0
157042,2,0,1,0
157050,2,0,1,0
157070,1,0,0,0
157072,1,1,0,0
157108,2,0,1,0
157119,2,0,1,0
157128,2,0,1,0
157132,1,1,0,0
157169,2,0,1,0
157179,2,0,0,0
157206,2,0,0,0
157218,2,1,1,0
157240,1,1,0,0
157245,2,0,1,0
157249,2,0,0,0
157296,2,0,0,0
157311,2,0,1,0
157328,2,0,1,0
157330,1,0,0,0
157331,2,1,0,0
157349,2,0,1,0
157365,2,0,1,0
157375,2,0,0,0
157381,2,1,1,0
157414,1,1,0,0
157419,0,2,1,0
157491,2,0,1,0
157492,2,0,0,0
157547,2,0,1,0
157561,2,0,1,0
157574,2,0,1,0
157576,2,0,1,0
157591,2,0,1,0
157599,2,0,1,0
157620,2,0,1,0
157636,2,0,0,0
157642,2,0,0,0
157649,1,1,0,0
157659,2,0,1,0
157716,2,0,1,0
157776,2,0,1,0
157806,2,0,0,0
157827,2,0,1,0
157837,2,0,1,0
157848,2,0,1,0
157855,2,0,0,0
157940,2,1,1,0
157952,2,0,1,0
157987,2,0,0,0
158024,1,1,1,0
158027,2,0,0,0
158040,2,0,0,0
158063,2,0,0,0
158082,2,0,1,0
158085,2,0,1,0
158089,2,0,1,0
158117,2,0,0,0
158144,2,0,1,0
158178,2,0,1,0
158187,2,0,1,0
158216,2,0,0,0
158217,2,0,0,0
158262,2,0,1,0
158284,2,0,1,0
158288,2,0,0,0
158322,2,0,1,0
158335,2,0,0,0
158336,2,0,1,0
158352,2,0,0,0
158379,2,0,1,0
158387,2,0,1,0
158396,1,1,0,0
158422,2,0,0,0
158431,2,0,1,0
158438,2,1,1,0
158451,2,0,1,0
158458,1,1,0,0
158467,1,1,0,0
158475,2,0,1,0
158496,2,0,0,0
158528,2,0,1,0
158533,2,0,0,0
158566,0,0,1,0
158573,2,0,0,0
158587,1,1,0,0
158591,2,0,1,0
158592,2,0,0,0
158641,2,0,1,0
158647,1,1,0,0
158658,2,0,0,0
158720,1,1,0,0
158733,2,0,1,0
158774,1,1,0,0
158795,2,0,1,0
158814,2,0,0,0
158849,2,0,1,0
158884,1,1,0,0
158914,2,0,0,0
158945,2,0,1,0
158951,1,1,0,0
158960,2,0,1,0
158964,2,0,1,0
158975,2,0,0,0
158976,2,0,1,0
159018,2,0,1,0
159067,2,0,1,0
159084,2,0,1,0
159109,2,0,1,0
159115,2,0,0,0
159140,2,0,1,0
159143,2,0,1,0
159151,1,1,0,0
159169,2,0,1,0
159204,2,0,1,0
159219,1,1,1,0
159242,2,0,1,0
159305,2,0,1,0
159309,2,0,1,0
159348,2,0,0,0
159372,2,0,0,0
159380,2,0,1,0
159393,1,1,1,0
159407,1,1,0,0
159412,2,0,0,0
159417,2,0,1,0
159433,2,0,0,0
159447,2,0,0,0
159483,2,0,1,0
159489,2,0,1,0
159494,2,0,0,0
159537,2,0,0,0
159572,2,1,1,0
159574,0,0,1,0
159587,2,0,1,0
159613,1,1,1,0
159618,0,0,1,0
159694,2,0,1,0
159709,2,1,0,0
159734,2,0,0,0
159737,2,0,0,0
159753,1,1,0,0
159811,2,0,0,0
159818,2,0,1,0
159835,2,0,1,0
159843,2,0,0,0
159852,2,0,1,0
159893,2,0,1,0
159920,2,0,1,0
159947,2,1,1,0
159980,2,1,1,0
160034,2,0,1,0
160042,1,1,0,0
160049,2,0,1,0
160054,2,0,1,0
160075,1,1,0,0
160098,2,0,0,0
160127,2,0,1,0
160142,2,1,0,0
160171,2,0,0,0
160184,2,0,1,0
160187,2,0,1,0
160188,2,0,1,0
160203,2,1,1,0
160221,2,0,1,0
160226,2,0,1,0
160231,2,0,1,0
160242,2,0,0,0
160258,2,0,0,0
160263,1,1,0,0
160276,2,0,1,0
160280,1,0,0,0
160324,1,1,0,0
160346,2,0,1,0
160351,1,1,1,0
160381,1,1,0,0
160393,0,0,1,0
160427,2,0,1,0
160439,2,0,0,0
160469,2,0,1,0
160508,2,0,1,0
160526,2,0,1,0
160527,2,0,0,0
160530,2,0,1,0
160558,1,1,0,0
160563,1,1,0,0
160575,2,0,0,0
160592,2,0,1,0
160637,2,0,1,0
160641,2,0,1,0
160648,2,0,0,0
160653,2,0,0,0
160680,1,1,0,0
160683,2,0,0,0
160700,0,0,1,0
160718,2,0,1,0
160720,2,0,0,0
160745,2,0,0,0
160750,2,0,1,0
160755,2,1,1,0
160778,0,0,1,0
160813,2,0,1,0
160821,2,0,1,0
160852,1,1,0,0
160904,2,0,0,0
160921,1,1,0,0
160949,1,1,0,0
160957,2,0,1,0
161051,2,0,0,0
161089,2,0,1,0
161097,2,0,1,0
161129,2,0,0,0
161147,2,0,0,0
161198,2,0,0,0
161220,2,0,1,0
161226,2,0,1,0
161253,1,1,0,0
161269,0,0,1,0
161290,2,0,0,0
161291,1,1,0,0
161332,2,0,0,0
161365,1,0,1,0
161368,1,1,1,0
161370,1,1,0,0
161372,2,0,0,0
161376,2,0,1,0
161390,1,1,0,0
161394,2,0,0,0
161401,2,0,1,0
161406,2,0,0,0
161426,2,0,1,0
161437,2,0,1,0
161441,2,0,0,0
161444,2,0,1,0
161451,2,0,0,0
161454,2,0,1,0
161466,2,1,1,0
161469,2,0,1,0
161470,2,0,1,0
161476,2,0,0,0
161482,2,0,0,0
161486,2,0,1,0
161530,2,0,1,0
161542,2,1,1,0
161548,0,0,1,0
161558,2,0,1,0
161564,2,0,1,0
161573,1,1,0,0
161581,2,0,1,0
161585,1,1,0,0
161606,1,0,1,0
161614,0,2,1,-1
161621,2,0,0,0
161626,2,0,1,0
161630,2,0,1,0
161645,1,1,0,0
161660,2,0,0,0
161688,2,0,1,0
161695,2,0,0,0
161764,2,0,0,0
161788,2,0,0,0
161789,2,0,0,0
161797,2,0,0,0
161803,1,1,0,0
161809,2,0,0,0
161817,0,2,1,0
161888,2,0,1,0
161897,2,0,1,0
161907,2,0,1,0
161909,2,0,1,0
161931,2,0,1,0
161943,2,0,1,0
161962,2,0,1,0
161964,2,0,1,0
162011,2,0,1,0
162042,1,1,0,0
162067,2,0,0,0
162086,2,0,1,0
162110,2,0,0,0
162116,2,0,0,0
162125,2,0,1,0
162147,2,0,0,0
162148,0,0,1,0
162155,2,0,1,0
162164,2,0,1,0
162241,2,0,1,0
162246,1,1,0,0
162259,2,0,1,0
162268,2,0,0,0
162288,2,0,1,0
162302,2,0,1,0
162304,2,1,0,0
162310,2,0,1,0
162335,2,0,1,0
162346,2,0,1,0
162350,2,0,1,0
162356,2,0,0,0
162381,2,0,1,0
162414,2,0,1,0
162416,2,0,0,0
162428,2,1,1,0
162519,2,0,1,0
162529,1,1,0,0
162540,2,0,1,0
162557,2,0,1,0
162571,1,1,0,0
162572,2,0,0,0
162577,2,0,1,0
162578,1,1,1,0
162626,1,1,1,0
162655,2,0,1,0
162662,2,0,0,0
162673,1,0,0,0
162705,2,1,1,0
162726,2,0,1,0
162737,2,0,1,0
162741,2,0,1,0
162750,2,0,1,0
162753,1,1,0,0
162797,2,0,1,0
162813,2,0,1,0
162835,2,0,1,0
162892,2,0,1,0
162902,2,0,1,0
162916,2,0,1,0
162948,2,1,0,0
162952,2,0,1,0
163014,2,0,1,0
163018,2,0,1,0
163019,2,0,1,0
163024,2,0,1,0
163033,2,0,1,0
163043,2,0,1,0
163045,0,0,1,0
163052,2,1,1,0
163057,2,0,0,0
163058,2,0,0,0
163080,2,0,0,0
163082,2,1,1,0
163091,2,0,1,0
163152,2,1,1,0
163161,2,0,1,0
163174,2,0,0,0
163178,2,0,1,0
163196,2,0,1,0
163219,1,1,0,0
163244,2,0,1,0
163253,2,0,1,0
163275,1,1,0,0
163286,1,1,0,0
163307,2,0,1,0
163310,2,0,1,0
163333,2,0,0,0
163347,1,0,0,0
163361,0,2,1,1
163365,1,1,0,0
163368,1,1,0,0
163386,2,0,1,0
163433,2,0,1,0
163436,1,1,0,0
163473,2,0,0,0
163479,2,0,1,0
163481,2,0,0,0
163521,2,0,0,0
163536,2,0,1,0
163568,2,0,1,0
163569,2,0,1,0
163573,1,1,0,0
163584,1,0,1,0
163586,2,0,0,0
163587,2,0,0,0
163589,1,1,1,0
163598,2,0,1,0
163610,2,0,1,0
163650,2,0,0,0
163654,2,0,0,0
163684,2,0,0,0
163722,2,0,0,0
163729,2,0,0,0
163730,1,1,0,0
163741,0,0,1,0
163746,2,0,1,0
163761,1,1,0,0
163766,2,0,0,0
163768,2,1,1,0
163780,1,1,0,0
163781,2,0,1,0
163794,2,0,0,0
163795,2,0,1,0
163808,1,1,0,0
163821,2,0,1,0
163827,2,0,0,0
163849,2,1,0,0
163866,2,0,0,0
163915,2,0,1,0
163932,2,0,0,0
163950,1,1,0,0
163953,2,1,1,0
163967,2,0,1,0
163976,2,0,0,0
164070,2,0,0,0
164079,2,0,1,0
164084,1,1,0,0
164112,2,1,0,0
164120,1,1,0,0
164132,2,0,1,0
164135,2,0,0,0
164146,2,0,1,0
164170,2,0,0,0
164173,2,0,1,0
164174,2,0,1,0
164223,2,1,1,0
164257,2,0,0,0
164272,2,0,1,0
164282,2,0,0,0
164306,2,0,1,0
164335,2,0,0,0
164351,2,0,0,0
164365,2,0,1,0
164369,0,0,1,0
164378,2,0,0,0
164379,2,0,0,0
164387,0,0,0,0
164397,2,0,1,0
164400,2,0,1,0
164419,2,0,1,0
164428,1,1,0,0
164443,2,0,1,0
164451,2,0,0,0
164494,2,0,1,0
164526,2,0,1,0
164548,1,0,0,0
164564,2,0,1,0
164578,2,0,0,0
164618,2,0,1,0
164644,1,1,0,0
164645,2,0,1,0
164662,2,0,1,0
164683,2,0,0,0
164737,2,0,1,0
164786,2,0,1,0
164787,1,1,1,-1
164793,2,0,1,0
164802,1,1,0,0
164812,2,0,0,0
164826,2,0,1,0
164837,2,0,0,0
164863,2,0,1,0
164871,1,1,0,0
164885,2,0,1,0
164899,2,0,0,0
164906,2,0,0,0
164907,2,0,0,0
164943,1,0,0,0
164961,1,1,0,0
164983,2,0,1,0
165003,2,0,1,0
165008,2,1,1,0
165039,1,0,1,0
165049,2,1,1,0
165052,2,0,1,0
165062,2,0,0,0
165071,2,0,1,0
165088,2,0,1,0
165089,2,0,0,0
165105,2,0,1,0
165128,2,0,1,0
165133,2,0,1,0
165140,2,0,0,0
165155,2,0,0,0
165168,1,1,0,0
165218,2,0,0,0
165257,1,0,0,0
165262,2,0,1,0
165288,2,0,1,0
165301,1,1,0,0
165315,1,1,0,0
165339,2,0,0,0
165368,2,0,1,0
165379,2,0,1,0
165413,1,1,0,0
165421,2,1,1,0
165481,2,0,0,0
165493,2,0,1,0
165523,1,1,0,0
165532,2,0,1,0
165543,2,0,1,0
165560,0,0,0,0
165578,2,0,1,0
165615,2,0,1,0
165632,2,0,0,0
165655,2,0,1,0
165663,0,0,1,0
165665,1,1,0,0
165669,1,1,0,0
165686,1,1,1,0
165697,1,0,0,0
165715,2,0,1,0
165728,2,0,0,0
165731,1,1,0,0
165740,2,0,1,0
165752,2,0,1,0
165765,2,0,1,0
165790,2,1,0,0
165821,2,0,0,0
165837,2,0,1,0
165846,2,0,0,0
165848,2,0,0,0
165872,2,0,0,0
165875,2,0,1,0
165891,2,0,1,0
165911,2,0,0,0
165956,2,0,0,0
165993,2,0,1,0
166000,2,0,0,0
166025,2,0,1,0
166031,2,0,1,0
166033,2,1,1,0
166059,2,0,0,0
166076,2,0,0,0
166087,2,0,0,0
166134,2,0,1,0
166139,2,0,0,0
166145,2,0,0,0
166156,1,1,0,0
166168,2,0,1,0
166172,2,0,0,0
166183,1,1,0,0
166202,2,0,1,0
166206,2,1,0,0
166270,2,0,0,0
166283,2,0,1,0
166306,2,0,1,0
166314,2,0,0,0
166331,1,1,0,0
166332,2,0,0,0
166336,2,0,1,0
166357,2,0,0,0
166391,2,1,0,0
166418,2,0,1,0
166423,2,0,1,0
166437,1,1,0,0
166442,2,0,1,0
166445,2,0,1,0
166451,2,0,0,0
166460,2,0,1,0
166494,2,0,0,0
166496,2,0,1,0
166520,2,0,0,0
166544,2,0,1,0
166548,2,0,0,0
166556,1,1,0,0
166562,2,0,0,0
166593,0,0,1,0
166608,2,1,0,0
166613,2,0,1,0
166661,2,0,1,0
166662,2,0,0,0
166675,2,0,0,0
166730,2,0,1,0
166760,2,0,1,0
166768,2,0,1,0
166773,1,1,0,0
166812,2,0,1,0
166830,1,1,0,0
166856,2,0,1,0
166865,2,0,1,0
166875,2,0,0,0
166889,2,1,0,0
166897,2,0,1,0
166935,2,0,1,0
166937,2,0,1,0
166939,2,0,1,0
166942,2,0,1,0
166950,2,0,1,0
166960,2,0,0,0
166977,2,0,0,0
167007,2,0,1,0
167019,1,1,0,0
167031,0,2,1,-1
167038,2,0,1,0
167082,2,0,1,0
167094,2,1,1,0
167109,2,0,1,0
167121,2,0,1,0
167122,2,0,1,0
167129,2,0,0,0
167142,2,0,1,0
167199,2,0,0,0
167241,2,0,1,0
167255,2,0,1,0
167261,1,1,0,0
167274,2,0,0,0
167280,2,0,0,0
167292,2,1,1,0
167317,2,0,1,0
167321,2,0,1,0
167328,2,0,0,0
167354,2,0,0,0
167357,2,0,1,0
167362,1,1,1,0
167370,2,0,0,0
167382,2,0,0,0
167395,2,0,1,0
167399,2,0,0,0
167427,1,0,1,0
167431,1,1,0,0
167443,1,0,1,0
167446,2,0,1,0
167447,2,0,1,0
167451,2,0,0,0
167476,2,0,0,0
167479,1,1,0,0
167506,2,0,1,0
167556,2,0,1,0
167581,2,0,0,0
167582,1,1,1,-1
167584,2,0,1,0
167592,2,0,0,0
167595,2,1,1,0
167597,0,0,1,0
167609,2,0,0,0
167619,2,0,1,0
167628,2,0,0,0
167633,2,0,1,0
167640,2,0,1,0
167655,2,0,1,0
167680,2,0,0,0
167725,2,0,1,0
167738,2,1,1,0
167760,2,0,1,0
167775,2,0,1,0
167781,2,0,0,0
167810,2,1,0,0
167838,2,0,1,0
167839,2,0,1,0
167872,2,0,0,0
167904,2,0,1,0
167917,1,1,1,0
167934,2,0,1,0
167938,2,0,1,0
167985,2,0,1,0
167993,2,0,1,0
168006,2,0,1,0
168011,2,0,1,0
168015,2,0,0,0
168051,2,0,1,0
168057,2,0,1,0
168060,2,0,1,0
168073,2,0,1,0
168077,2,0,1,0
168085,1,1,0,0
168087,2,0,0,0
168098,2,1,1,0
168121,2,0,0,0
168136,2,0,1,0
168151,2,0,1,0
168157,2,0,1,0
168170,2,0,1,0
168177,2,0,1,0
168188,1,1,1,0
168190,1,1,0,0
168245,2,0,1,0
168247,2,0,1,0
168267,1,1,0,0
168287,2,0,1,0
168294,2,0,0,0
168303,2,0,0,0
168323,2,0,1,0
168327,2,0,1,0
168360,1,1,0,0
168368,2,0,1,0
168371,1,1,0,0
168374,2,0,1,0
168384,2,0,1,0
168393,2,0,1,0
168398,2,0,1,0
168437,2,0,1,0
168451,0,0,1,0
168459,1,1,0,0
168474,2,0,1,0
168488,2,0,1,0
168493,2,0,0,0
168502,2,0,1,0
168603,2,0,1,0
168611,2,0,0,0
168618,2,0,1,0
168648,2,0,0,0
168654,2,0,0,0
168691,2,0,0,0
168724,2,0,0,0
168766,2,0,1,0
168802,2,0,1,0
168813,1,1,0,0
168817,2,0,0,0
168827,2,0,1,0
168845,2,0,1,0
168846,2,1,1,0
168860,2,0,0,0
168925,2,0,1,0
168945,2,0,0,0
168978,2,0,1,0
168987,2,0,1,0
169004,2,0,1,0
169012,0,2,1,1
169029,2,0,1,0
169032,1,0,0,0
169043,2,0,1,0
169079,1,1,0,0
169083,2,1,1,0
169109,1,0,1,0
169114,2,0,0,0
169172,1,1,1,0
169176,1,1,0,0
169187,2,0,0,0
169232,0,0,1,0
169292,2,0,1,0
169297,2,0,1,0
169332,2,0,1,0
169354,1,1,0,0
169355,2,0,0,0
169356,2,0,1,0
169359,1,1,0,0
169365,2,0,0,0
169381,2,0,1,0
169416,2,0,1,0
169426,2,0,1,0
169441,1,1,0,0
169462,2,0,0,0
169469,2,0,1,0
169479,1,1,0,0
169557,1,0,0,0
169584,2,0,1,0
169603,2,0,1,0
169625,1,1,0,0
169637,2,0,1,0
169664,1,1,0,0
169685,2,0,1,0
169701,1,1,0,-1
169712,2,0,1,0
169737,2,0,1,0
169749,2,0,1,0
169763,2,0,0,0
169779,2,0,1,0
169783,2,0,1,0
169791,2,0,1,0
169809,2,0,0,0
169834,1,1,0,0
169851,1,1,0,0
169854,2,0,0,0
169883,0,0,1,0
169897,2,0,0,0
169939,2,0,1,0
169944,2,0,0,0
169945,2,0,1,0
169967,2,0,1,0
169988,2,0,0,0
169989,2,0,1,0
169993,2,0,0,0
169996,2,0,0,0
170049,2,0,0,0
170065,2,0,0,0
170068,2,0,0,0
170080,2,0,1,0
170085,2,0,1,0
170092,2,0,1,0
170114,2,0,1,0
170120,2,1,0,0
170156,1,1,1,0
170186,2,0,1,0
170187,2,0,1,0
170215,2,0,0,0
170217,2,0,1,0
170221,2,0,1,0
170226,2,0,1,0
170239,2,0,0,0
170281,2,0,1,0
170307,0,0,1,0
170312,2,0,1,0
170323,2,1,1,0
170327,2,0,1,0
170329,2,0,1,0
170335,2,0,1,0
170337,2,0,0,0
170348,2,0,1,0
170354,2,1,0,0
170397,1,1,0,0
170435,1,1,1,0
170436,2,0,1,0
170440,1,1,0,0
170457,2,0,1,0
170474,2,0,1,0
170491,2,0,1,0
170516,2,1,0,0
170536,2,0,1,0
170537,0,0,1,0
170559,2,0,0,0
170565,2,0,1,0
170584,2,1,0,0
170606,2,0,1,0
170620,2,0,1,0
170637,2,0,1,0
170675,2,0,1,0
170714,2,0,1,0
170736,2,0,1,0
170746,2,0,0,0
170753,1,1,0,0
170767,0,0,1,0
170793,2,0,1,0
170796,1,1,0,0
170810,2,0,1,0
170814,1,1,0,0
170816,2,0,1,0
170853,2,0,1,0
170875,2,1,1,0
170892,2,0,0,0
170914,2,0,1,0
170961,1,1,0,0
170963,2,0,0,0
170991,2,0,0,0
171083,2,0,1,0
171182,2,0,1,0
171197,2,1,0,0
171219,2,0,1,0
171223,2,0,0,0
171235,1,1,0,0
171247,2,0,1,0
171249,2,0,1,0
171260,2,0,0,0
171272,2,0,1,0
171283,2,0,1,0
171290,2,0,0,0
171301,2,0,0,0
171311,2,0,1,0
171315,2,0,0,0
171323,2,0,1,0
171352,1,1,0,0
171393,1,1,0,0
171484,2,0,1,0
171485,2,0,1,0
171499,2,0,1,0
171503,1,1,0,0
171595,2,0,0,0
171596,1,1,1,0
171670,2,0,1,0
171671,1,1,0,0
171729,2,0,1,0
171768,1,1,0,0
171785,2,0,1,0
171875,2,0,1,0
171910,2,0,1,0
171912,2,0,1,0
171929,2,0,1,0
171930,2,0,0,0
171954,2,0,1,0
171971,2,0,0,0
171995,2,0,1,0
172038,2,0,1,0
172062,2,0,0,0
172078,1,1,0,0
172144,2,0,0,0
172162,2,0,1,0
172183,1,1,1,0
172224,2,0,1,0
172232,2,0,0,0
172240,2,0,0,0
172286,2,0,1,0
172290,2,1,0,0
172293,2,0,0,0
172299,1,1,0,0
172342,2,0,1,0
172353,2,0,1,0
172357,2,0,0,0
172381,2,0,0,0
172458,2,0,0,0
172464,2,0,0,0
172481,2,0,1,0
172485,2,1,1,0
172506,2,0,1,0
172510,1,1,0,0
172524,2,0,1,0
172526,2,0,1,0
172528,2,1,1,0
172533,2,0,1,0
172543,2,0,1,0
172588,1,1,0,0
172602,0,2,1,1
172663,2,0,0,0
172696,1,1,1,0
172714,2,0,1,0
172734,2,0,1,0
172737,2,1,1,0
172750,2,0,1,0
172753,2,1,1,0
172759,2,0,0,0
172782,1,1,0,0
172784,2,0,0,0
172785,2,0,1,0
172808,0,2,1,0
172840,2,0,1,0
172846,2,1,1,0
172871,2,0,0,0
172910,2,0,1,0
172911,2,0,0,0
172913,2,1,0,0
172914,1,1,0,0
172966,2,0,1,0
172992,2,0,1,0
173008,2,0,0,0
173045,2,0,0,0
173055,2,0,0,0
173060,1,1,0,0
173071,2,0,1,0
173079,2,0,1,0
173087,2,0,1,0
173090,2,1,0,0
173125,1,1,0,0
173153,2,0,0,0
173161,2,0,1,0
173168,2,0,1,0
173180,2,0,1,0
173201,2,0,0,0
173209,2,0,1,0
173214,2,0,1,0
173222,1,1,0,0
173234,2,0,0,0
173255,2,0,0,0
173289,2,0,1,0
173323,2,0,0,0
173360,2,0,0,0
173367,2,1,0,0
173372,2,0,1,0
173380,2,0,0,0
173415,2,0,0,0
173434,2,0,0,0
173441,2,0,1,0
173444,1,0,1,0
173446,2,0,0,0
173452,2,0,1,0
173483,2,0,1,0
173485,2,0,1,0
173508,2,0,1,0
173535,2,0,1,0
173560,2,0,0,0
173563,2,0,1,0
173611,2,0,1,0
173632,2,0,0,0
173637,1,1,0,0
173650,2,0,1,0
173674,2,0,1,0
173681,1,1,0,0
173715,2,0,1,0
173728,2,0,1,0
173742,2,0,0,0
173772,2,0,0,0
173811,2,0,0,0
173817,2,0,1,0
173818,2,0,1,0
173848,0,0,1,0
173857,2,0,1,0
173909,2,0,1,0
173913,2,1,0,0
173921,2,0,1,0
173958,2,0,1,0
173962,1,1,0,0
173974,1,0,1,0
173978,2,0,1,0
173983,2,0,1,0
174000,2,0,1,0
174010,2,1,0,0
174042,2,0,0,0
174056,1,1,0,0
174113,2,0,1,0
174142,2,0,1,0
174148,2,0,1,0
174170,2,1,0,0
174202,2,0,0,0
174210,2,0,1,0
174215,2,0,1,0
174217,1,1,0,0
174253,2,0,1,0
174265,2,0,0,0
174282,2,0,1,0
174292,2,0,1,0
174301,1,0,0,0
174314,2,0,0,0
174335,2,0,0,0
174349,2,0,1,0
174376,1,1,1,0
174396,1,1,1,0
174403,2,0,1,0
174531,2,1,0,0
174560,0,2,1,0
174562,2,0,1,0
174567,2,0,1,0
174569,2,0,1,0
174586,2,0,1,0
174641,2,0,0,0
174654,1,1,0,0
174712,1,1,0,0
174731,2,1,1,0
174750,2,0,1,0
174791,1,1,0,0
174793,1,1,0,0
174811,2,0,1,0
174847,2,1,0,0
174859,2,0,1,0
174864,0,0,1,0
174881,2,0,1,0
174913,2,0,1,0
174942,2,0,0,0
174945,2,1,0,0
174948,2,0,1,0
174957,1,1,0,0
175044,2,0,1,0
175045,2,0,0,0
175080,2,0,1,0
175092,2,0,0,0
175094,2,0,1,0
175095,2,0,0,0
175118,2,0,1,0
175160,2,0,1,0
175178,2,0,0,0
175222,2,0,1,0
175231,2,0,1,0
175239,2,0,1,0
175258,2,0,0,0
175262,2,1,1,0
175285,2,0,1,0
175295,2,0,1,0
175318,1,1,0,0
175347,2,0,0,0
175365,2,0,1,0
175386,2,0,1,0
175416,2,0,1,0
175438,2,0,1,0
175486,1,1,0,0
175508,1,1,0,0
175529,2,0,1,0
175567,2,0,0,0
175587,0,2,1,-1
175591,2,1,1,0
175673,2,0,1,0
175693,2,0,1,0
175700,2,0,1,0
175713,2,0,1,0
175729,2,0,0,0
175731,2,0,0,0
175737,2,1,0,0
175740,1,1,1,0
175751,2,0,1,0
175785,0,0,1,0
175788,2,0,0,0
175796,2,0,1,0
175808,1,1,1,0
175814,2,0,1,0
175823,2,0,0,0
175854,2,0,0,0
175917,2,0,0,0
175930,2,0,1,0
176024,2,0,0,0
176056,2,0,1,0
176067,2,0,1,0
176106,1,1,0,0
176143,2,0,1,0
176144,2,1,1,0
176147,2,0,0,0
176160,2,0,1,0
176172,2,0,1,0
176207,1,1,0,0
176213,2,0,1,0
176219,2,0,1,0
176239,2,0,0,0
176247,2,0,1,0
176248,2,1,0,0
176289,2,0,1,0
176308,2,0,1,0
176323,2,0,1,0
176326,2,1,1,0
176337,2,0,1,0
176339,2,0,0,0
176353,1,1,0,0
176358,1,1,0,0
176378,2,0,1,0
176409,2,0,1,0
176411,2,0,1,0
176418,2,0,0,0
176450,1,1,0,0
176458,2,0,1,0
176493,2,0,1,0
176522,2,0,1,0
176572,2,1,1,0
176604,2,0,1,0
176620,2,0,1,0
176644,1,1,1,0
176668,1,1,0,0
176685,2,0,1,0
176697,2,0,1,0
176712,2,1,1,0
176730,2,1,1,0
176763,2,0,1,0
176794,2,1,0,0
176817,2,0,0,0
176825,2,0,1,0
176850,2,1,0,0
176851,2,0,1,0
176889,1,1,0,0
176892,1,1,0,0
176908,1,1,0,0
176929,2,0,0,0
176945,1,1,0,0
176968,2,0,1,0
176972,2,0,0,0
176977,2,0,0,0
176994,2,1,0,0
177011,2,0,1,0
177018,2,0,1,0
177043,2,0,0,0
177051,2,0,1,0
177059,2,0,0,0
177078,2,0,1,0
177081,1,1,0,0
177092,2,0,1,0
177096,2,0,0,0
177099,2,0,1,0
177103,2,0,0,0
177127,2,1,1,0
177155,2,1,0,0
177177,1,1,0,0
177179,2,0,1,0
177199,2,0,1,0
177208,2,0,0,0
177232,2,0,0,0
177236,2,1,1,0
177249,2,0,0,0
177256,2,0,1,0
177312,2,0,0,0
177336,2,0,1,0
177355,2,0,0,0
177395,1,1,1,0
177407,2,0,1,0
177418,2,0,1,0
177420,2,0,0,0
177429,1,1,0,0
177443,2,0,1,0
177473,2,0,1,0
177480,1,1,0,0
177493,2,1,1,0
177494,1,1,0,0
177508,1,1,0,0
177525,2,0,1,0
177547,2,0,0,0
177570,2,0,1,0
177579,1,1,1,0
177580,2,0,0,0
177592,2,0,0,0
177606,2,1,1,0
177634,2,0,0,0
177642,2,1,1,0
177689,2,0,1,0
177702,1,1,0,0
177718,2,0,0,0
177724,2,0,0,0
177759,2,1,0,0
177791,2,0,0,0
177801,2,0,0,0
177830,2,0,1,0
177832,2,0,1,0
177857,2,0,1,0
177876,2,0,1,0
177885,1,1,1,-1
177924,1,1,1,0
177945,1,1,1,0
177959,2,0,1,0
178017,2,0,0,0
178025,2,0,1,0
178035,2,0,1,0
178118,0,2,1,0
178128,2,0,1,0
178137,2,0,1,0
178165,2,0,0,0
178169,2,0,1,0
178219,2,0,0,0
178226,2,0,1,0
178235,2,0,0,0
178241,2,0,1,0
178250,2,0,1,0
178264,1,1,0,0
178295,2,0,1,0
178313,2,0,1,0
178315,1,1,0,0
178324,1,1,1,0
178332,2,0,1,0
178396,2,1,1,0
178432,2,0,1,0
178453,2,0,1,0
178467,2,0,1,0
178493,2,0,1,0
178503,2,0,0,0
178511,0,0,1,0
178524,2,0,1,0
178540,1,1,0,0
178585,2,0,1,0
178590,2,0,0,0
178593,2,0,0,0
178608,2,0,0,0
178625,1,1,0,0
178650,2,0,0,0
178655,2,0,1,0
178676,2,0,1,0
178704,2,1,1,0
178733,2,0,1,0
178771,2,1,1,0
178787,1,1,0,0
178861,2,0,1,0
178863,2,0,0,0
178879,2,0,1,0
178880,2,0,1,0
178905,2,0,0,0
178923,2,0,1,0
178934,1,1,1,0
178943,1,1,1,0
178945,2,0,1,0
178964,2,0,1,0
178972,2,0,1,0
178993,2,0,0,0
179010,2,0,0,0
179037,2,1,1,0
179055,2,0,1,0
179081,2,0,0,0
179097,1,1,0,0
179099,2,0,1,0
179139,2,0,0,0
179180,2,0,0,0
179199,2,0,0,0
179219,2,0,1,0
179226,0,1,0,0
179229,2,0,1,0
179242,2,0,1,0
179252,2,0,1,0
179331,2,0,1,0
179339,2,0,1,0
179340,1,1,0,0
179402,1,1,0,0
179461,0,0,1,0
179465,2,1,0,0
179479,2,0,1,0
179493,2,0,0,0
179508,2,0,0,0
179512,2,0,1,0
179526,2,0,0,0
179528,2,0,1,0
179536,2,0,1,0
179550,2,0,1,0
179577,2,0,1,0
179588,2,0,0,0
179613,2,0,1,0
179649,2,0,1,0
179668,2,0,1,0
179671,2,0,1,0
179677,2,0,1,0
179685,2,0,1,0
179712,2,0,1,0
179731,1,1,0,0
179733,2,1,1,0
179753,2,0,1,0
179799,2,1,1,0
179807,2,0,1,0
179813,1,1,0,0
179815,2,0,0,0
179852,2,0,1,0
179853,2,0,1,0
179882,2,0,1,0
179901,2,0,1,0
179924,2,0,0,0
179929,2,0,1,0
179951,2,0,1,0
179960,2,0,1,0
179979,1,1,0,0
180025,1,0,1,0
180026,1,0,0,0
180029,2,1,0,0
180048,1,1,0,0
180060,2,0,1,0
180092,2,1,1,0
180097,1,1,0,0
180103,1,1,0,0
180112,2,0,1,0
180148,2,0,1,0
180172,1,1,0,0
180175,2,0,1,0
180201,2,0,1,0
180226,2,0,0,0
180245,2,0,1,0
180272,2,0,1,0
180306,1,1,0,0
180310,2,0,1,0
180332,2,0,1,0
180358,2,0,1,0
180364,2,0,1,0
180438,2,0,1,0
180451,2,0,1,0
180503,2,1,0,0
180514,2,0,1,0
180522,0,0,0,0
180523,2,0,0,0
180551,2,1,1,0
180596,2,0,1,0
180606,2,1,1,0
180628,2,0,1,0
180629,0,0,1,0
180658,2,0,1,0
180675,2,0,1,0
180708,2,0,1,0
180713,1,1,0,0
180725,2,0,0,0
180740,2,0,1,0
180760,2,0,1,0
180783,2,0,0,0
180785,2,0,1,0
180812,2,1,1,0
180853,2,0,0,0
180855,2,0,1,0
180868,2,0,1,0
180869,2,0,0,0
180872,1,1,0,0
180887,2,0,1,0
180900,2,0,0,0
180921,2,0,1,0
180926,2,0,1,0
180939,2,0,0,0
180961,2,0,1,0
180972,2,0,0,0
181004,2,0,0,0
181023,1,1,0,0
181024,1,1,0,-1
181053,2,0,1,0
181065,2,0,1,0
181075,1,1,1,0
181113,2,0,1,0
181125,2,0,1,0
181128,2,0,1,0
181144,2,0,0,0
181155,2,0,0,0
181203,1,1,0,0
181206,2,0,1,0
181216,2,0,0,0
181237,2,0,1,0
181246,2,0,0,0
181258,1,1,1,0
181287,2,0,1,0
181290,2,0,0,0
181304,2,0,1,0
181337,2,0,1,0
181377,2,0,0,0
181388,2,0,1,0
181396,2,0,1,0
181407,2,0,1,0
181409,2,0,1,0
181471,2,0,1,0
181479,0,0,1,0
181507,2,0,0,0
181536,2,0,1,0
181557,1,1,0,0
181562,2,0,1,0
181585,2,0,0,0
181586,2,0,1,0
181590,1,0,0,0
181638,1,1,0,0
181688,2,1,1,0
181703,2,0,1,0
181764,2,0,1,0
181768,2,0,1,0
181770,2,0,0,0
181788,2,0,0,0
181816,1,1,1,0
181819,2,0,1,0
181849,2,0,1,0
181868,1,1,0,0
181871,1,1,1,0
181918,2,0,0,0
181919,2,0,1,0
181931,1,1,0,0
181971,0,0,0,0
181972,1,1,1,0
181980,1,1,0,0
181993,2,0,1,0
182001,1,1,0,0
182007,2,0,0,0
182013,2,0,0,0
182033,2,0,0,0
182041,1,1,0,0
182056,2,0,1,0
182074,2,0,1,0
182100,2,0,1,0
182136,2,1,0,0
182138,2,0,0,0
182143,1,1,0,0
182147,2,0,0,0
182156,2,0,1,0
182158,2,0,1,0
182180,1,1,1,0
182202,2,0,1,0
182206,2,0,1,0
182210,2,0,0,0
182216,1,1,1,0
182235,2,0,1,0
182241,1,1,0,0
182252,1,1,0,0
182269,0,0,1,0
182281,2,0,1,0
182287,2,0,1,0
182305,2,0,1,0
182341,2,1,1,0
182373,1,1,1,0
182392,1,1,0,0
182409,2,0,0,0
182428,2,0,0,0
182429,2,0,0,0
182436,2,0,1,0
182459,1,0,1,0
182468,2,0,1,0
182489,2,0,0,0
182500,2,0,0,0
182591,2,0,1,0
182592,1,1,0,0
182611,2,0,1,0
182612,2,0,1,0
182731,2,0,1,0
182757,2,0,0,0
182762,2,0,0,0
182833,2,0,0,0
182846,2,0,0,0
182850,2,0,0,0
182852,2,0,0,0
182855,2,0,0,0
182857,2,0,1,0
182864,2,1,0,0
182897,1,1,0,0
182901,2,0,1,0
182903,2,0,0,0
182971,0,1,1,-1
182976,2,0,0,0
182978,2,0,1,0
182981,2,0,1,0
183002,1,1,0,0
183009,2,0,1,0
183021,2,0,1,0
183033,2,0,1,0
183124,1,1,0,0
183133,2,1,0,0
183142,2,0,1,0
183143,2,0,1,0
183166,2,0,0,0
183184,2,0,1,0
183186,2,0,1,0
183197,2,0,1,0
183207,2,0,1,0
183248,2,0,1,0
183253,2,0,1,0
183311,2,0,1,0
183337,2,0,0,0
183373,2,1,0,0
183385,2,0,0,0
183390,2,0,1,0
183404,1,0,0,0
183439,2,0,0,0
183453,1,1,0,0
183520,2,0,1,0
183522,2,0,1,0
183528,1,0,0,0
183546,2,0,1,0
183576,2,0,0,0
183583,2,0,1,0
183593,1,1,0,0
183613,1,0,0,0
183691,2,0,1,0
183699,2,0,1,0
183726,2,0,1,0
183736,2,0,1,0
183781,2,0,1,0
183788,1,1,0,0
183795,2,0,1,0
183811,2,0,1,0
183836,2,0,0,0
183924,1,1,0,0
183957,2,1,0,0
183985,2,0,0,0
183996,2,0,1,0
184023,2,0,1,0
184050,2,0,1,0
184074,2,0,0,0
184080,2,0,1,0
184114,2,0,1,0
184120,1,1,0,0
184121,2,1,1,0
184125,2,0,0,0
184168,2,1,1,0
184186,2,0,0,0
184209,2,1,0,0
184216,2,0,1,0
184248,2,1,1,0
184266,2,1,1,0
184269,2,0,0,0
184316,2,0,1,0
184324,2,1,0,0
184331,1,1,0,0
184363,2,0,1,0
184390,1,1,0,0
184449,2,0,1,0
184462,2,0,0,0
184483,2,1,0,0
184523,2,0,1,0
184528,1,1,0,0
184529,2,0,1,0
184532,2,1,0,0
184622,2,0,0,0
184633,0,0,1,0
184638,2,0,0,0
184672,2,0,0,0
184676,2,0,1,0
184694,1,1,0,0
184696,1,1,0,0
184700,2,0,1,0
184734,2,0,0,0
184759,2,0,1,0
184768,2,1,0,0
184770,2,0,1,0
184789,2,1,0,0
184803,1,1,0,0
184811,2,0,0,0
184817,2,0,1,0
184834,2,0,0,0
184835,2,1,1,0
184845,2,0,0,0
184852,2,0,0,0
184864,1,1,0,0
184889,2,0,1,0
184908,2,0,1,0
184912,0,0,1,0
184935,2,1,0,0
184955,2,0,1,0
184974,2,0,0,0
184976,2,0,1,0
184979,2,0,1,0
184982,2,1,0,0
184986,2,0,1,0
185003,2,0,0,0
185006,2,0,0,0
185037,2,0,1,0
185061,2,1,1,0
185067,2,0,0,0
185104,2,0,1,0
185116,2,0,1,0
185127,1,0,0,0
185131,2,1,0,0
185142,2,0,0,0
185163,1,1,0,0
185178,2,0,1,0
185200,2,0,1,0
185207,2,1,1,0
185216,2,0,1,0
185291,1,1,0,0
185302,2,0,0,0
185333,1,1,0,0
185339,1,0,1,0
185343,2,0,1,0
185366,2,0,0,0
185368,0,0,1,0
185384,2,1,1,0
185398,2,0,0,0
185401,2,0,0,0
185416,2,0,0,0
185440,0,2,1,-1
185442,1,1,0,0
185467,1,1,0,0
185472,2,0,1,0
185481,2,0,1,0
185491,2,0,1,0
185502,0,2,1,0
185517,2,0,0,0
185519,2,1,0,0
185531,2,0,1,0
185533,2,0,1,0
185544,2,0,1,0
185548,2,0,0,0
185566,2,0,1,0
185572,2,0,1,0
185580,2,0,1,0
185581,2,0,1,0
185620,2,0,0,0
185623,2,0,1,0
185628,2,0,1,0
185655,2,0,1,0
185664,2,1,1,0
185671,2,0,1,0
185705,2,0,0,0
185711,2,0,1,0
185744,1,1,0,0
185809,2,0,1,0
185817,1,1,0,0
185821,2,0,0,0
185824,2,0,1,0
185825,2,0,0,0
185835,1,1,0,0
185867,2,0,1,0
185868,2,0,0,0
185878,2,0,0,0
185896,2,0,0,0
185932,0,0,1,0
185969,1,1,0,0
185995,2,0,1,0
185999,2,0,1,0
186016,2,0,1,0
186051,2,0,0,0
186066,2,0,1,0
186079,1,1,0,0
186113,1,1,1,0
186143,2,0,0,0
186209,2,0,1,0
186224,2,0,1,0
186231,1,1,0,0
186270,2,0,1,0
186297,2,0,1,0
186319,1,1,1,0
186339,2,0,1,0
186345,2,0,1,0
186354,2,0,1,0
186363,2,1,0,0
186374,2,0,1,0
186404,1,1,0,0
186406,2,1,1,0
186443,2,0,0,0
186471,1,1,0,0
186478,2,0,1,0
186490,0,0,1,0
186505,2,0,1,0
186512,2,0,1,0
186513,2,0,1,0
186517,2,0,1,0
186524,2,0,0,0
186535,1,1,0,0
186551,2,0,1,0
186553,2,0,1,0
186585,2,0,0,0
186621,1,1,0,0
186646,2,0,0,0
186667,2,0,1,0
186680,2,1,0,0
186701,2,0,0,0
186714,2,0,1,0
186715,2,0,0,0
186719,1,1,0,0
186725,2,0,1,0
186737,2,0,1,0
186759,1,1,0,0
186760,2,0,1,0
186805,1,1,0,0
186812,1,1,0,0
186816,2,0,0,0
186843,2,0,0,0
186913,2,0,0,0
186924,1,0,0,0
186960,0,0,1,0
186970,2,0,0,0
186979,2,0,1,0
187000,2,0,1,0
187030,2,0,0,0
187041,2,0,1,0
187057,2,1,1,0
187087,2,0,1,0
187088,2,0,1,0
187090,2,0,1,0
187099,1,1,0,0
187117,2,1,1,0
187122,2,0,0,0
187127,2,0,0,0
187130,2,0,0,0
187149,1,1,0,0
187201,1,1,1,0
187205,2,0,1,0
187216,2,0,1,0
187219,2,0,1,0
187227,2,0,1,0
187240,2,0,1,0
187258,2,0,0,0
187259,2,1,0,0
187287,2,0,1,0
187298,2,0,1,0
187309,2,1,1,0
187321,2,0,1,0
187387,2,0,1,0
187405,2,0,1,0
187409,2,0,1,0
187473,2,0,1,0
187484,2,0,1,0
187515,2,0,1,0
187534,2,0,1,0
187548,2,1,1,0
187549,2,0,1,0
187558,2,0,1,0
187562,2,0,0,0
187599,2,0,0,0
187634,2,0,1,0
187691,2,0,1,0
187695,2,0,1,0
187700,2,0,1,0
187722,2,1,1,0
187766,0,2,1,0
187775,2,0,1,0
187784,0,0,1,0
187795,2,0,1,0
187802,1,1,1,0
187814,2,0,1,0
187815,1,1,0,0
187818,2,0,0,0
187834,2,0,0,0
187869,2,0,1,0
187873,2,0,1,0
187874,2,0,1,0
187910,2,0,1,0
187919,2,0,1,0
187932,2,0,1,0
187940,2,0,0,0
187943,2,0,1,0
187963,2,0,1,0
187967,2,0,0,0
187970,2,0,0,0
187976,2,0,1,0
187982,2,0,1,0
187990,2,0,0,0
188002,2,0,0,0
188007,1,1,0,0
188026,2,0,1,0
188028,2,0,0,0
188029,2,0,1,0
188037,1,1,0,0
188067,2,0,1,0
188070,2,0,1,0
188086,2,0,1,0
188088,2,0,0,0
188096,2,0,1,0
188117,1,1,0,0
188121,2,0,1,0
188150,2,0,0,0
188153,2,1,1,0
188165,2,0,1,0
188234,2,0,0,0
188242,1,1,0,0
188266,2,0,0,0
188288,2,0,0,0
188311,2,0,1,0
188313,2,0,0,0
188350,2,0,0,0
188352,2,0,1,0
188356,2,0,1,0
188376,2,0,0,0
188395,2,0,0,0
188426,2,0,1,0
188439,2,0,1,0
188458,2,0,1,0
188463,2,0,1,0
188479,1,1,0,0
188484,2,0,1,0
188489,1,1,0,0
188511,2,0,1,0
188536,1,1,0,0
188543,1,1,0,0
188548,2,0,1,0
188549,2,0,1,0
188552,1,1,0,0
188615,2,0,0,0
188674,2,0,1,0
188678,1,1,0,0
188697,2,0,0,0
188701,2,1,0,0
188783,1,1,1,0
188788,2,0,1,0
188815,2,0,1,0
188818,0,0,1,-1
188855,1,1,0,0
188874,2,0,1,0
188890,2,0,1,0
188893,0,0,1,0
188918,2,0,0,0
188924,2,0,1,0
188925,2,1,1,0
188951,1,1,0,0
188961,2,0,1,0
188964,1,0,1,0
189010,2,0,1,0
189069,2,0,0,0
189092,2,0,1,0
189119,2,0,1,0
189134,2,0,0,0
189144,2,0,1,0
189149,1,1,1,0
189178,2,0,0,0
189198,1,1,0,0
189208,2,0,1,0
189225,2,0,1,0
189279,2,0,1,0
189285,2,0,1,0
189308,2,0,1,0
189322,2,0,1,0
189358,2,0,0,0
189360,2,0,1,0
189377,2,0,1,0
189421,2,1,0,0
189423,2,0,0,0
189453,2,0,1,0
189472,2,0,0,0
189485,2,0,1,0
189517,1,1,0,0
189543,2,0,1,0
189566,2,0,1,0
189579,1,1,0,0
189580,2,0,0,0
189589,2,0,1,0
189602,2,0,0,0
189625,2,0,1,0
189668,2,0,1,0
189699,1,1,0,0
189705,2,0,1,0
189708,1,1,1,0
189721,1,1,0,0
189722,2,0,1,0
189724,2,1,0,0
189735,2,0,1,0
189737,1,1,1,0
189745,1,1,0,0
189783,2,0,1,0
189788,2,0,0,0
189795,2,0,1,0
189797,2,0,1,0
189829,2,0,1,0
189850,2,0,1,0
189861,2,0,0,0
189869,2,0,0,0
189887,2,1,1,0
189898,2,1,1,0
189903,1,1,0,0
189909,2,0,0,0
189910,2,0,1,0
189925,2,0,1,0
189976,2,0,0,0
190010,2,0,1,0
190093,2,0,1,0
190152,2,0,1,0
190157,2,0,1,0
190169,2,0,1,0
190200,2,0,1,0
190209,2,0,1,0
190248,2,0,1,0
190325,2,0,1,0
190326,1,1,0,0
190367,2,0,1,0
190389,2,0,1,0
190390,2,0,1,0
190408,2,0,1,0
190441,1,1,0,0
190470,2,0,1,0
190509,2,0,0,0
190510,2,0,1,0
190535,2,0,1,0
190542,2,0,1,0
190566,2,0,1,0
190576,2,1,0,0
190578,2,0,1,0
190595,2,0,1,0
190618,2,0,0,0
190619,2,0,0,0
190633,2,0,1,0
190641,2,0,1,0
190643,2,0,0,0
190659,2,0,1,0
190665,2,0,1,0
190686,2,0,1,0
190697,2,0,1,0
190706,1,1,0,0
190738,2,0,1,0
190740,2,0,0,0
190754,2,0,1,0
190770,1,0,1,0
190773,2,0,1,0
190786,2,0,0,0
190827,2,0,1,0
190846,1,1,0,0
190857,1,1,0,0
190869,2,0,1,0
190909,1,1,1,-1
190920,2,0,0,0
190921,2,0,0,0
190930,2,0,0,0
190941,2,0,0,0
190948,2,0,1,0
190971,2,0,1,0
190974,2,0,1,0
190985,2,0,1,0
191000,1,1,0,0
191024,0,0,1,0
191042,2,0,1,0
191048,2,0,1,0
191071,2,0,1,0
191075,2,1,1,0
191112,2,0,1,0
191122,2,0,1,0
191124,1,1,0,0
191139,2,0,1,0
191165,2,0,1,0
191171,1,0,0,0
191176,2,0,1,0
191180,2,0,1,0
191181,2,0,1,0
191226,2,0,0,0
191234,2,0,1,0
191252,2,0,0,0
191270,2,0,0,0
191308,2,0,1,0
191309,2,0,0,0
191336,2,0,0,0
191355,2,0,1,0
191364,2,0,1,0
191370,2,0,0,0
191391,2,0,1,0
191419,1,1,1,0
191458,2,0,0,0
191492,2,0,0,0
191502,2,0,1,0
191512,1,1,0,0
191515,2,0,1,0
191544,2,1,1,0
191560,2,0,0,0
191561,1,1,1,0
191577,2,1,0,0
191584,2,0,0,0
191586,1,1,0,0
191587,2,0,1,0
191620,1,1,0,0
191626,1,1,1,0
191640,1,1,0,0
191646,2,0,1,0
191653,2,0,0,0
191656,2,0,0,0
191660,2,0,0,0
191694,2,1,0,0
191707,2,0,0,0
191728,1,1,0,0
191743,2,0,1,0
191768,2,0,1,0
191784,1,1,1,0
191785,2,1,1,0
191799,2,0,0,0
191806,2,0,1,0
191817,2,1,1,0
191827,2,0,1,0
191885,2,0,1,0
191918,2,0,1,0
191960,2,0,1,0
191961,2,1,1,0
192007,2,0,0,0
192019,2,0,1,0
192044,1,1,0,0
192051,2,0,1,0
192097,2,0,1,0
192106,2,0,0,0
192136,2,0,1,0
192153,2,0,1,0
192207,2,0,1,0
192213,1,1,0,0
192240,2,0,0,0
192249,2,0,1,0
192250,2,0,1,0
192252,2,0,1,0
192280,0,0,1,0
192283,2,0,1,0
192326,2,0,0,0
192358,2,0,1,0
192368,2,0,1,0
192369,2,0,1,0
192375,2,0,1,0
192405,2,0,1,0
192428,2,1,0,0
192454,2,0,1,0
192456,2,0,1,0
192473,2,0,0,0
192476,2,0,0,0
192477,2,0,1,0
192479,1,1,0,0
192493,1,1,0,0
192496,2,0,1,0
192509,2,0,1,0
192532,2,0,0,0
192545,2,0,1,0
192555,1,1,0,0
192565,1,1,0,0
192577,2,0,1,0
192592,1,1,0,0
192594,2,0,1,0
192613,1,1,0,0
192629,1,0,0,0
192639,2,0,1,0
192648,2,0,1,0
192651,2,0,1,0
192662,2,0,0,0
192693,1,1,1,0
192709,2,0,1,0
192714,0,0,0,0
192731,2,0,1,0
192741,2,0,0,0
192773,2,0,1,0
192803,2,0,0,0
192810,2,0,1,0
192813,2,0,0,0
192828,1,1,0,0
192834,2,0,1,0
192875,1,1,0,0
192880,2,0,1,0
192884,1,1,1,-1
192889,2,0,1,0
192892,1,1,0,0
192903,2,0,1,0
192917,2,0,0,0
192926,2,0,1,0
192931,2,0,1,0
192934,2,0,1,0
192964,1,1,0,0
192966,0,2,1,1
192979,2,0,0,0
193001,2,0,1,0
193026,2,0,0,0
193027,2,0,0,0
193029,0,0,1,0
193045,2,0,1,0
193046,2,0,1,0
193061,2,0,1,0
193089,2,0,1,0
193123,2,0,1,0
193171,2,0,1,0
193197,2,0,1,0
193205,2,0,1,0
193221,2,0,0,0
193226,2,0,1,0
193235,2,1,1,0
193268,2,0,1,0
193287,2,0,1,0
193290,2,0,1,0
193335,2,0,1,0
193343,2,0,1,0
193346,1,1,0,0
193361,1,1,0,0
193366,1,1,0,0
193369,2,0,0,0
193370,2,0,1,0
193380,2,0,1,0
193401,2,0,0,0
193402,2,0,1,0
193412,2,0,1,0
193443,2,0,0,0
193459,2,0,0,0
193478,2,0,1,0
193492,2,1,1,0
193521,2,0,1,0
193523,2,0,0,0
193524,1,1,0,0
193528,2,0,1,0
193536,2,0,1,0
193571,2,0,1,0
193574,2,1,0,0
193576,2,0,1,0
193618,2,0,0,0
193670,2,0,1,0
193681,2,0,1,0
193685,2,0,0,0
193690,1,1,1,0
193724,2,0,0,0
193728,2,0,0,0
193733,2,0,0,0
193735,2,0,1,0
193747,2,0,1,0
193751,2,0,1,0
193760,2,0,0,0
193788,2,0,1,0
193792,2,0,1,0
193807,2,0,1,0
193834,2,1,0,0
193846,1,1,1,0
193872,2,0,1,0
193911,2,0,1,0
193936,2,1,0,0
193957,2,0,1,0
193959,2,0,1,0
193962,2,0,0,0
193990,1,1,0,0
194000,2,0,1,0
194038,2,1,1,0
194054,2,0,1,0
194058,2,0,1,0
194067,2,0,0,0
194077,2,0,1,0
194086,2,0,1,0
194097,2,0,0,0
194112,2,0,0,0
194130,2,0,0,0
194216,2,1,0,0
194238,2,0,1,0
194283,2,1,1,0
194309,2,0,1,0
194312,2,0,0,0
194352,2,0,0,0
194410,2,0,0,0
194426,2,0,0,0
194462,2,0,0,0
194471,2,1,1,0
194481,2,0,1,0
194498,2,0,1,0
194526,2,0,1,0
194530,2,0,0,0
194539,2,0,0,0
194564,2,1,1,0
194593,2,1,1,0
194611,2,0,1,0
194640,2,0,1,0
194679,2,0,0,0
194687,2,0,1,0
194707,2,0,0,0
194725,2,0,1,0
194736,2,0,1,0
194770,2,0,1,0
194798,2,0,1,0
194799,2,0,1,0
194813,2,0,1,0
194854,0,2,1,0
194864,2,0,1,0
194871,2,0,1,0
194874,2,0,1,0
194920,2,0,1,0
194944,1,1,0,0
194948,2,0,1,0
194970,2,0,0,0
194984,2,0,1,0
194985,2,0,1,0
195015,2,0,1,0
195032,1,1,0,0
195037,2,0,1,0
195042,2,0,1,0
195091,0,0,1,0
195109,2,0,1,0
195116,2,1,0,0
195144,2,0,1,0
195145,2,0,1,0
195151,2,0,1,0
195161,2,0,0,0
195190,2,0,1,0
195222,2,0,0,0
195232,2,0,0,0
195234,2,0,0,0
195253,2,0,1,0
195255,2,1,0,0
195262,2,0,1,0
195271,2,0,0,0
195295,2,0,0,0
195360,2,0,1,0
195375,2,0,0,0
195376,2,0,0,0
195380,2,0,0,0
195381,2,0,1,0
195384,1,1,1,0
195409,2,0,1,0
195454,2,0,1,0
195462,2,0,1,0
195480,2,0,0,0
195509,2,0,1,0
195540,1,1,0,0
195602,1,1,0,0
195637,2,0,1,0
195647,2,0,1,0
195656,2,0,1,0
195658,1,1,0,0
195672,2,0,1,0
195689,2,0,0,0
195703,0,2,1,0
195746,1,1,0,0
195754,1,1,0,0
195765,2,0,1,0
195776,2,0,1,0
195784,2,0,1,0
195786,2,0,1,0
195792,2,0,0,0
195794,2,0,0,0
195814,2,0,1,0
195826,1,1,1,0
195831,2,0,1,0
195841,2,0,0,0
195933,2,0,0,0
195978,1,0,0,0
196007,2,1,1,0
196032,1,1,0,0
196047,2,0,1,0
196085,2,0,1,0
196117,2,0,0,0
196124,2,0,1,0
196140,2,0,1,0
196142,2,0,1,0
196148,2,0,0,0
196158,1,0,0,0
196171,2,1,0,0
196187,2,0,1,0
196211,2,0,1,0
196268,2,0,1,0
196305,2,0,1,0
196346,2,0,1,0
196368,2,0,1,0
196400,2,0,1,0
196404,2,0,1,0
196438,2,0,1,0
196449,0,0,1,0
196459,2,0,1,0
196469,2,0,1,0
196475,2,0,1,0
196484,2,0,1,0
196490,2,0,1,0
196497,2,0,0,0
196502,2,0,1,0
196514,2,0,1,0
196519,2,0,0,0
196578,2,0,1,0
196620,2,0,0,0
196624,1,1,0,0
196629,2,0,1,0
196630,2,0,0,0
196645,2,0,1,0
196702,2,0,1,0
196733,2,0,0,0
196763,2,0,1,0
196774,0,0,1,0
196804,2,0,1,0
196833,2,0,1,0
196847,2,0,0,0
196856,2,0,1,0
196859,2,0,0,0
196897,2,0,0,0
196978,2,0,0,0
196992,2,0,0,0
196996,2,0,0,0
197001,2,0,1,0
197011,2,1,1,0
197038,2,0,1,0
197040,2,0,1,0
197045,1,1,0,0
197049,2,0,0,0
197075,2,0,1,0
197092,2,0,1,0
197119,1,0,0,0
197130,1,1,1,0
197143,1,1,0,0
197152,2,0,1,0
197175,1,1,0,0
197188,2,1,0,0
197232,2,0,0,0
197234,2,0,0,0
197293,2,0,0,0
197318,2,0,1,0
197322,2,0,0,0
197334,2,0,0,0
197385,2,0,1,0
197394,2,0,0,0
197414,2,0,1,0
197420,1,1,0,0
197436,2,0,1,0
197456,2,0,1,0
197463,2,0,1,0
197466,2,0,1,0
197491,2,0,1,0
197506,2,0,1,0
197513,2,0,1,0
197539,2,0,1,0
197540,1,0,1,0
197548,2,0,0,0
197613,2,0,0,0
197626,2,0,1,0
197665,1,0,0,0
197668,2,0,0,0
197684,2,0,1,0
197738,2,0,1,0
197740,2,0,1,0
197745,2,0,0,0
197751,2,0,1,0
197756,1,1,0,0
197806,2,0,1,0
197832,2,0,1,0
197837,1,1,0,0
197859,2,0,0,0
197891,2,0,1,0
197908,1,1,0,0
197927,2,0,1,0
197933,1,1,0,0
197940,1,1,0,0
197952,2,0,0,0
197983,2,0,1,0
198001,1,1,1,0
198011,2,1,0,0
198016,1,1,1,0
198027,2,0,1,0
198032,2,0,1,0
198037,2,0,1,0
198052,2,0,1,0
198058,2,0,1,0
198062,2,0,1,0
198087,2,1,0,0
198088,2,1,1,0
198116,2,0,1,0
198155,2,0,1,0
198157,2,1,0,0
198160,2,0,1,0
198188,1,1,0,0
198228,2,0,1,0
198248,2,0,0,0
198250,2,0,1,0
198255,2,0,0,0
198295,1,1,1,-1
198300,2,0,1,0
198301,2,0,1,0
198341,2,0,1,0
198343,2,0,1,0
198362,2,1,0,0
198364,2,0,0,0
198365,2,1,0,0
198368,2,0,1,0
198400,2,0,0,0
198428,2,0,0,0
198446,1,0,0,0
198447,2,0,0,0
198448,1,1,1,0
198450,2,1,1,0
198496,1,1,0,0
198511,1,1,0,0
198512,2,0,1,0
198515,2,0,0,0
198516,2,0,1,0
198530,2,0,1,0
198566,2,1,0,0
198586,1,1,0,0
198598,2,0,1,0
198600,2,0,1,0
198619,2,0,0,0
198655,2,0,1,0
198677,2,0,1,0
198706,2,1,0,0
198727,2,0,1,0
198734,2,0,1,0
198739,1,1,0,0
198757,2,0,0,0
198766,2,0,1,0
198835,1,1,0,0
198842,2,0,1,0
198859,2,0,1,0
198908,1,1,0,0
198913,2,0,0,0
198938,2,0,1,0
198947,1,1,0,0
198955,1,1,0,0
198987,2,0,1,0
198995,2,0,1,0
198997,2,0,1,0
199006,2,0,1,0
199016,2,0,0,0
199041,2,0,1,0
199042,1,1,0,0
199047,2,1,1,0
199067,1,1,1,0
199071,2,0,1,0
199116,1,1,0,0
199144,1,1,0,0
199153,2,0,1,0
199163,2,0,1,0
199168,2,1,0,0
199170,2,0,1,0
199179,2,0,0,0
199208,0,2,1,0
199214,2,0,1,0
199223,2,0,0,0
199230,0,0,1,0
199238,2,1,1,0
199275,2,0,1,0
199276,2,0,1,0
199283,2,0,1,0
199284,2,0,0,0
199287,2,0,1,0
199315,2,0,1,0
199326,2,0,1,0
199340,2,0,0,0
199343,2,0,0,0
199344,2,1,1,0
199366,2,0,1,0
199374,2,0,1,0
199406,0,2,1,0
199412,1,1,0,0
199422,1,1,0,0
199435,1,1,1,0
199450,2,0,1,0
199451,2,0,1,0
199482,2,0,1,0
199485,2,0,1,0
199490,2,0,0,0
199501,2,0,0,0
199502,2,0,1,0
199517,2,0,0,0
199532,2,0,0,0
199543,2,0,0,0
199558,2,0,1,0
199568,2,0,0,0
199593,2,0,0,0
199627,1,1,0,0
199637,1,1,0,0
199644,2,0,1,0
199689,1,1,0,-1
199693,2,0,1,0
199694,2,0,1,0
199700,2,0,1,0
199709,2,0,0,0
199734,1,1,0,0
199751,2,0,1,0
199760,2,0,0,0
199780,2,0,0,0
199782,2,0,1,0
199800,2,1,0,0
199815,2,1,0,0
199818,2,0,1,0
199820,2,1,1,0
199839,1,1,0,0
199890,2,0,1,0
199916,1,1,0,0
199931,2,0,0,0
199947,2,0,1,0
199948,1,1,0,0
199957,2,0,1,0
199968,1,1,1,0
199972,2,0,0,0
199981,2,0,0,0
200000,2,1,0,0
200003,2,0,0,0
200006,2,0,1,0
200010,2,0,1,0
200028,2,0,1,0
200033,1,1,0,0
200068,2,0,1,0
200077,2,0,1,0
200154,2,0,0,0
200181,2,0,1,0
200192,2,0,1,0
200221,2,0,1,0
200235,2,0,1,0
200239,2,1,1,0
200242,2,0,0,0
200244,2,0,1,0
200276,2,0,1,0
200281,0,0,1,0
200286,2,0,0,0
200304,2,0,1,0
200358,2,0,1,0
200371,2,0,0,0
200384,2,0,0,0
200396,1,1,1,0
200432,2,0,1,0
200473,1,1,0,0
200502,2,0,1,0
200573,1,1,0,0
200575,2,0,1,0
200582,2,0,1,0
200598,2,0,1,0
200606,0,0,0,0
200651,2,0,1,0
200667,2,0,0,0
200701,2,0,1,0
200710,2,0,1,0
200712,2,0,1,0
200719,2,0,1,0
200720,1,1,0,0
200740,1,1,0,0
200817,2,0,1,0
200829,2,0,1,0
200835,2,0,1,0
200841,2,0,1,0
200867,2,0,0,0
200884,1,1,0,0
200892,2,0,1,0
200894,2,0,1,0
200941,2,0,1,0
200947,2,0,1,0
200954,2,0,1,0
200989,2,0,1,0
201036,2,0,1,0
201056,2,0,1,0
201057,2,0,1,0
201083,2,0,0,0
201091,2,0,1,0
201104,2,0,1,0
201107,2,0,1,0
201128,2,0,1,0
201139,2,0,0,0
201140,1,1,0,0
201177,2,0,1,0
201183,1,1,0,0
201205,2,0,1,0
201212,1,1,0,0
201217,2,0,1,0
201229,0,2,1,0
201309,1,1,0,0
201318,2,0,1,0
201339,2,0,1,0
201343,2,0,1,0
201348,2,0,1,0
201395,2,0,1,0
201414,2,0,0,0
201453,1,1,0,0
201481,2,0,1,0
201503,2,1,1,0
201519,2,0,1,0
201521,2,0,0,0
201545,2,1,0,0
201550,2,0,1,0
201581,2,0,1,0
201601,2,0,0,0
201610,2,0,1,0
201640,2,0,0,0
201652,2,1,1,0
201670,2,1,0,0
201674,2,0,1,0
201679,2,0,1,0
201690,2,0,0,0
201693,1,1,0,0
201702,2,0,0,0
201731,2,0,1,0
201749,2,0,1,0
201753,2,0,0,0
201801,2,1,0,0
201806,2,0,0,0
201830,2,0,1,0
201836,0,0,1,0
201841,2,0,1,0
201851,2,0,0,0
201864,1,1,0,0
201872,1,1,0,0
201874,2,0,1,0
201886,2,0,1,0
201895,2,0,1,0
201903,2,0,1,0
201907,2,0,0,0
201910,1,1,0,0
201915,2,0,1,0
201916,2,0,1,0
201946,2,0,1,0
201949,2,0,0,0
201985,2,1,1,0
201989,2,0,1,0
201994,0,0,1,0
201996,2,0,1,0
202023,2,0,1,0
202026,2,0,0,0
202031,2,0,1,0
202052,1,1,0,0
202060,2,0,1,0
202080,2,0,1,0
202098,2,0,1,0
202106,2,0,1,0
202122,2,0,0,0
202127,2,0,0,0
202145,2,0,0,0
202158,2,0,0,0
202190,2,0,1,0
202216,2,0,1,0
202218,2,0,1,0
202289,0,2,1,-1
202311,1,1,1,0
202320,2,0,1,0
202322,2,0,1,0
202348,2,0,1,0
202365,2,0,1,0
202393,1,1,1,0
202405,2,0,1,0
202407,2,0,1,0
202440,2,0,1,0
202443,2,1,1,0
202444,2,0,0,0
202455,1,1,0,0
202473,2,0,1,0
202494,2,0,0,0
202495,2,0,1,0
202511,2,0,1,0
202512,2,1,1,0
202543,2,0,1,0
202551,2,0,0,0
202570,1,1,0,0
202571,2,0,0,0
202599,2,0,1,0
202619,1,1,0,0
202620,1,1,0,0
202637,2,0,1,0
202654,2,1,1,0
202698,2,0,0,0
202742,2,0,1,0
202774,1,1,0,0
202794,2,0,1,0
202803,2,0,1,0
202809,1,0,1,0
202816,2,0,1,0
202862,2,0,1,0
202868,2,0,1,0
202892,2,0,0,0
202909,1,1,0,0
202911,2,0,0,0
202955,1,1,1,0
202958,2,0,0,0
202974,2,1,1,0
202980,2,0,1,0
202984,2,0,1,0
202985,2,0,1,0
203003,0,0,1,0
203004,2,0,1,0
203008,2,0,1,0
203037,0,0,1,0
203043,2,0,0,0
203076,2,0,1,0
203091,2,0,0,0
203121,2,0,0,0
203129,2,0,1,0
203139,2,0,0,0
203140,2,0,0,0
203153,2,0,1,0
203192,2,0,1,0
203209,1,1,0,0
203212,2,0,1,0
203228,2,0,0,0
203230,2,0,1,0
203260,2,0,1,0
203268,1,1,0,0
203302,2,0,1,0
203333,2,0,1,0
203337,1,0,1,0
203356,2,0,1,0
203381,2,0,1,0
203386,0,0,1,0
203436,2,0,1,0
203443,2,0,1,0
203449,1,1,1,0
203478,0,0,1,0
203505,2,1,1,0
203507,1,1,0,0
203514,2,1,0,0
203558,1,1,1,0
203594,2,0,1,0
203597,2,0,1,0
203635,2,0,1,0
203641,2,0,1,0
203647,2,0,1,0
203650,1,0,1,0
203672,2,0,0,0
203676,2,0,0,0
203696,2,0,1,0
203701,2,0,0,0
203704,2,0,0,0
203730,2,0,0,0
203743,1,1,0,0
203779,1,1,0,0
203782,2,0,1,0
203786,2,0,1,0
203802,1,1,0,0
203804,2,0,1,0
203809,2,0,1,0
203819,2,0,1,0
203823,2,0,1,0
203840,2,0,0,0
203870,2,0,0,0
203877,2,0,1,0
203883,2,0,0,0
203937,2,0,0,0
203943,2,0,1,0
203969,2,0,1,0
203992,2,0,0,0
204008,2,0,1,0
204032,2,0,1,0
204050,1,1,0,-1
204093,2,1,0,0
204096,2,0,0,0
204100,2,0,0,0
204129,1,1,1,0
204131,1,1,1,0
204134,2,1,1,0
204168,2,0,1,0
204219,2,0,1,0
204245,2,0,1,0
204253,2,0,1,0
204280,2,0,1,0
204283,2,0,0,0
204329,2,0,1,0
204340,2,0,1,0
204370,2,1,1,0
204378,2,0,0,0
204384,2,0,1,0
204391,1,1,1,0
204392,2,0,1,0
204395,2,1,0,0
204402,1,1,0,0
204408,2,0,1,0
204415,1,1,0,0
204418,2,0,1,0
204425,1,1,0,0
204428,2,0,1,0
204477,1,1,0,0
204501,2,0,1,0
204528,2,0,0,0
204534,2,0,1,0
204549,1,1,1,0
204559,2,0,1,0
204575,2,0,1,0
204583,2,0,0,0
204588,2,0,1,0
204589,2,0,1,0
204637,1,1,0,0
204651,1,1,0,0
204666,2,0,0,0
204672,2,0,1,0
204692,2,0,0,0
204694,1,1,1,0
204717,2,0,1,0
204737,1,0,0,0
204740,2,0,1,0
204780,2,0,1,0
204795,2,0,1,0
204810,2,0,0,0
204827,0,0,0,0
204828,2,0,1,0
204839,1,1,0,0
204846,2,0,1,0
204858,2,0,1,0
204861,2,1,0,0
204880,2,0,1,0
204897,1,1,0,0
204907,1,1,0,0
204920,2,0,1,0
204924,2,1,1,0
204928,2,0,0,0
204935,2,0,1,0
204939,2,0,1,0
204942,2,0,1,0
204951,2,0,0,0
204958,2,0,1,0
204987,2,0,1,0
205014,2,0,0,0
205029,1,1,0,0
205035,2,0,0,0
205074,2,0,1,0
205108,2,0,1,0
205121,2,1,0,0
205133,1,1,0,0
205202,2,0,1,0
205240,2,0,1,0
205283,2,0,1,0
205292,2,0,1,0
205323,2,1,1,0
205335,2,1,0,0
205359,2,0,1,0
205409,2,0,1,0
205420,2,0,0,0
205428,2,0,0,0
205432,2,0,1,0
205448,2,0,0,0
205468,2,0,0,0
205476,2,0,1,0
205511,2,0,1,0
205549,2,0,0,0
205552,2,1,0,0
205581,2,0,0,0
205584,2,0,0,0
205624,1,1,0,-1
205630,2,0,0,0
205637,1,1,0,0
205670,2,0,1,0
205676,2,0,0,0
205686,2,0,1,0
205697,2,0,0,0
205736,1,1,0,0
205742,2,0,1,0
205770,2,0,1,0
205774,2,0,1,0
205775,2,0,1,0
205793,2,0,0,0
205835,2,0,1,0
205877,2,0,0,0
205879,2,0,1,0
205899,2,0,0,0
205999,0,0,1,0
206038,0,0,1,0
206049,2,0,1,0
206060,2,1,1,0
206062,1,0,0,0
206069,2,0,1,0
206089,2,0,0,0
206093,1,1,0,0
206132,1,1,0,0
206133,2,0,1,0
206153,2,0,0,0
206165,2,0,0,0
206177,1,1,0,0
206180,2,0,0,0
206186,2,0,1,0
206195,2,0,0,0
206205,2,0,1,0
206218,2,0,1,0
206273,1,1,0,0
206307,2,0,0,0
206317,2,0,1,0
206329,1,1,0,0
206335,2,0,1,0
206375,1,1,0,0
206379,2,0,1,0
206432,2,0,1,0
206440,2,0,1,0
206443,2,0,0,0
206455,2,0,0,0
206461,2,0,1,0
206462,2,0,1,0
206469,2,0,1,0
206481,2,0,1,0
206500,2,0,1,0
206524,2,0,0,0
206556,2,0,0,0
206563,2,1,1,0
206588,2,0,1,0
206603,2,0,1,0
206632,1,0,1,0
206639,2,0,1,0
206641,2,1,1,0
206643,2,0,1,0
206644,2,0,0,0
206646,1,1,0,0
206676,2,0,1,0
206677,2,0,0,0
206682,2,1,1,0
206695,1,1,1,0
206697,2,0,1,0
206703,1,1,0,0
206709,2,1,0,0
206734,2,0,1,0
206757,2,0,1,0
206776,1,1,0,0
206784,2,0,1,0
206792,1,1,0,0
206809,2,0,1,0
206848,2,0,0,0
206863,2,0,1,0
206868,2,0,1,0
206890,2,0,1,0
206909,2,0,0,0
206922,0,0,1,0
206928,1,1,0,0
206930,2,0,1,0
206936,2,0,1,0
206949,2,0,1,0
206953,2,0,0,0
206955,2,1,1,0
206975,1,1,0,0
206986,2,0,1,0
207015,2,0,0,0
207031,2,0,1,0
207046,2,0,0,0
207066,2,0,1,0
207074,2,0,0,0
207085,0,0,1,0
207103,2,0,0,0
207108,2,0,1,0
207119,2,0,1,0
207124,2,1,0,0
207155,2,0,1,0
207165,2,0,1,0
207177,2,0,1,0
207192,2,0,1,0
207193,2,0,1,0
207201,2,0,1,0
207209,2,0,1,0
207216,2,0,1,0
207218,2,0,1,0
207251,2,0,0,0
207273,2,1,0,0
207277,2,0,1,0
207310,1,1,0,0
207327,2,0,1,0
207364,1,1,0,0
207380,2,0,0,0
207386,2,0,0,0
207390,2,0,1,0
207397,2,0,0,0
207414,2,0,1,0
207431,2,0,0,0
207435,2,0,0,0
207439,1,1,0,0
207486,2,0,1,0
207496,2,0,0,0
207514,1,1,0,0
207528,2,0,1,0
207571,2,0,1,0
207581,2,0,1,0
207601,2,0,1,0
207611,2,0,1,0
207612,1,1,0,0
207617,2,0,0,0
207618,2,0,1,0
207629,2,0,1,0
207632,2,0,1,0
207640,2,0,1,0
207655,1,1,1,0
207677,2,0,0,0
207685,2,0,1,0
207720,1,1,1,0
207749,2,1,1,0
207753,2,0,1,0
207777,2,0,1,0
207779,2,0,1,0
207780,2,0,0,0
207792,2,0,1,0
207805,2,0,0,0
207807,2,0,1,0
207814,2,0,1,0
207816,2,0,1,0
207823,1,1,0,0
207876,0,0,1,0
207906,1,1,1,0
207919,2,0,0,0
207938,2,0,1,0
207942,2,0,1,0
207953,2,0,0,0
207961,0,2,1,0
207972,0,2,1,0
208000,2,0,0,0
208025,2,0,0,0
208028,2,0,1,0
208048,2,0,0,0
208059,2,0,1,0
208074,1,1,0,0
208076,1,1,0,0
208085,2,0,0,0
208093,2,0,1,0
208124,2,1,1,0
208135,2,0,0,0
208136,2,0,0,0
208138,2,0,1,0
208163,2,0,1,0
208196,1,1,0,0
208211,2,0,1,0
208234,2,0,1,0
208252,2,0,1,0
208253,2,0,1,0
208261,1,1,0,0
208269,1,1,0,0
208290,2,0,0,0
208293,2,0,1,0
208301,2,0,1,0
208316,1,1,0,0
208333,1,1,0,0
208343,2,0,1,0
208349,2,0,1,0
208351,2,0,0,0
208358,1,1,0,0
208374,1,1,0,0
208376,2,0,1,0
208377,2,0,1,0
208382,2,0,1,0
208419,2,0,0,0
208439,2,0,0,0
208490,1,1,0,0
208532,2,0,1,0
208535,2,0,0,0
208565,2,0,1,0
208575,2,0,1,0
208579,2,0,0,0
208591,2,0,1,0
208626,2,0,1,0
208631,2,1,1,0
208669,2,0,1,0
208690,2,0,1,0
208702,1,1,0,0
208733,0,0,1,0
208761,2,0,1,0
208783,2,0,1,0
208813,2,0,0,0
208823,2,0,0,0
208834,2,0,1,0
208855,2,0,1,0
208891,2,0,1,0
208925,2,1,1,0
208926,2,0,0,0
208994,2,0,1,0
208995,2,0,0,0
209015,2,0,1,0
209022,2,0,1,0
209037,2,1,1,0
209042,2,0,1,0
209059,2,0,1,0
209066,1,0,1,0
209067,2,0,1,0
209078,1,1,0,0
209080,2,1,1,0
209092,2,0,0,0
209107,2,0,1,0
209134,2,0,1,0
209139,2,0,0,0
209142,2,0,1,0
209155,2,0,1,0
209194,2,0,1,0
209210,2,0,1,0
209214,2,0,1,0
209220,2,0,1,0
209226,2,0,1,0
209228,2,1,1,0
209233,2,0,0,0
209264,2,0,1,0
209265,2,1,1,0
209287,2,0,0,0
209292,2,0,1,0
209311,2,0,1,0
209312,2,0,1,0
209313,2,0,1,0
209376,2,0,0,0
209385,1,1,0,0
209401,1,1,0,0
209405,2,0,0,0
209427,2,0,0,0
209466,2,0,0,0
209495,2,0,1,0
209524,2,1,0,0
209532,2,1,1,0
209542,2,0,0,0
209546,2,0,0,0
209547,2,0,0,0
209562,1,1,0,0
209593,2,0,1,0
209625,2,0,1,0
209635,2,0,1,0
209643,2,0,1,0
209651,2,0,1,0
209671,1,1,0,0
209725,2,0,0,0
209736,2,0,0,0
209741,2,0,1,0
209769,2,0,1,0
209778,2,0,1,0
209780,2,0,1,0
209792,2,0,1,0
209807,2,0,1,0
209809,2,0,1,0
209825,1,1,0,0
209827,1,1,0,0
209854,2,0,0,0
209890,2,0,1,0
209897,2,1,0,0
209907,2,0,0,0
209930,2,1,0,0
209954,2,1,1,0
209982,0,0,1,0
210044,2,0,0,0
210056,1,1,0,0
210125,2,0,1,0
210142,1,1,0,0
210151,2,0,0,0
210181,0,0,1,0
210228,2,0,1,0
210232,2,0,0,0
210235,2,0,1,0
210256,2,0,1,0
210272,2,0,1,0
210303,2,0,1,0
210305,2,0,1,0
210315,2,0,0,0
210332,1,1,0,0
210336,2,0,0,0
210345,1,1,0,0
210350,2,0,1,0
210354,2,0,1,0
210489,2,0,1,0
210502,2,0,1,0
210523,2,0,1,0
210549,2,0,1,0
210566,2,0,1,0
210571,0,0,1,0
210580,2,0,0,0
210582,2,0,1,0
210584,2,0,1,0
210597,1,1,0,0
210631,2,0,1,0
210655,2,0,0,0
210663,2,0,0,0
210668,2,0,1,0
210759,1,1,0,0
210765,0,2,1,1
210776,1,1,0,0
210788,2,0,0,0
210835,2,0,1,0
210839,2,0,1,0
210841,1,1,0,0
210854,2,0,1,0
210861,2,0,0,0
210873,2,0,0,0
210874,2,0,1,0
210888,2,0,1,0
210891,2,0,1,0
210908,2,0,1,0
210920,2,0,1,0
210932,2,0,1,0
210948,2,0,1,0
210960,2,0,0,0
210965,2,0,1,0
210975,2,0,1,0
211009,1,1,0,0
211033,2,0,0,0
211058,2,0,1,0
211064,2,1,0,0
211085,2,0,1,0
211107,1,1,0,0
211119,2,0,0,0
211188,2,0,1,0
211194,0,0,1,0
211211,2,0,1,0
211215,2,0,1,0
211217,2,0,0,0
211219,2,0,1,0
211223,2,0,0,0
211238,2,0,1,0
211254,2,0,0,0
211257,1,1,0,0
211261,2,0,1,0
211290,2,0,1,0
211306,2,0,0,0
211357,2,0,0,0
211389,2,0,0,0
211412,2,0,0,0
211456,1,1,0,0
211458,2,1,1,0
211486,2,0,1,0
211514,2,0,1,0
211521,2,1,1,0
211524,1,1,0,0
211528,2,0,1,0
211537,2,0,1,0
211544,2,0,1,0
211586,2,0,1,0
211620,2,0,0,0
211652,2,0,1,0
211666,2,1,1,0
211679,2,0,1,0
211680,2,0,0,0
211681,1,1,0,0
211686,1,1,0,0
211710,2,0,0,0
211725,2,0,1,0
211734,2,0,0,0
211737,0,0,1,0
211767,1,1,0,0
211794,2,0,1,0
211808,2,0,0,0
211823,2,1,1,0
211834,2,0,1,0
211854,2,0,1,0
211868,1,1,0,0
211880,2,0,0,0
211882,2,0,0,0
211897,2,0,0,0
211914,2,0,0,0
211949,2,0,0,0
211954,2,0,1,0
211984,2,0,0,0
211993,2,0,1,0
212022,2,0,1,0
212065,0,2,1,0
212070,2,0,0,0
212080,1,1,0,0
212086,2,0,1,0
212100,2,0,1,0
212104,2,0,0,0
212114,2,0,0,0
212124,2,1,0,0
212140,2,0,1,0
212154,2,0,1,0
212170,2,0,1,0
212175,2,0,0,0
212177,2,0,1,0
212233,0,0,1,0
212259,2,0,1,0
212272,2,0,1,0
212317,2,0,1,0
212338,2,0,1,0
212363,2,0,1,0
212373,2,0,0,0
212393,2,1,1,0
212416,2,0,0,0
212450,2,0,1,0
212466,2,0,1,0
212467,1,1,0,0
212470,1,0,0,0
212479,2,0,1,0
212481,1,1,0,0
212487,2,0,1,0
212517,2,1,0,0
212524,1,1,1,0
212547,2,0,0,0
212583,2,0,1,0
212588,2,0,1,0
212617,2,0,0,0
212626,0,2,1,0
212628,2,1,0,0
212641,1,0,0,0
212686,2,0,0,0
212738,2,0,1,0
212744,2,0,1,0
212810,2,0,1,0
212813,2,0,1,0
212833,2,0,1,0
212855,1,1,0,0
212872,0,0,1,0
212873,1,1,0,0
212880,1,0,1,0
212904,2,0,1,0
212954,2,0,1,0
212995,1,1,1,0
213022,2,0,1,0
213028,1,1,1,0
213041,1,1,0,0
213059,1,1,0,0
213074,2,0,0,0
213109,2,0,0,0
213124,2,0,1,0
213136,1,1,1,-1
213152,2,0,1,0
213159,2,0,1,0
213176,2,0,0,0
213208,2,0,1,0
213209,1,1,0,0
213214,2,0,1,0
213215,2,0,1,0
213269,2,0,1,0
213272,2,0,1,0
213278,2,0,0,0
213280,2,0,1,0
213287,2,0,1,0
213313,2,0,0,0
213332,1,1,1,0
213375,2,0,1,0
213378,2,0,1,0
213389,2,0,1,0
213406,2,0,1,0
213407,2,0,1,0
213423,2,0,1,0
213454,2,0,0,0
213467,2,0,1,0
213493,2,0,1,0
213505,2,0,1,0
213511,2,0,1,0
213547,2,0,0,0
213549,2,0,0,0
213556,2,0,1,0
213591,2,1,1,0
213604,2,0,1,0
213609,0,0,1,0
213619,2,0,1,0
213630,2,0,1,0
213646,2,0,1,0
213654,2,0,1,0
213661,2,0,1,0
213669,1,1,0,0
213670,1,1,0,0
213693,2,0,1,0
213695,1,1,1,0
213717,2,0,0,0
213753,2,0,0,0
213757,2,1,1,0
213809,2,0,1,0
213842,1,1,0,0
213857,2,0,1,0
213867,2,1,1,0
213894,2,0,1,0
213933,2,0,0,0
213939,2,0,0,0
213943,1,1,0,0
213958,2,0,0,0
213982,2,0,1,0
213985,2,0,1,0
214046,2,0,1,0
214053,2,0,1,0
214075,2,0,1,0
214089,2,0,0,0
214118,2,0,1,0
214131,2,0,0,0
214160,2,0,1,0
214185,2,0,1,0
214199,2,0,1,0
214203,1,1,0,0
214214,2,0,1,0
214231,2,0,1,0
214244,1,1,1,0
214248,2,0,1,0
214277,2,1,0,0
214349,2,1,0,0
214358,2,0,1,0
214372,2,0,1,0
214374,0,0,1,0
214383,2,0,1,0
214391,2,0,0,0
214394,2,0,1,0
214401,2,0,1,0
214411,2,0,0,0
214430,2,0,1,0
214436,2,0,0,0
214473,1,1,0,0
214499,1,1,0,-1
214514,2,0,1,0
214525,2,0,1,0
214534,2,1,0,0
214582,2,0,0,0
214595,2,0,1,0
214599,1,1,0,0
214636,2,0,0,0
214652,2,0,1,0
214655,2,0,1,0
214659,2,0,0,0
214675,2,0,1,0
214680,2,0,1,0
214690,2,0,0,0
214693,2,0,0,0
214731,2,0,1,0
214772,1,1,0,0
214773,2,0,1,0
214784,2,1,0,0
214817,2,0,0,0
214874,2,0,1,0
214887,1,1,1,0
214904,2,0,0,0
214921,2,0,1,0
214926,2,0,1,0
214958,2,0,1,0
214969,1,1,1,0
214974,2,0,1,0
215048,2,0,0,0
215074,2,0,0,0
215075,1,1,0,0
215078,2,0,0,0
215114,2,0,1,0
215127,1,0,0,0
215130,2,0,1,0
215214,2,0,1,0
215226,2,0,0,0
215305,2,0,1,0
215308,0,0,1,0
215326,2,0,1,0
215344,2,0,1,0
215377,1,1,0,0
215429,1,1,0,0
215443,2,0,0,0
215446,1,1,0,0
215469,1,1,0,0
215488,0,0,1,0
215560,2,0,1,0
215575,2,0,0,0
215583,2,0,1,0
215603,2,0,0,0
215612,2,0,1,0
215621,2,0,0,0
215628,2,0,1,0
215629,2,0,1,0
215632,2,0,0,0
215633,1,1,0,0
215637,1,1,0,0
215671,2,0,1,0
215680,2,0,0,0
215696,2,0,1,0
215698,2,0,1,0
215716,2,0,1,0
215734,2,0,1,0
215735,2,0,0,0
215736,1,1,0,0
215740,2,0,1,0
215751,2,0,0,0
215756,2,0,0,0
215758,2,0,0,0
215787,2,0,1,0
215791,2,0,1,0
215817,2,0,1,0
215828,2,0,0,0
215846,2,0,1,0
215847,2,0,1,0
215849,1,0,0,0
215854,2,0,1,0
215896,2,0,1,0
215979,2,0,1,0
215984,2,0,1,0
216034,2,0,1,0
216065,2,0,0,0
216090,1,1,1,0
216104,1,1,0,0
216109,2,0,1,0
216119,2,0,0,0
216141,2,0,0,0
216149,2,0,0,0
216159,2,0,0,0
216170,2,0,1,0
216179,2,0,1,0
216199,0,0,1,0
216207,2,0,0,0
216212,2,0,0,0
216216,2,0,1,0
216225,2,0,0,0
216239,1,1,0,0
216243,2,0,1,0
216250,2,0,1,0
216271,2,0,1,0
216286,2,1,0,0
216289,1,1,0,0
216293,2,0,1,0
216303,2,0,0,0
216327,2,0,0,0
216336,2,0,0,0
216350,2,0,1,0
216376,2,0,1,0
216378,1,1,0,0
216383,2,0,1,0
216404,2,0,1,0
216406,2,0,0,0
216430,2,0,1,0
216431,2,0,1,0
216438,1,1,0,0
216488,2,0,1,0
216497,1,1,0,0
216505,1,1,0,0
216508,2,0,1,0
216518,2,0,1,0
216523,2,0,1,0
216524,2,0,1,0
216528,2,0,1,0
216552,2,0,1,0
216590,2,0,1,0
216605,2,0,1,0
216620,2,1,1,0
216658,2,0,1,0
216669,2,0,1,0
216675,2,0,0,0
216722,2,0,1,0
216738,2,0,1,0
216751,2,0,1,0
216763,2,0,0,0
216766,2,0,0,0
216772,2,0,1,0
216792,2,0,0,0
216802,2,0,1,0
216819,1,1,0,0
216852,2,0,1,0
216865,2,0,1,0
216867,2,0,0,0
216880,2,1,0,0
216909,2,0,1,0
216931,2,0,0,0
216945,2,0,0,0
216956,2,0,1,0
216986,2,0,1,0
216988,2,1,1,0
217000,1,1,0,0
217018,2,0,1,0
217036,2,0,1,0
217098,2,0,1,0
217106,2,0,1,0
217144,2,0,1,0
217172,2,0,1,0
217190,2,1,0,0
217192,2,0,1,0
217219,2,0,1,0
217222,2,0,1,0
217223,2,0,1,0
217225,2,0,1,0
217229,2,0,1,0
217269,1,1,0,0
217292,0,0,1,0
217301,1,1,0,0
217310,2,0,0,0
217334,2,1,0,0
217356,2,0,0,0
217416,2,0,1,0
217427,2,0,0,0
217439,2,0,1,0
217443,2,0,1,0
217444,2,0,1,0
217469,2,0,0,0
217487,2,0,1,0
217489,2,0,1,0
217500,2,0,0,0
217544,2,0,1,0
217556,2,0,1,0
217572,1,1,0,0
217597,2,0,0,0
217599,2,0,1,0
217607,2,0,1,0
217622,2,0,0,0
217629,1,1,0,0
217632,2,1,1,0
217675,2,1,1,0
217717,2,0,1,0
217718,2,0,1,0
217721,2,1,0,0
217726,1,1,0,0
217735,2,0,1,0
217739,1,1,1,0
217769,2,0,0,0
217781,2,0,0,0
217794,2,1,0,0
217802,2,0,0,0
217804,2,1,0,0
217809,2,0,1,0
217817,2,0,1,0
217826,2,0,1,0
217828,2,0,1,0
217837,2,0,1,0
217839,2,0,0,0
217842,2,0,1,0
217845,2,0,0,0
217853,2,0,1,0
217859,2,1,0,0
217887,2,0,1,0
217905,1,1,0,0
217920,2,0,1,0
217953,2,0,1,0
217958,2,0,1,0
218023,2,0,0,0
218024,2,0,1,0
218056,2,0,1,0
218071,2,0,0,0
218076,2,0,1,0
218082,2,0,0,0
218084,1,1,0,0
218086,2,0,1,0
218103,2,0,1,0
218135,2,0,0,0
218140,2,0,0,0
218148,2,0,1,0
218191,2,0,1,0
218233,2,0,0,0
218262,2,0,1,0
218299,1,1,0,0
218307,2,0,1,0
218309,0,0,1,0
218313,2,0,0,0
218322,2,0,0,0
218329,2,0,1,0
218333,2,0,0,0
218334,2,0,1,0
218336,2,0,1,0
218351,2,0,1,0
218357,2,0,0,0
218358,2,0,1,0
218378,1,1,0,0
218419,2,1,1,0
218423,2,0,1,0
218427,2,0,1,0
218430,2,0,0,0
218436,2,0,0,0
218463,2,0,1,0
218473,2,0,0,0
218500,2,0,1,0
218533,2,0,1,0
218541,2,0,1,0
218594,2,0,0,0
218600,2,1,0,0
218611,2,0,1,0
218624,2,0,0,0
218656,1,1,0,0
218686,2,0,1,0
218699,2,0,1,0
218731,2,1,1,0
218742,2,0,1,0
218753,1,1,0,0
218765,2,0,1,0
218783,2,0,1,0
218789,2,0,1,0
218822,2,0,1,0
218827,1,1,0,0
218843,2,0,1,0
218869,1,1,1,0
218878,2,0,1,0
218908,2,0,0,0
218914,2,0,1,0
218980,2,0,0,0
219020,2,0,1,0
219030,2,0,1,0
219055,2,0,1,0
219061,2,0,1,0
219066,2,0,1,0
219067,2,0,1,0
219086,2,0,1,0
219090,2,0,0,0
219097,2,0,1,0
219109,1,1,0,0
219130,2,0,1,0
219172,2,1,1,0
219178,2,0,0,0
219205,2,0,1,0
219250,2,0,1,0
219258,2,0,1,0
219271,2,0,1,0
219323,2,0,1,0
219366,2,0,1,0
219453,1,1,0,0
219481,2,0,0,0
219521,2,0,1,0
219566,1,0,0,0
219567,2,0,1,0
219569,2,0,0,0
219647,2,0,0,0
219672,1,1,0,0
219688,2,0,1,0
219700,1,1,0,0
219709,2,0,1,0
219710,2,0,1,0
219720,2,0,0,0
219730,2,0,1,0
219742,2,0,1,0
219762,2,0,1,0
219763,2,0,1,0
219807,2,0,0,0
219808,2,0,1,0
219813,2,0,1,0
219822,2,0,1,0
219836,2,0,1,0
219847,2,0,1,0
219863,2,1,0,0
219888,2,0,1,0
219895,1,1,0,0
219943,2,0,1,0
219952,2,0,1,0
219969,2,0,1,0
219973,2,1,1,0
219980,1,1,0,0
220031,1,0,0,0
220041,2,0,0,0
220071,2,0,1,0
220078,2,0,1,0
220092,2,0,1,0
220125,2,0,1,0
220127,2,0,0,0
220181,1,1,0,0
220197,2,0,0,0
220201,2,1,1,0
220214,2,0,0,0
220232,2,0,1,0
220234,1,1,0,0
220239,2,0,1,0
220245,2,0,1,0
220255,2,0,0,0
220262,2,0,1,0
220263,0,2,1,0
220264,2,0,1,0
220282,2,1,0,0
220312,2,0,1,0
220327,1,1,0,0
220344,2,0,0,0
220371,2,0,0,0
220375,2,0,0,0
220390,2,1,1,0
220392,2,0,0,0
220443,2,0,1,0
220457,0,0,1,0
220462,2,0,1,0
220467,1,1,0,0
220485,2,0,0,0
220506,1,1,0,0
220515,2,0,0,0
220536,2,0,0,0
220559,2,0,1,0
220601,2,0,1,0
220606,2,1,1,0
220611,1,1,0,0
220662,2,0,1,0
220747,2,0,1,0
220753,2,0,0,0
220824,2,0,1,0
220857,1,1,1,0
220865,1,1,0,0
220877,2,0,0,0
220880,2,0,1,0
220884,2,0,1,0
220891,2,0,0,0
220910,2,0,1,0
220914,2,0,0,0
220974,2,0,0,0
221018,2,0,0,0
221025,2,0,1,0
221029,2,0,0,0
221071,2,0,1,0
221139,2,0,1,0
221180,2,0,1,0
221215,1,0,1,0
221248,2,0,1,0
221259,2,0,1,0
221290,2,0,0,0
221307,2,0,0,0
221491,2,1,0,0
221510,2,0,1,0
221515,2,0,0,0
221539,2,0,1,0
221564,2,1,0,0
221591,2,0,0,0
221616,2,0,1,0
221621,2,0,0,0
221632,2,0,1,0
221634,2,0,0,0
221635,1,1,0,0
221651,2,0,1,0
221661,2,0,1,0
221671,2,0,1,0
221692,2,0,1,0
221724,2,0,0,0
221726,2,1,0,0
221732,2,0,1,0
221754,1,1,0,0
221773,2,1,1,0
221774,2,0,1,0
221792,2,0,1,0
221804,2,0,1,0
221854,1,1,0,0
221869,1,1,0,0
221873,2,1,0,0
221886,2,0,1,0
221896,1,1,0,0
221922,2,0,1,0
221929,2,0,1,0
221981,2,1,1,0
221983,2,0,1,0
221995,0,0,1,0
222004,2,0,1,0
222039,2,0,1,0
222050,2,0,1,0
222069,1,1,1,0
222110,2,0,1,0
222113,2,0,1,0
222124,2,0,1,0
222128,2,0,1,0
222158,2,0,0,0
222163,2,0,1,0
222175,1,1,0,0
222176,2,0,0,0
222178,2,0,1,0
222189,2,0,1,0
222247,2,0,1,0
222258,2,0,0,0
222262,2,0,1,0
222285,2,0,0,0
222295,2,0,0,0
222300,2,0,1,0
222316,1,0,0,0
222325,1,0,0,0
222330,2,0,1,0
222331,2,0,1,0
222347,2,0,1,0
222351,2,0,0,0
222364,2,0,1,0
222380,2,0,1,0
222395,2,0,1,0
222422,2,0,0,0
222426,2,1,1,0
222430,2,0,0,0
222446,1,1,0,0
222461,2,0,1,0
222482,2,0,0,0
222529,2,0,1,0
222548,2,0,1,0
222567,2,0,1,0
222583,2,0,0,0
222630,1,1,0,0
222635,2,0,1,0
222644,2,0,1,0
222661,1,1,1,0
222686,2,0,1,0
222693,2,0,0,0
222695,2,0,1,0
222696,2,0,0,0
222698,2,0,0,0
222729,2,0,1,0
222749,2,0,0,0
222770,2,0,1,0
222812,1,1,0,0
222831,1,1,0,0
222834,2,0,1,0
222842,1,1,1,0
222848,2,0,0,0
222857,1,1,0,0
222883,2,0,0,0
222893,2,0,1,0
222902,2,0,1,0
222909,2,0,0,0
222921,2,0,0,0
222943,2,0,1,0
222973,2,0,0,0
222985,2,0,1,0
223009,1,1,1,0
223023,2,0,0,0
223054,2,0,0,0
223055,2,1,1,0
223060,2,0,1,0
223082,2,1,1,0
223088,2,0,0,0
223103,1,1,0,0
223116,2,0,0,0
223119,1,1,0,0
223150,2,0,1,0
223159,2,0,1,0
223160,1,1,0,0
223162,2,0,0,0
223177,2,0,1,0
223221,2,0,0,0
223279,2,0,1,0
223289,2,0,1,0
223290,2,0,1,0
223315,2,0,1,0
223318,2,0,1,0
223352,2,0,0,0
223373,2,0,0,0
223400,2,0,0,0
223401,2,0,1,0
223402,2,0,1,0
223418,2,0,1,0
223420,1,1,0,0
223421,2,0,1,0
223423,2,0,1,0
223438,2,0,0,0
223450,2,0,1,0
223486,2,0,1,0
223490,2,0,1,0
223532,2,0,0,0
223536,2,0,1,0
223598,2,0,1,0
223599,2,0,1,0
223606,2,0,1,0
223627,2,0,0,0
223638,2,0,1,0
223681,1,0,0,0
223719,1,1,0,0
223732,2,0,1,0
223734,1,1,0,0
223753,2,0,1,0
223762,2,0,1,0
223788,2,0,1,0
223805,2,0,1,0
223808,2,0,1,0
223809,1,1,1,0
223827,0,0,1,0
223829,2,0,1,0
223846,2,0,1,0
223853,2,0,0,0
223856,2,0,0,0
223884,2,0,1,0
223890,2,0,0,0
223900,2,0,0,0
223941,1,1,0,0
223951,2,0,1,0
224017,2,1,1,0
224019,2,0,0,0
224045,2,0,0,0
224058,2,0,1,0
224066,2,0,1,0
224068,2,0,0,0
224111,2,0,0,0
224127,1,1,0,0
224132,2,0,1,0
224157,2,0,1,0
224165,2,0,1,0
224167,1,0,1,0
224172,1,1,0,0
224182,1,1,0,0
224183,2,0,0,0
224189,2,0,1,0
224191,2,0,1,0
224196,2,0,1,0
224205,2,0,1,0
224230,2,0,1,0
224235,2,0,1,0
224237,2,0,1,0
224252,2,0,1,0
224255,1,1,0,0
224261,1,1,0,0
224270,0,0,0,0
224275,2,0,1,0
224280,1,1,0,0
224295,1,1,0,0
224335,1,1,0,-1
224369,2,0,1,0
224376,2,0,1,0
224398,2,1,1,0
224414,1,1,0,0
224415,1,1,0,0
224427,2,0,1,0
224495,2,0,1,0
224505,2,0,1,0
224518,2,0,1,0
224540,2,0,1,0
224557,2,0,1,0
224564,2,0,1,0
224663,2,0,1,0
224682,2,0,1,0
224706,2,0,1,0
224735,2,0,1,0
224759,2,0,1,0
224780,1,1,0,0
224795,0,0,1,0
224805,2,0,1,0
224829,2,0,1,0
224853,2,0,0,0
224854,2,0,1,0
224860,2,0,1,0
224936,2,0,1,0
224980,2,0,1,0
225005,2,0,1,0
225018,2,0,0,0
225031,1,1,0,0
225069,2,0,1,0
225081,0,0,1,0
225082,2,0,1,0
225093,2,0,1,0
225112,2,0,0,0
225115,2,0,1,0
225122,0,0,1,0
225126,2,0,0,0
225147,2,0,1,0
225182,2,0,0,0
225190,2,0,0,0
225199,2,0,1,0
225215,2,0,1,0
225232,2,0,1,0
225245,2,0,1,0
225270,2,0,0,0
225287,2,0,0,0
225289,2,0,0,0
225316,2,0,1,0
225379,2,0,1,0
225389,1,0,0,0
225397,2,0,1,0
225413,2,0,1,0
225417,2,0,1,0
225420,1,1,1,0
225440,2,0,0,0
225441,2,0,0,0
225448,1,1,0,0
225455,2,0,0,0
225470,2,0,0,0
225493,1,1,0,0
225533,2,0,1,0
225538,1,1,1,0
225564,2,0,1,0
225571,2,0,0,0
225583,2,0,1,0
225594,2,0,1,0
225612,2,0,1,0
225614,1,1,0,0
225621,2,0,1,0
225646,2,0,1,0
225669,2,0,1,0
225681,2,0,1,0
225694,1,1,0,0
225695,2,0,1,0
225729,2,0,1,0
225770,0,0,1,0
225773,1,1,0,0
225796,2,0,0,0
225799,2,0,1,0
225806,2,0,0,0
225826,2,0,1,0
225842,2,0,1,0
225847,2,1,0,0
225873,2,1,1,0
225882,2,0,1,0
225896,2,0,1,0
225944,2,0,0,0
225960,2,0,0,0
225978,1,1,0,0
225979,2,0,1,0
225981,2,0,1,0
226016,2,0,1,0
226035,2,0,0,0
226038,2,0,0,0
226058,2,0,0,0
226072,2,1,1,0
226128,2,0,1,0
226152,2,0,0,0
226165,2,0,1,0
226192,2,0,1,0
226204,2,0,1,0
226207,2,0,1,0
226224,2,0,0,0
226227,2,0,0,0
226237,2,0,1,0
226276,2,0,1,0
226288,2,0,0,0
226291,2,0,1,0
226317,2,0,1,0
226324,2,0,1,0
226360,2,0,1,0
226382,2,0,1,0
226385,0,0,1,0
226388,2,0,1,0
226395,2,0,0,0
226401,2,0,0,0
226413,2,0,1,0
226414,2,0,0,0
226420,2,0,0,0
226445,2,0,1,0
226446,2,0,1,0
226467,2,0,1,0
226497,2,0,1,0
226507,1,1,0,0
226515,2,0,0,0
226535,2,1,0,0
226536,2,0,1,0
226549,2,0,0,0
226553,1,0,0,0
226563,2,0,0,0
226578,2,0,1,0
226597,2,0,0,0
226633,2,0,1,0
226634,2,0,1,0
226673,2,1,0,0
226706,2,0,1,0
226712,2,0,1,0
226714,1,1,0,0
226734,2,0,1,0
226783,2,0,0,0
226788,2,0,1,0
226829,1,1,0,0
226832,2,0,1,0
226844,2,0,1,0
226856,2,0,1,0
226857,2,0,0,0
226867,1,1,0,0
226944,0,0,1,0
226948,1,1,0,0
226961,2,0,1,0
227002,2,0,0,0
227017,2,0,0,0
227038,2,0,1,0
227043,2,0,1,0
227048,2,0,1,0
227061,1,1,0,0
227067,2,0,0,0
227077,2,0,0,0
227087,1,0,1,0
227112,2,0,0,0
227151,2,0,0,0
227159,2,0,0,0
227172,2,0,1,0
227173,2,0,1,0
227179,2,0,0,0
227183,2,0,1,0
227198,2,0,1,0
227234,2,0,1,0
227240,1,1,1,0
227249,1,1,0,0
227259,2,0,0,0
227261,2,0,1,0
227282,2,0,1,0
227290,2,0,1,0
227292,2,0,0,0
227305,1,1,1,0
227318,2,0,1,0
227331,2,0,0,0
227345,2,0,1,0
227346,2,0,1,0
227353,1,1,0,0
227358,1,1,0,0
227367,2,0,1,0
227382,2,0,1,0
227415,2,0,0,0
227438,2,0,1,0
227468,2,0,0,0
227503,2,1,1,0
227534,1,1,1,0
227553,1,1,1,0
227578,1,1,0,0
227611,2,0,1,0
227628,2,0,1,0
227631,2,0,0,0
227657,2,0,1,0
227665,2,1,0,0
227679,1,1,0,0
227689,2,1,1,0
227711,2,0,1,0
227712,1,1,1,0
227714,2,0,0,0
227726,2,0,1,0
227753,2,0,1,0
227772,2,0,1,0
227792,2,0,0,0
227972,0,0,0,0
227995,2,0,1,0
228007,1,1,0,0
228026,2,0,1,0
228039,2,0,0,0
228075,2,0,1,0
228077,1,1,0,0
228082,2,0,0,0
228085,0,0,1,0
228103,2,0,1,0
228135,2,0,1,0
228153,2,0,0,0
228157,2,1,1,0
228166,2,1,0,0
228172,2,0,1,0
228182,2,0,1,0
228190,1,0,0,0
228191,2,0,0,0
228206,2,0,0,0
228220,2,0,1,0
228279,2,0,0,0
228321,2,0,1,0
228336,2,0,1,0
228359,2,0,0,0
228400,2,1,1,0
228420,1,1,0,0
228426,2,0,1,0
228430,2,0,1,0
228450,1,1,0,0
228473,2,0,1,0
228488,2,0,1,0
228505,1,1,0,0
228525,2,0,0,0
228540,1,1,0,0
228552,2,0,1,0
228561,2,0,1,0
228565,2,0,1,0
228566,2,0,1,0
228618,2,0,0,0
228638,2,0,0,0
228652,1,1,0,0
228688,2,0,1,0
228696,2,0,0,0
228714,2,1,1,0
228719,2,0,0,0
228722,1,1,0,0
228730,2,0,1,0
228744,2,0,1,0
228757,2,0,1,0
228769,0,0,1,0
228775,2,0,1,0
228809,2,0,1,0
228835,2,0,1,0
228849,2,0,1,0
228867,2,0,0,0
228875,2,0,0,0
228880,2,0,1,0
228888,2,0,1,0
228912,1,1,0,0
228935,2,0,1,0
228961,0,0,1,0
228971,2,0,1,0
229046,2,0,1,0
229066,2,0,0,0
229074,2,0,1,0
229111,1,1,0,0
229121,2,0,1,0
229127,2,0,1,0
229145,1,0,0,0
229155,2,0,0,0
229168,2,0,1,0
229194,2,0,1,0
229207,2,0,1,0
229215,2,0,0,0
229249,2,0,1,0
229270,1,1,0,0
229290,2,0,0,0
229294,2,0,1,0
229304,2,0,1,0
229335,2,0,0,0
229364,2,0,1,0
229392,2,0,1,0
229406,2,0,1,0
229442,2,1,0,0
229551,2,0,0,0
229560,2,0,0,0
229585,2,0,1,0
229597,0,0,1,0
229605,2,0,1,0
229632,2,0,0,0
229643,0,0,1,0
229645,2,0,0,0
229649,2,0,1,0
229651,2,0,1,0
229674,2,0,1,0
229692,2,0,1,0
229710,2,1,0,0
229711,2,0,1,0
229727,2,0,0,0
229728,2,0,1,0
229763,2,0,1,0
229777,2,0,1,0
229787,0,0,1,0
229804,2,0,1,0
229814,2,0,1,0
229816,2,0,0,0
229828,1,1,0,0
229858,2,1,1,0
229861,2,0,1,0
229897,2,0,0,0
229903,2,0,0,0
229914,2,0,1,0
229918,2,0,1,0
229941,2,0,1,0
229966,2,0,0,0
229974,2,0,1,0
230021,1,1,0,0
230022,2,0,1,0
230029,1,1,0,0
230046,1,1,0,0
230104,2,1,0,0
230106,2,0,0,0
230112,1,1,0,0
230126,1,1,1,0
230184,2,0,1,0
230188,2,0,0,0
230204,2,0,1,0
230205,2,0,0,0
230211,0,2,1,-1
230218,2,0,1,0
230236,2,0,1,0
230253,2,0,0,0
230296,0,2,1,0
230321,1,1,0,0
230341,2,0,1,0
230352,2,0,1,0
230389,1,1,0,0
230394,2,0,1,0
230411,1,1,0,0
230414,1,1,0,0
230428,2,0,1,0
230433,2,0,1,0
230451,2,0,1,0
230455,2,0,1,0
230479,2,0,1,0
230526,2,0,1,0
230528,2,0,1,0
230551,2,0,1,0
230556,2,0,1,0
230579,2,0,1,0
230595,1,1,0,0
230596,2,0,1,0
230603,2,0,1,0
230617,2,0,0,0
230629,1,1,0,0
230655,2,0,0,0
230696,0,0,1,0
230728,1,0,0,0
230745,2,0,1,0
230749,2,0,1,0
230756,2,0,1,0
230767,2,0,0,0
230769,2,0,0,0
230772,2,0,1,0
230786,2,0,1,0
230820,2,0,1,0
230829,2,0,1,0
230859,2,0,1,0
230876,2,0,0,0
230900,2,0,1,0
230933,1,1,0,0
230948,2,0,1,0
230994,2,0,1,0
231026,2,0,1,0
231078,2,0,1,0
231109,2,0,0,0
231126,2,1,1,0
231169,2,0,1,0
231176,2,1,1,0
231223,2,1,1,0
231247,2,0,0,0
231258,1,1,0,0
231283,1,0,0,0
231294,2,0,1,0
231307,1,1,0,0
231325,2,0,1,0
231349,2,0,1,0
231362,2,0,1,0
231363,1,1,0,0
231408,2,0,1,0
231413,2,0,1,0
231423,1,1,0,0
231459,2,0,0,0
231476,2,0,1,0
231515,1,1,0,0
231518,2,0,1,0
231542,2,0,1,0
231565,2,0,1,0
231572,2,0,1,0
231579,2,0,1,0
231599,2,1,1,0
231603,1,0,0,0
231618,2,0,0,0
231620,2,0,0,0
231649,2,0,1,0
231653,1,1,0,0
231685,1,1,0,0
231691,2,0,1,0
231700,0,2,1,-1
231705,2,0,1,0
231712,2,0,1,0
231730,2,0,1,0
231738,2,0,1,0
231745,2,0,1,0
231753,2,0,0,0
231760,2,0,1,0
231780,2,0,1,0
231797,2,1,1,0
231802,2,0,1,0
231810,2,0,1,0
231832,2,0,1,0
231835,2,0,0,0
231838,1,1,0,0
231921,2,0,0,0
231947,1,1,1,0
231948,2,0,0,0
231960,2,0,1,0
231980,2,0,0,0
232015,2,0,0,0
232019,1,1,0,0
232023,2,0,1,0
232040,1,1,0,0
232046,1,1,0,0
232047,1,1,0,0
232058,2,0,1,0
232062,1,1,1,0
232077,2,0,1,0
232085,2,0,1,0
232091,1,1,0,0
232100,2,0,1,0
232104,2,0,0,0
232105,1,1,0,0
232141,2,0,0,0
232147,2,0,1,0
232152,2,0,1,0
232174,2,0,1,0
232178,2,0,0,0
232191,2,0,0,0
232227,1,1,0,0
232236,2,0,1,0
232247,2,0,0,0
232250,2,0,1,0
232254,2,0,1,0
232280,2,0,0,0
232294,1,1,0,0
232299,2,0,0,0
232308,2,0,1,0
232369,1,1,0,0
232370,2,0,0,0
232375,1,1,0,0
232440,1,1,0,0
232457,1,1,1,0
232499,2,1,0,0
232537,2,0,0,0
232554,2,0,0,0
232570,1,1,0,0
232575,2,0,1,0
232588,1,1,0,0
232595,2,0,1,0
232605,2,0,0,0
232630,2,0,1,0
232664,2,0,0,0
232671,2,0,1,0
232705,2,0,1,0
232727,2,0,0,0
232745,2,0,1,0
232751,2,0,1,0
232776,2,0,1,0
232780,2,0,0,0
232794,2,0,0,0
232801,2,0,0,0
232807,2,0,1,0
232808,2,0,1,0
232820,2,0,1,0
232827,2,0,0,0
232847,2,0,1,0
232854,2,0,0,0
232864,1,1,0,0
232879,2,0,1,0
232929,2,0,1,0
232938,2,0,1,0
232947,2,0,1,0
232975,2,0,1,0
232979,2,0,1,0
232980,2,0,1,0
232996,2,0,0,0
232999,1,1,0,0
233029,2,0,0,0
233031,2,0,0,0
233048,2,0,1,0
233063,1,1,0,0
233103,1,1,0,0
233166,2,0,0,0
233182,1,1,0,0
233196,1,1,0,0
233213,2,0,1,0
233215,2,0,1,0
233222,2,1,1,0
233247,2,0,1,0
233254,1,1,0,0
233300,2,1,1,0
233365,2,0,1,0
233413,2,0,1,0
233421,2,0,1,0
233466,2,0,1,0
233491,2,0,0,0
233493,2,0,1,0
233509,2,0,1,0
233551,2,0,0,0
233562,2,0,1,0
233581,2,0,0,0
233598,1,1,0,0
233614,2,0,0,0
233625,2,0,0,0
233649,2,0,1,0
233681,2,0,1,0
233704,2,0,1,0
233711,2,0,1,0
233783,2,0,0,0
233829,1,1,0,0
233851,2,0,1,0
233852,1,0,1,0
233855,2,0,1,0
233881,2,0,0,0
233884,2,0,1,0
233896,2,0,1,0
233916,2,1,0,0
233918,2,0,1,0
233931,2,0,1,0
233942,1,1,0,0
233962,2,0,1,0
233971,2,1,0,0
233989,1,1,0,0
233999,2,0,0,0
234002,2,0,1,0
234004,1,1,0,0
234035,2,0,1,0
234045,2,0,1,0
234070,2,0,1,0
234072,2,0,0,0
234188,2,0,1,0
234209,2,0,1,0
234214,1,1,0,0
234248,2,0,1,0
234314,2,0,1,0
234354,2,0,1,0
234369,2,0,0,0
234371,1,1,1,0
234394,2,0,1,0
234423,2,0,1,0
234477,1,1,0,0
234529,2,1,1,0
234541,1,1,0,0
234544,1,1,1,0
234545,2,0,0,0
234580,2,0,0,0
234592,2,0,1,0
234593,2,1,1,0
234608,2,0,1,0
234621,1,1,1,0
234633,2,0,1,0
234656,2,0,1,0
234665,1,1,0,0
234669,1,1,0,0
234691,2,0,1,0
234737,0,0,1,0
234745,1,1,0,0
234747,1,1,0,0
234754,2,1,0,0
234756,2,0,0,0
234766,2,0,1,0
234774,2,0,1,0
234807,2,0,1,0
234843,2,0,0,0
234869,2,0,1,0
234877,1,1,0,0
234908,2,0,1,0
234915,2,1,0,0
234918,2,0,1,0
234947,2,0,0,0
234966,1,1,0,0
235014,0,2,1,-1
235043,2,0,1,0
235047,2,0,1,0
235054,2,0,1,0
235075,2,0,1,0
235085,2,0,1,0
235088,2,0,1,0
235104,2,0,1,0
235116,2,0,1,0
235146,2,0,0,0
235154,2,1,0,0
235193,2,0,1,0
235197,1,1,0,0
235247,2,0,1,0
235256,2,0,1,0
235262,2,0,0,0
235263,2,0,0,0
235278,2,0,0,0
235322,2,0,1,0
235338,2,0,1,0
235347,0,0,1,0
235364,2,0,1,0
235368,1,1,0,0
235370,2,0,0,0
235377,2,0,0,0
235404,1,1,0,0
235417,2,0,0,0
235444,2,0,0,0
235448,2,0,0,0
235477,2,0,1,0
235494,2,0,1,0
235505,2,0,0,0
235515,2,0,1,0
235527,0,0,1,0
235554,2,0,0,0
235558,2,0,1,0
235564,0,0,1,0
235572,2,0,1,0
235582,2,0,1,0
235585,2,0,1,0
235589,2,0,1,0
235652,2,0,0,0
235660,2,0,1,0
235680,2,0,0,0
235694,2,0,0,0
235696,2,0,1,0
235699,1,0,0,0
235704,2,0,1,0
235728,2,1,1,0
235737,2,0,1,0
235752,1,0,0,0
235754,1,1,0,0
235756,2,0,1,0
235763,2,0,1,0
235772,1,1,0,0
235807,1,1,0,0
235812,2,0,0,0
235830,2,0,0,0
235861,1,1,1,0
235900,2,0,1,0
235924,2,0,0,0
235930,1,1,0,0
235950,2,0,0,0
235965,2,0,0,0
235977,2,0,1,0
235994,2,0,0,0
236009,2,0,0,0
236015,1,1,0,0
236045,2,0,1,0
236063,2,0,0,0
236066,2,0,1,0
236100,2,0,1,0
236124,2,0,1,0
236149,1,1,0,0
236156,2,1,1,0
236178,2,0,1,0
236184,2,1,0,0
236193,2,0,0,0
236219,2,0,0,0
236225,2,0,0,0
236262,2,0,1,0
236268,1,1,0,0
236291,2,0,1,0
236324,2,0,1,0
236345,2,0,1,0
236362,2,0,0,0
236373,2,0,1,0
236387,2,0,0,0
236389,2,0,1,0
236395,2,0,1,0
236423,1,0,1,0
236454,2,0,1,0
236459,2,0,0,0
236479,0,0,1,0
236488,2,0,1,0
236491,2,0,0,0
236492,2,0,0,0
236554,1,1,0,0
236570,2,0,1,0
236571,2,1,1,0
236590,2,0,1,0
236606,2,1,1,0
236615,2,1,0,0
236630,2,0,1,0
236686,1,1,0,0
236689,1,1,0,0
236699,1,1,0,0
236723,2,0,0,0
236724,2,0,0,0
236745,2,0,0,0
236756,2,0,1,0
236769,1,1,0,0
236783,2,0,1,0
236784,1,1,0,0
236833,2,0,1,0
236866,2,0,0,0
236876,2,0,1,0
236891,2,0,1,0
236894,2,1,0,0
236898,2,0,1,0
236904,2,0,1,0
236912,0,0,1,0
236914,2,0,0,0
236938,2,0,1,0
236990,2,0,0,0
237013,2,0,1,0
237047,2,0,1,0
237062,2,0,0,0
237101,2,0,0,0
237109,2,0,1,0
237114,2,0,1,0
237134,2,0,1,0
237142,2,0,1,0
237146,2,0,1,0
237147,1,1,0,0
237169,2,0,1,0
237198,2,0,1,0
237207,2,0,1,0
237220,1,1,0,0
237266,2,0,0,0
237279,2,0,0,0
237322,2,0,0,0
237357,2,0,1,0
237358,2,0,1,0
237360,2,0,1,0
237369,2,0,1,0
237384,2,0,1,0
237390,1,1,0,0
237410,2,0,1,0
237422,2,0,1,0
237471,2,0,1,0
237478,2,0,0,0
237481,2,0,0,0
237504,2,0,0,0
237525,2,0,1,0
237610,2,1,0,0
237626,2,0,0,0
237656,2,0,1,0
237719,2,0,0,0
237725,2,0,1,0
237785,2,0,0,0
237799,2,0,1,0
237820,1,1,0,-1
237826,2,0,0,0
237830,2,0,0,0
237836,1,1,0,0
237865,2,0,0,0
237876,2,0,0,0
237908,2,0,0,0
237918,2,0,0,0
237922,2,0,1,0
237929,2,0,1,0
237936,2,0,1,0
237941,2,0,1,0
237948,2,0,0,0
237954,2,1,0,0
237959,2,0,1,0
238001,1,1,0,0
238016,2,0,1,0
238032,2,0,0,0
238039,2,0,0,0
238044,1,1,0,0
238050,2,0,1,0
238075,0,2,1,0
238080,2,0,1,0
238167,2,0,1,0
238192,2,0,0,0
238199,1,1,0,0
238201,2,0,0,0
238249,2,0,1,0
238253,2,0,1,0
238266,2,0,1,0
238277,2,0,1,0
238294,0,0,1,0
238303,2,1,1,0
238304,1,1,1,0
238311,2,0,1,0
238313,2,0,1,0
238319,2,1,1,0
238323,2,0,1,0
238335,2,0,0,0
238343,2,1,1,0
238345,2,0,1,0
238371,2,0,1,0
238374,2,0,1,0
238391,1,1,0,0
238394,2,0,1,0
238399,2,0,0,0
238427,2,0,1,0
238489,2,0,0,0
238504,2,0,1,0
238533,2,0,0,0
238552,2,0,1,0
238576,2,0,0,0
238612,2,0,1,0
238627,2,0,0,0
238657,2,0,0,0
238658,2,1,0,0
238689,2,0,0,0
238695,2,0,1,0
238697,2,0,0,0
238698,2,0,1,0
238700,2,1,0,0
238714,1,1,0,0
238728,2,0,1,0
238736,2,0,1,0
238755,2,0,0,0
238774,2,0,0,0
238794,2,1,1,0
238838,1,1,0,0
238839,2,0,0,0
238845,2,0,1,0
238882,1,1,0,0
238888,1,1,0,0
238900,2,0,0,0
238911,2,0,1,0
238925,2,0,1,0
238935,2,0,1,0
238942,2,1,0,0
238952,2,0,1,0
238953,2,0,1,0
238960,2,0,0,0
238963,2,0,1,0
238983,2,1,0,0
238990,2,1,1,0
239003,2,0,1,0
239006,2,0,1,0
239009,1,1,1,0
239017,2,0,0,0
239024,2,0,0,0
239032,1,1,0,0
239098,2,1,0,0
239119,2,1,1,0
239169,1,1,0,0
239181,2,0,1,0
239239,2,1,0,0
239254,2,0,1,0
239262,2,0,1,0
239264,2,0,1,0
239279,1,1,0,0
239296,1,1,0,0
239302,2,0,0,0
239324,1,1,1,0
239326,2,0,0,0
239327,2,0,0,0
239335,2,0,1,0
239336,1,1,0,0
239358,2,0,1,0
239391,2,0,0,0
239400,2,0,1,0
239420,0,2,1,0
239424,2,0,0,0
239449,1,0,0,0
239452,2,0,1,0
239468,1,1,0,0
239485,2,0,1,0
239497,2,0,0,0
239523,2,0,1,0
239556,2,0,1,0
239580,2,0,1,0
239624,2,1,1,0
239636,2,0,1,0
239651,2,0,1,0
239657,2,0,0,0
239661,2,0,1,0
239664,2,1,0,0
239673,2,0,0,0
239750,2,0,1,0
239755,1,1,0,0
239769,2,0,1,0
239783,1,1,0,0
239784,2,0,1,0
239796,2,0,1,0
239813,2,0,1,0
239826,2,1,1,0
239834,2,1,1,0
239858,2,0,0,0
239872,2,0,1,0
239875,2,0,1,0
239886,2,0,0,0
239896,2,0,0,0
239908,2,0,1,0
239934,2,0,1,0
239937,2,0,1,0
239955,2,0,0,0
239966,2,0,1,0
239992,2,0,1,0
240002,2,0,0,0
240024,2,0,0,0
240028,2,0,1,0
240030,2,0,0,0
240070,2,0,1,0
240142,2,0,1,0
240202,2,0,0,0
240212,2,0,1,0
240221,1,1,0,0
240236,1,1,1,0
240241,2,0,1,0
240263,1,0,0,0
240274,0,0,1,0
240313,1,1,0,0
240325,1,1,0,0
240337,0,0,0,0
240351,1,1,0,0
240389,2,0,1,0
240392,2,0,0,0
240416,2,0,0,0
240439,1,1,0,0
240446,2,0,1,0
240487,1,1,0,0
240527,1,1,0,0
240548,2,0,1,0
240556,2,0,0,0
240596,2,1,1,0
240624,2,0,1,0
240632,2,0,0,0
240650,2,0,1,0
240653,1,1,0,0
240655,2,0,1,0
240656,2,0,0,0
240672,2,0,1,0
240674,2,0,1,0
240688,2,0,0,0
240701,2,1,1,0
240707,2,0,0,0
240710,2,0,1,0
240711,2,0,1,0
240712,0,0,1,0
240732,2,0,1,0
240738,2,0,0,0
240743,2,0,1,0
240756,2,0,1,0
240795,2,0,0,0
240818,2,0,0,0
240843,2,0,1,0
240875,2,0,0,0
240893,2,1,1,0
240894,1,1,0,0
240908,2,0,0,0
240949,2,0,1,0
240950,2,0,1,0
240955,2,0,1,0
240982,2,0,1,0
241000,2,0,1,0
241030,2,1,1,0
241037,2,0,0,0
241038,2,0,1,0
241054,2,0,1,0
241118,2,0,1,0
241140,2,0,1,0
241164,2,0,0,0
241199,2,1,0,0
241223,2,0,1,0
241242,2,0,0,0
241253,2,0,1,0
241265,2,0,1,0
241271,2,0,1,0
241285,1,1,0,0
241301,0,2,1,0
241322,2,1,0,0
241363,2,0,1,0
241393,2,0,1,0
241401,2,0,0,0
241403,2,1,1,0
241429,2,0,0,0
241440,2,1,0,0
241445,2,0,1,0
241467,2,0,0,0
241476,1,1,1,0
241481,1,1,1,0
241491,2,1,1,0
241496,1,1,0,0
241508,2,0,1,0
241512,2,0,1,0
241523,2,0,1,0
241549,2,0,1,0
241569,2,0,1,0
241578,2,0,1,0
241597,2,0,1,0
241598,2,0,1,0
241620,2,0,1,0
241621,2,0,0,0
241622,2,0,1,0
241634,2,0,0,0
241643,1,1,0,0
241647,2,1,0,0
241648,2,0,0,0
241661,2,0,0,0
241672,2,0,0,0
241701,1,1,0,0
241704,1,0,0,0
241774,2,0,0,0
241786,0,0,1,0
241805,2,0,0,0
241816,2,0,1,0
241822,1,1,0,0
241837,2,0,1,0
241893,2,0,0,0
241900,1,0,1,0
241903,2,0,0,0
241914,2,0,0,0
241920,1,1,0,0
241958,1,1,0,0
241966,2,0,1,0
241967,2,0,1,0
241996,2,0,1,0
242041,1,1,0,0
242045,2,0,1,0
242086,2,0,1,0
242126,0,1,0,0
242131,1,1,0,0
242165,2,0,0,0
242200,2,0,1,0
242208,0,2,1,-1
242219,2,0,1,0
242253,2,0,1,0
242257,2,0,1,0
242275,1,1,0,0
242292,2,0,0,0
242308,2,0,0,0
242321,2,0,0,0
242323,2,0,1,0
242359,1,1,0,0
242395,2,0,0,0
242402,2,0,1,0
242426,2,0,1,0
242433,2,1,0,0
242445,2,0,0,0
242458,2,0,1,0
242479,2,0,1,0
242482,2,0,1,0
242487,2,1,0,0
242490,2,0,1,0
242501,1,1,0,0
242550,2,0,1,0
242551,2,0,1,0
242555,2,0,1,0
242571,2,0,1,0
242579,2,0,1,0
242582,2,0,0,0
242587,0,0,1,0
242601,2,0,1,0
242603,2,0,1,0
242642,1,1,0,0
242644,2,0,1,0
242649,1,1,0,0
242655,2,0,1,0
242665,2,0,1,0
242681,2,0,0,0
242682,2,0,0,0
242687,2,0,0,0
242710,2,0,1,0
242714,2,0,1,0
242716,2,0,1,0
242738,2,0,0,0
242743,2,0,1,0
242746,2,0,1,0
242779,1,1,0,0
242784,2,0,0,0
242786,2,0,1,0
242804,2,0,1,0
242822,2,1,0,0
242824,2,0,0,0
242839,1,1,0,0
242891,1,1,0,0
242904,2,0,1,0
242917,2,1,1,0
242918,2,0,1,0
242927,1,1,0,0
242934,2,0,1,0
242941,2,0,1,0
242943,1,1,0,0
242944,1,1,0,0
242950,0,0,0,0
242967,2,0,1,0
242970,1,1,0,0
242989,1,1,0,0
242999,0,0,1,0
243002,1,0,0,0
243032,2,0,0,0
243068,2,0,1,0
243088,1,1,1,0
243098,2,0,0,0
243127,2,0,0,0
243140,2,0,1,0
243164,2,0,0,0
243179,2,0,1,0
243250,0,0,1,0
243259,2,0,1,0
243276,1,1,0,0
243283,1,1,1,0
243300,2,0,1,0
243305,2,1,1,0
243344,2,0,0,0
243393,2,0,1,0
243408,2,0,1,0
243433,2,0,0,0
243459,2,1,1,0
243460,2,0,1,0
243465,1,1,0,0
243466,2,0,1,0
243486,2,0,0,0
243496,2,0,0,0
243499,2,0,1,0
243505,2,0,1,0
243540,1,0,1,0
243550,2,0,1,0
243624,2,0,0,0
243625,2,0,1,0
243635,0,0,1,0
243667,2,0,0,0
243691,2,0,1,0
243692,2,0,0,0
243709,2,0,1,0
243719,2,1,0,0
243720,2,1,0,0
243721,1,1,0,0
243738,2,0,0,0
243777,2,0,0,0
243816,2,0,0,0
243822,2,0,1,0
243823,1,1,0,0
243825,1,0,1,0
243831,2,0,0,0
243841,2,0,0,0
243871,0,0,0,0
243879,2,0,0,0
243880,2,0,1,0
243907,2,0,1,0
243910,2,0,1,0
243912,1,1,0,0
243931,2,0,0,0
243935,2,0,1,0
243967,1,1,0,0
244001,2,0,1,0
244012,2,0,0,0
244025,2,0,1,0
244088,2,0,1,0
244094,2,1,0,0
244096,2,0,1,0
244171,1,1,0,0
244212,2,0,1,0
244219,2,0,0,0
244230,2,0,1,0
244234,2,1,1,0
244267,2,0,0,0
244273,2,1,0,0
244301,2,0,1,0
244303,2,0,1,0
244338,2,0,0,0
244350,1,1,1,0
244394,1,1,0,0
244400,2,0,1,0
244406,2,0,1,0
244423,2,0,1,0
244444,2,0,1,0
244446,2,0,1,0
244453,2,0,1,0
244456,2,0,0,0
244457,2,0,1,0
244494,2,0,1,0
244512,2,0,1,0
244524,2,0,1,0
244542,2,0,0,0
244564,2,0,1,0
244572,2,0,0,0
244576,2,0,0,0
244588,2,0,0,0
244599,2,0,0,0
244600,2,0,1,0
244602,2,0,0,0
244620,1,1,0,0
244625,2,0,1,0
244656,2,0,1,0
244657,2,0,1,0
244665,2,0,0,0
244668,2,1,1,0
244678,1,1,0,0
244689,2,0,0,0
244693,2,0,1,0
244707,2,0,0,0
244724,1,1,0,0
244740,2,0,0,0
244748,2,0,1,0
244749,1,1,0,0
244767,2,0,1,0
244784,2,0,0,0
244825,2,0,1,0
244833,2,0,0,0
244847,1,1,1,0
244850,0,0,1,0
244858,2,0,0,0
244896,2,0,1,0
244901,2,0,1,0
244923,2,0,1,0
244941,2,0,1,0
244943,2,0,1,0
244954,2,0,0,0
244982,2,0,1,0
244983,2,0,0,0
244995,0,2,1,0
245014,2,0,0,0
245024,2,1,0,0
245047,2,0,1,0
245058,2,0,1,0
245066,2,0,0,0
245074,2,0,1,0
245098,2,0,1,0
245124,2,0,1,0
245153,2,0,1,0
245162,2,0,0,0
245166,1,0,1,0
245262,2,0,0,0
245284,2,0,0,0
245305,2,0,1,0
245308,2,0,1,0
245338,2,0,1,0
245354,2,0,0,0
245366,2,0,0,0
245367,2,1,1,0
245377,2,0,0,0
245392,2,0,1,0
245435,1,1,0,0
245440,2,0,1,0
245451,1,1,0,0
245454,2,0,1,0
245516,2,0,0,0
245527,2,0,1,0
245543,2,1,1,0
245551,2,0,0,0
245555,0,2,1,-1
245556,2,0,0,0
245563,2,0,0,0
245618,2,0,1,0
245619,1,1,0,0
245639,2,0,1,0
245658,2,0,1,0
245678,2,0,0,0
245681,2,0,1,0
245694,2,0,0,0
245697,1,1,0,0
245726,2,0,0,0
245756,1,1,0,0
245760,2,0,1,0
245773,2,0,0,0
245775,2,0,1,0
245795,2,0,1,0
245803,2,0,0,0
245808,2,0,1,0
245814,2,0,1,0
245828,2,0,1,0
245847,2,0,1,0
245865,2,1,1,0
245874,2,0,1,0
245897,2,1,1,0
245903,2,0,0,0
245925,2,1,1,0
246017,2,0,0,0
246063,1,1,1,0
246067,2,0,0,0
246069,2,0,1,0
246074,2,0,0,0
246103,2,0,1,0
246123,1,1,0,0
246150,2,0,1,0
246163,2,0,0,0
246168,2,0,1,0
246173,2,0,1,0
246177,1,1,0,0
246183,2,0,0,0
246185,2,0,1,0
246193,2,1,0,0
246203,2,0,1,0
246224,1,1,0,0
246246,2,0,1,0
246293,2,0,0,0
246299,2,0,1,0
246309,1,1,0,0
246314,1,1,0,0
246319,2,1,0,0
246383,0,0,1,0
246393,2,0,1,0
246396,2,0,0,0
246433,1,1,0,0
246478,1,0,0,0
246482,1,1,0,0
246532,1,1,0,0
246547,1,1,0,0
246550,2,0,1,0
246555,2,0,1,0
246563,2,0,0,0
246565,2,0,1,0
246578,1,1,0,0
246579,2,0,0,0
246588,1,1,0,0
246608,2,0,1,0
246620,2,0,1,0
246629,2,0,0,0
246643,2,0,0,0
246650,2,0,0,0
246697,2,0,1,0
246754,2,0,1,0
246771,2,0,1,0
246817,2,0,0,0
246819,2,1,0,0
246845,2,0,1,0
246850,2,0,1,0
246857,1,1,0,0
246864,2,0,1,0
246879,2,0,1,0
246880,2,0,1,0
246913,2,0,0,0
246926,2,0,0,0
246945,2,0,0,0
246957,2,0,0,0
246973,2,0,0,0
246993,2,0,1,0
247048,2,0,0,0
247049,2,0,1,0
247069,0,0,1,0
247073,2,0,1,0
247088,2,0,0,0
247102,2,0,0,0
247108,2,0,1,0
247120,0,0,1,0
247124,2,0,1,0
247127,2,0,1,0
247130,2,0,1,0
247170,2,0,1,0
247177,2,0,1,0
247179,2,0,0,0
247180,2,0,1,0
247187,2,0,1,0
247198,2,0,1,0
247201,2,0,0,0
247268,2,0,1,0
247282,2,0,0,0
247324,2,0,0,0
247333,2,0,1,0
247337,2,0,1,0
247344,1,1,0,0
247355,2,0,0,0
247391,2,0,1,0
247426,1,1,0,0
247446,2,0,1,0
247457,2,0,1,0
247475,2,0,1,0
247489,2,0,1,0
247497,2,0,1,0
247517,0,0,1,0
247523,1,0,0,0
247555,2,0,0,0
247569,1,1,0,0
247622,1,1,0,0
247669,2,0,1,0
247688,1,1,0,0
247764,2,0,1,0
247833,2,0,0,0
247839,2,0,1,0
247863,2,0,0,0
247865,1,1,0,0
247868,2,0,1,0
247887,1,1,0,0
247897,2,0,0,0
247899,2,0,1,0
247910,2,0,0,0
247919,2,1,0,0
247934,2,0,1,0
247989,0,0,1,0
248075,2,0,0,0
248088,2,0,1,0
248102,2,0,1,0
248130,2,0,1,0
248133,0,0,1,0
248150,2,0,1,0
248169,2,0,1,0
248173,1,1,0,0
248179,2,1,1,0
248197,2,0,0,0
248209,2,0,1,0
248211,2,0,0,0
248229,2,0,1,0
248278,2,0,1,0
248282,2,0,0,0
248310,1,1,0,0
248323,2,0,0,0
248324,2,0,0,0
248355,2,0,1,0
248385,2,0,1,0
248387,2,0,1,0
248390,0,0,1,0
248413,2,0,1,0
248420,1,0,0,0
248448,2,0,1,0
248449,2,0,0,0
248457,2,0,0,0
248526,2,0,1,0
248542,2,0,1,0
248553,2,0,1,0
248564,2,0,1,0
248576,2,0,1,0
248613,1,1,0,0
248640,2,0,1,0
248670,2,0,1,0
248677,2,0,0,0
248679,2,0,1,0
248684,2,0,1,0
248695,2,0,1,0
248717,2,0,1,0
248725,1,1,0,0
248786,2,1,1,0
248825,2,0,1,0
248863,1,1,0,0
248901,2,0,0,0
248917,2,0,1,0
248931,2,0,1,0
248983,1,1,0,0
248999,2,0,1,0
249020,2,0,1,0
249023,1,1,0,0
249048,2,0,0,0
249066,2,0,1,0
249110,2,0,1,0
249137,2,0,0,0
249152,2,0,1,0
249177,2,0,1,0
249197,2,0,0,0
249199,1,1,0,0
249214,2,0,1,0
249215,1,1,0,0
249219,2,0,1,0
249242,2,0,1,0
249245,2,0,1,0
249281,2,0,0,0
249296,2,0,1,0
249303,2,0,1,0
249330,1,1,0,0
249351,2,0,0,0
249387,2,0,1,0
249391,2,0,1,0
249410,2,0,1,0
249414,2,0,0,0
249436,2,0,1,0
249437,2,0,1,0
249441,2,0,1,0
249450,2,0,1,0
249454,2,0,1,0
249479,2,0,1,0
249491,1,1,0,0
249495,2,0,0,0
249501,2,0,0,0
249515,2,0,0,0
249518,2,0,0,0
249524,2,0,0,0
249529,2,0,1,0
249550,2,0,1,0
249555,2,0,1,0
249563,1,1,0,0
249585,1,1,0,0
249589,1,1,1,0
249605,2,0,1,0
249663,1,1,0,0
249686,1,1,0,0
249701,2,0,0,0
249734,2,0,1,0
249741,2,0,1,0
249750,2,0,1,0
249771,1,1,1,-1
249774,2,0,1,0
249780,1,1,0,0
249850,2,0,1,0
249863,2,0,1,0
249898,2,0,1,0
249901,1,1,0,0
249902,2,0,0,0
249929,2,0,1,0
249968,2,0,1,0
250006,2,0,1,0
250014,2,0,1,0
250041,2,0,0,0
250043,1,1,0,0
250046,2,0,1,0
250050,2,1,1,0
250073,2,0,1,0
250087,1,1,0,0
250147,1,1,0,0
250163,2,0,0,0
250186,2,0,0,0
250243,1,1,0,0
250247,1,1,0,0
250258,2,0,0,0
250266,1,1,1,0
250281,2,0,0,0
250287,2,0,1,0
250294,2,0,1,0
250302,1,1,0,0
250313,2,0,0,0
250323,2,0,1,0
250330,1,1,0,0
250345,1,1,0,0
250371,2,0,0,0
250384,1,0,0,0
250403,2,0,1,0
250406,2,0,1,0
250423,2,0,1,0
250436,1,1,0,0
250451,2,0,1,0
250460,2,0,1,0
250474,2,0,1,0
250527,2,0,1,0
250543,2,0,1,0
250555,2,0,1,0
250558,2,0,1,0
250589,2,0,1,0
250594,2,0,1,0
250600,2,0,0,0
250601,2,0,1,0
250647,2,0,1,0
250671,0,0,1,0
250691,2,0,0,0
250693,0,0,1,0
250700,2,0,1,0
250708,2,0,1,0
250711,2,0,0,0
250714,2,0,1,0
250727,2,0,0,0
250731,2,0,1,0
250755,1,1,0,0
250756,2,0,1,0
250800,2,0,1,0
250820,2,0,0,0
250825,1,1,0,0
250842,2,0,1,0
250848,2,0,1,0
250888,2,0,1,0
250889,2,0,0,0
250893,2,0,1,0
250902,1,1,0,0
250906,2,0,1,0
250930,2,0,1,0
250955,2,0,0,0
250961,1,1,0,0
250972,2,0,1,0
250981,2,0,1,0
251015,2,0,1,0
251018,2,1,0,0
251048,2,0,1,0
251059,2,0,0,0
251075,2,0,0,0
251111,2,0,1,0
251116,2,0,1,0
251151,2,0,1,0
251180,2,0,1,0
251187,2,0,1,0
251193,2,0,1,0
251198,2,0,1,0
251248,2,0,0,0
251255,2,1,0,0
251257,2,0,1,0
251302,2,0,0,0
251306,1,1,0,0
251316,2,0,0,0
251341,2,0,1,0
251343,2,0,1,0
251356,0,2,1,0
251360,1,1,0,0
251387,2,1,1,0
251438,1,0,0,0
251447,2,0,1,0
251491,2,0,1,0
251499,2,0,1,0
251506,2,0,1,0
251507,0,0,1,0
251517,2,1,0,0
251548,2,0,1,0
251565,2,0,0,0
251575,2,0,1,0
251577,2,0,1,0
251585,2,0,1,0
251589,2,0,0,0
251597,2,0,0,0
251618,2,0,0,0
251621,2,0,0,0
251628,2,0,1,0
251631,2,0,1,0
251676,2,1,0,0
251677,1,1,0,0
251679,2,0,1,0
251695,2,1,0,0
251696,2,0,1,0
251708,2,0,1,0
251750,1,1,0,0
251754,2,0,0,0
251765,2,0,0,0
251794,2,0,1,0
251815,2,0,1,0
251834,2,0,1,0
251841,2,0,1,0
251853,2,0,1,0
251859,2,0,1,0
251876,0,0,1,0
251883,2,0,0,0
251889,2,0,1,0
251911,2,0,1,0
251913,1,1,1,0
251934,2,0,1,0
251974,2,0,0,0
251987,2,0,1,0
251992,2,1,0,0
252013,2,0,1,0
252014,2,0,1,0
252021,1,1,0,0
252054,1,1,1,0
252075,0,2,1,0
252089,2,0,1,0
252105,2,0,1,0
252167,2,0,1,0
252200,2,1,1,0
252216,2,0,0,0
252219,2,0,0,0
252232,1,1,0,0
252238,2,1,1,0
252297,1,1,1,0
252321,2,0,0,0
252330,1,1,0,0
252344,2,0,1,0
252345,1,1,0,0
252354,1,0,1,0
252371,2,0,1,0
252403,2,0,1,0
252430,2,0,1,0
252433,0,0,1,0
252456,1,1,0,0
252460,2,0,1,0
252492,0,0,1,0
252514,2,0,1,0
252526,2,0,0,0
252530,2,0,1,0
252538,2,0,1,0
252543,2,0,1,0
252550,2,0,0,0
252592,2,0,1,0
252595,1,0,0,0
252617,1,1,0,0
252630,2,0,1,0
252660,1,1,0,0
252671,2,0,0,0
252712,2,0,1,0
252722,2,0,0,0
252738,2,0,1,0
252746,2,0,0,0
252753,2,0,0,0
252801,2,0,1,0
252803,2,0,1,0
252822,2,0,0,0
252827,2,0,0,0
252858,2,0,1,0
252866,2,0,0,0
252898,2,0,0,0
252899,2,0,0,0
252911,2,0,1,0
252959,2,0,0,0
252963,2,1,1,0
252971,2,0,0,0
252977,2,1,0,0
252983,2,0,1,0
252992,2,0,0,0
253006,2,0,0,0
253029,0,2,1,1
253042,1,1,0,0
253049,1,1,0,0
253052,2,0,0,0
253076,2,0,0,0
253079,2,0,1,0
253100,2,0,1,0
253102,2,0,1,0
253116,2,0,0,0
253118,1,1,0,0
253146,2,0,1,0
253156,2,0,0,0
253158,2,0,1,0
253159,1,1,1,0
253174,1,1,0,0
253180,1,1,0,0
253182,2,0,1,0
253183,2,0,1,0
253202,2,0,1,0
253204,2,0,1,0
253226,2,0,0,0
253227,2,0,0,0
253238,2,0,0,0
253278,2,0,1,0
253286,2,0,1,0
253290,2,1,0,0
253322,1,1,0,0
253325,1,0,0,0
253329,2,0,1,0
253333,1,1,0,0
253345,2,0,0,0
253386,1,1,1,0
253457,2,0,1,0
253464,2,0,0,0
253474,2,0,1,0
253485,2,0,1,0
253486,2,0,1,0
253499,2,0,1,0
253531,1,1,0,0
253557,2,0,1,0
253578,2,0,1,0
253582,2,0,0,0
253649,1,1,1,0
253672,2,0,0,0
253680,2,0,1,0
253695,2,0,0,0
253703,2,0,1,0
253714,2,1,0,0
253719,1,1,1,0
253733,2,0,1,0
253737,2,0,0,0
253772,1,1,0,0
253774,2,0,1,0
253789,2,0,0,0
253823,2,0,1,0
253842,2,0,0,0
253856,2,0,0,0
253880,2,0,1,0
253885,2,0,1,0
253886,2,1,0,0
253890,2,0,1,0
253906,2,0,1,0
253949,2,0,1,0
253956,2,0,1,0
253966,2,0,1,0
253968,2,0,1,0
253974,2,0,1,0
253976,2,0,1,0
253988,2,0,1,0
254050,2,0,1,0
254060,0,0,1,0
254062,2,1,0,0
254072,2,1,0,0
254073,2,1,1,0
254081,2,0,1,0
254085,1,1,0,0
254094,2,0,1,0
254106,2,0,1,0
254135,1,1,0,0
254136,2,0,0,0
254142,1,1,1,0
254149,1,1,0,0
254166,2,0,1,0
254187,2,0,1,0
254192,2,0,0,0
254199,2,0,1,0
254207,1,1,0,0
254271,2,0,0,0
254292,2,1,1,0
254307,2,0,1,0
254342,2,0,0,0
254346,2,0,1,0
254358,2,1,1,0
254370,2,0,1,0
254379,2,0,1,0
254380,1,1,0,0
254420,2,0,1,0
254433,2,0,1,0
254458,2,0,0,0
254507,2,0,0,0
254508,2,0,1,0
254585,2,0,1,0
254625,2,0,1,0
254648,2,0,1,0
254656,2,0,0,0
254669,2,0,0,0
254674,2,0,1,0
254677,2,0,0,0
254694,2,0,1,0
254706,2,0,1,0
254731,2,0,0,0
254791,2,0,1,0
254801,1,0,0,0
254804,2,1,1,0
254812,1,1,0,0
254836,2,0,1,0
254856,2,0,1,0
254879,1,1,0,0
254897,2,0,0,0
254902,1,1,1,0
254918,1,0,0,0
254930,2,1,0,0
254945,2,0,1,0
254949,2,0,0,0
254956,2,0,1,0
255025,2,0,1,0
255059,2,0,1,0
255076,2,0,1,0
255088,2,0,1,0
255126,2,0,0,0
255184,2,0,1,0
255193,2,0,0,0
255197,2,0,0,0
255199,2,0,0,0
255223,2,0,1,0
255229,2,0,1,0
255230,2,0,1,0
255258,1,1,0,0
255264,2,0,0,0
255307,1,1,0,0
255317,2,0,0,0
255324,1,1,0,0
255330,2,0,0,0
255358,1,1,1,0
255368,2,0,0,0
255371,2,0,0,0
255408,2,0,0,0
255409,0,2,1,0
255411,1,1,1,0
255421,2,0,1,0
255442,2,0,1,0
255443,2,0,1,0
255449,2,0,1,0
255451,1,1,0,0
255469,1,1,1,0
255477,2,0,0,0
255486,1,1,0,0
255505,2,1,1,0
255521,2,0,1,0
255522,2,0,1,0
255523,2,0,1,0
255532,1,1,0,0
255548,1,1,0,0
255563,2,0,0,0
255574,1,0,0,0
255584,2,0,1,0
255596,2,0,0,0
255608,1,1,0,0
255619,2,0,0,0
255633,2,0,1,0
255647,2,0,1,0
255648,2,0,0,0
255722,2,0,0,0
255768,2,0,1,0
255780,2,0,0,0
255781,1,1,1,0
255792,2,0,0,0
255803,2,0,0,0
255808,2,0,1,0
255825,2,0,0,0
255851,2,0,0,0
255862,2,0,1,0
255863,2,0,1,0
255873,2,0,1,0
255881,2,0,0,0
255890,2,0,1,0
255900,1,1,0,0
255912,2,0,0,0
255947,2,0,1,0
255951,2,0,0,0
255962,2,0,1,0
256000,2,0,1,0
256038,1,1,0,0
256047,2,1,1,0
256048,1,1,0,0
256056,2,0,1,0
256060,2,0,1,0
256062,2,0,1,0
256079,1,0,0,0
256084,1,1,1,0
256095,2,0,1,0
256107,2,0,0,0
256108,2,0,1,0
256124,1,1,1,0
256138,2,0,1,0
256139,2,0,1,0
256147,2,0,0,0
256179,2,0,1,0
256208,2,0,1,0
256209,2,0,1,0
256212,2,1,1,0
256239,2,1,1,0
256243,2,0,1,0
256250,2,0,1,0
256271,2,0,0,0
256272,1,0,1,0
256283,2,0,0,0
256298,2,0,1,0
256299,2,0,0,0
256307,2,0,0,0
256310,2,0,1,0
256387,2,0,0,0
256396,2,0,1,0
256399,2,0,0,0
256413,2,0,1,0
256415,2,0,1,0
256416,2,1,0,0
256460,2,0,0,0
256491,1,1,0,0
256535,2,0,0,0
256550,2,0,0,0
256556,2,1,0,0
256562,2,1,1,0
256575,0,0,1,0
256585,2,0,1,0
256602,2,0,0,0
256604,2,0,1,0
256608,2,0,1,0
256613,2,0,1,0
256619,2,0,1,0
256624,2,0,1,0
256628,1,1,1,0
256638,2,0,1,0
256669,2,1,0,0
256676,2,1,0,0
256747,1,0,0,0
256752,2,0,1,0
256761,2,0,0,0
256797,1,1,0,0
256808,2,0,1,0
256836,2,0,1,0
256844,2,0,1,0
256905,2,0,1,0
256907,2,0,1,0
256922,2,0,1,0
256945,2,0,1,0
256956,2,0,1,0
256983,2,0,1,0
257021,1,1,0,0
257023,2,0,1,0
257040,2,0,1,0
257044,2,0,0,0
257058,2,0,1,0
257078,2,0,1,0
257087,2,0,0,0
257093,2,1,1,0
257095,0,2,0,0
257107,2,0,0,0
257119,2,0,1,0
257123,2,0,1,0
257142,1,1,0,0
257158,1,1,0,0
257188,2,0,1,0
257192,2,1,1,0
257198,2,0,0,0
257201,2,0,1,0
257214,2,0,1,0
257223,2,0,0,0
257243,1,1,0,0
257258,2,0,0,0
257265,2,0,1,0
257267,2,0,1,0
257301,1,0,0,0
257302,2,0,1,0
257306,2,0,1,0
257313,2,0,1,0
257359,1,1,0,0
257360,1,1,0,0
257373,2,0,0,0
257412,2,0,1,0
257423,2,0,1,0
257432,1,1,0,0
257441,1,1,0,0
257564,2,0,0,0
257568,2,0,1,0
257588,2,0,1,0
257590,1,1,0,0
257593,2,0,1,0
257596,0,0,1,0
257599,2,0,1,0
257624,2,1,0,0
257634,1,1,0,0
257639,2,0,0,0
257692,2,0,1,0
257698,2,0,0,0
257713,2,0,1,0
257745,2,0,0,0
257757,2,1,0,0
257761,2,0,0,0
257778,2,0,1,0
257787,2,0,1,0
257791,2,0,1,0
257794,2,0,0,0
257799,2,0,1,0
257801,1,1,1,0
257808,2,0,0,0
257823,1,1,0,0
257859,2,0,0,0
257872,2,0,1,0
257880,2,0,1,0
257883,2,1,0,0
257885,2,0,0,0
257887,2,0,1,0
257895,2,1,0,0
257902,1,1,1,0
257918,2,0,0,0
257925,2,0,1,0
257943,2,0,1,0
257952,2,0,0,0
258006,2,0,0,0
258014,2,0,1,0
258029,2,0,1,0
258033,2,0,0,0
258045,2,0,0,0
258087,2,0,0,0
258098,2,0,0,0
258115,2,1,0,0
258120,2,0,1,0
258167,0,2,1,0
258172,2,0,0,0
258223,2,0,1,0
258234,2,0,1,0
258242,2,0,0,0
258252,2,0,1,0
258258,1,1,0,0
258259,2,0,1,0
258282,2,0,1,0
258300,2,0,0,0
258305,1,0,0,0
258326,2,0,1,0
258352,2,0,1,0
258353,2,0,1,0
258387,1,1,0,0
258404,2,0,0,0
258406,2,0,1,0
258443,2,0,0,0
258483,2,0,0,0
258485,1,1,1,0
258493,2,0,0,0
258495,2,0,0,0
258518,1,1,1,0
258524,2,0,1,0
258528,2,0,1,0
258575,2,0,1,0
258590,2,1,0,0
258594,2,0,1,0
258602,2,0,1,0
258613,2,0,1,0
258619,2,0,0,0
258679,2,1,1,0
258684,2,0,1,0
258709,1,1,0,0
258728,0,0,1,0
258732,1,1,1,0
258760,2,0,1,0
258865,2,0,1,0
258871,2,0,1,0
258934,2,0,1,0
258944,2,0,1,0
258946,2,0,1,0
258958,2,0,1,0
258974,1,0,0,0
258983,2,0,0,0
259001,2,0,0,0
259011,1,1,1,0
259012,2,0,0,0
259038,1,1,0,0
259066,2,0,1,0
259094,1,1,0,0
259120,2,0,1,0
259176,2,0,0,0
259193,1,1,0,0
259227,1,1,0,0
259235,2,0,1,0
259246,2,0,1,0
259257,2,0,1,0
259263,2,0,1,0
259276,2,0,1,0
259312,2,0,1,0
259335,2,0,1,0
259358,2,0,1,0
259376,2,0,1,0
259388,2,0,1,0
259394,1,1,0,0
259469,1,1,0,0
259515,2,0,1,0
259536,2,0,1,0
259553,2,0,1,0
259554,2,0,0,0
259566,2,0,1,0
259568,2,1,0,0
259580,2,0,0,0
259619,1,1,1,0
259640,2,0,1,0
259658,2,0,0,0
259694,1,1,0,0
259701,2,0,1,0
259705,2,0,1,0
259716,1,1,1,0
259717,2,1,1,0
259725,1,1,0,0
259757,2,0,1,0
259760,2,0,1,0
259768,1,1,0,0
259782,2,0,1,0
259797,2,0,0,0
259802,1,1,0,0
259846,2,0,1,0
259852,2,0,0,0
259858,2,0,1,0
259867,2,0,1,0
259920,2,0,0,0
259934,2,0,0,0
259952,2,0,1,0
260027,2,0,0,0
260031,2,0,0,0
260032,2,0,1,0
260081,2,0,0,0
260087,1,1,0,0
260104,2,0,0,0
260106,2,0,1,0
260126,2,0,0,0
260145,2,0,1,0
260165,1,0,0,0
260182,2,0,1,0
260196,2,0,1,0
260215,2,0,0,0
260226,2,0,0,0
260309,2,1,1,0
260350,1,1,0,0
260382,2,0,0,0
260414,2,0,1,0
260415,2,0,1,0
260441,2,0,1,0
260456,2,0,0,0
260465,2,0,1,0
260473,2,0,0,0
260477,2,0,1,0
260554,1,1,1,0
260556,1,1,0,0
260568,2,0,1,0
260585,2,0,1,0
260588,1,1,0,-1
260607,2,0,1,0
260639,2,0,0,0
260650,2,0,1,0
260664,2,0,1,0
260679,1,1,0,0
260720,2,0,0,0
260755,2,0,1,0
260761,1,1,1,0
260762,2,0,1,0
260764,2,0,1,0
260771,2,0,1,0
260780,2,0,1,0
260818,1,1,1,0
260831,2,0,1,0
260840,1,1,0,0
260850,2,0,1,0
260856,2,0,1,0
260862,2,0,0,0
260885,2,0,1,0
260905,2,0,1,0
260912,1,0,1,0
260913,2,0,1,0
260923,2,0,0,0
260928,1,0,0,0
260932,1,1,0,0
260955,2,0,1,0
260970,2,0,1,0
260999,2,0,1,0
261010,2,0,0,0
261017,1,1,0,0
261043,0,0,1,0
261048,2,0,1,0
261095,2,0,1,0
261109,2,0,1,0
261137,2,0,0,0
261158,2,0,1,0
261160,2,0,1,0
261190,2,0,0,0
261241,2,0,1,0
261286,2,0,1,0
261293,2,0,0,0
261301,2,0,1,0
261304,2,0,0,0
261340,2,0,1,0
261390,2,0,0,0
261404,2,0,0,0
261408,2,0,1,0
261419,1,1,0,0
261425,2,1,0,0
261445,2,1,0,0
261452,2,0,1,0
261496,2,0,1,0
261528,2,0,1,0
261540,0,0,1,0
261552,2,0,0,0
261585,2,0,1,0
261591,1,1,0,0
261633,2,0,0,0
261635,2,0,1,0
261660,2,0,0,0
261675,0,0,1,0
261697,2,0,1,0
261702,2,0,1,0
261715,2,0,0,0
261738,1,1,0,0
261771,2,0,0,0
261782,2,1,0,0
261801,2,0,1,0
261822,2,0,1,0
261965,2,0,0,0
261972,2,0,0,0
261984,1,1,1,0
262001,1,1,0,0
262023,0,1,0,0
262033,2,0,1,0
262046,2,0,1,0
262080,2,0,0,0
262094,2,0,1,0
262101,2,0,1,0
262116,2,0,0,0
262132,2,0,1,0
262143,2,0,1,0
262176,2,0,1,0
262230,2,0,1,0
262238,2,0,1,0
262241,2,0,0,0
262274,2,1,0,0
262314,2,1,1,0
262323,2,0,1,0
262334,2,0,1,0
262343,2,0,1,0
262363,1,1,1,0
262366,0,2,1,-1
262411,2,0,0,0
262419,0,0,1,0
262454,2,0,0,0
262456,2,0,1,0
262462,1,1,0,0
262472,2,0,0,0
262474,1,1,1,0
262529,2,1,0,0
262534,2,0,0,0
262570,2,0,0,0
262581,2,0,1,0
262583,2,1,0,0
262628,2,0,1,0
262639,2,0,1,0
262647,2,0,1,0
262661,2,0,1,0
262677,2,0,0,0
262703,2,0,1,0
262714,2,0,1,0
262721,2,0,0,0
262737,2,0,1,0
262758,2,0,1,0
262779,2,0,0,0
262788,2,0,0,0
262800,1,1,0,0
262818,2,0,0,0
262832,2,0,1,0
262880,2,0,0,0
262890,2,0,0,0
262907,2,0,0,0
262961,1,1,0,0
262994,0,0,1,0
262997,1,1,0,0
263001,2,0,1,0
263004,2,0,1,0
263005,1,1,0,0
263028,0,2,1,-1
263039,2,0,0,0
263052,1,1,1,0
263069,2,0,1,0
263097,2,0,1,0
263099,2,0,1,0
263122,2,0,0,0
263146,2,0,1,0
263219,1,0,0,0
263268,2,0,0,0
263295,2,0,1,0
263335,2,1,1,0
263349,1,1,0,0
263351,2,0,1,0
263375,1,1,0,0
263389,2,0,1,0
263390,2,0,1,0
263419,2,0,1,0
263445,2,0,0,0
263468,2,0,1,0
263496,2,0,0,0
263538,2,0,0,0
263565,2,0,0,0
263574,2,0,1,0
263576,1,1,0,0
263587,2,0,1,0
263615,1,1,1,0
263622,2,0,1,0
263625,2,0,1,0
263654,1,1,0,0
263687,2,0,1,0
263719,2,0,0,0
263727,2,0,1,0
263734,1,1,0,0
263754,2,0,1,0
263790,1,1,0,0
263794,2,0,1,0
263827,2,0,1,0
263850,2,0,1,0
263856,2,0,0,0
263866,2,0,1,0
263873,2,0,1,0
263882,1,1,0,0
263915,2,0,1,0
263922,2,0,1,0
263928,2,0,1,0
263937,2,0,1,0
263941,2,0,1,0
263984,2,0,1,0
263989,2,1,1,0
263993,2,0,1,0
264007,1,1,1,0
264022,2,0,1,0
264030,2,0,1,0
264042,2,0,1,0
264074,2,0,1,0
264089,2,0,0,0
264106,1,1,0,0
264208,2,0,1,0
264234,2,0,1,0
264242,2,0,1,0
264243,2,0,1,0
264244,2,1,1,0
264248,2,0,1,0
264282,2,1,1,0
264292,2,0,1,0
264307,1,1,1,0
264380,2,0,1,0
264390,2,0,1,0
264392,1,1,0,0
264427,2,1,1,0
264438,2,0,0,0
264463,2,1,1,0
264472,2,0,1,0
264486,2,0,1,0
264538,2,0,1,0
264581,2,0,1,0
264585,2,0,0,0
264614,2,0,1,0
264625,2,1,0,0
264639,2,0,1,0
264668,2,1,1,0
264671,2,0,1,0
264721,2,0,1,0
264761,2,0,0,0
264820,2,0,1,0
264836,2,1,0,0
264862,2,0,1,0
264864,2,0,1,0
264872,2,0,1,0
264876,0,0,1,0
264917,2,1,0,0
264964,2,0,1,0
264966,2,0,1,0
264988,2,0,1,0
264989,2,0,1,0
265011,2,0,1,0
265035,2,1,1,0
265040,2,0,0,0
265079,1,1,0,0
265098,2,0,1,0
265118,2,0,1,0
265126,2,0,1,0
265140,2,0,1,0
265153,2,0,0,0
265158,2,0,1,0
265171,2,0,1,0
265190,2,0,0,0
265203,2,0,1,0
265209,2,0,1,0
265218,2,1,1,0
265226,2,0,0,0
265267,2,1,0,0
265273,2,0,1,0
265274,2,0,0,0
265385,2,0,1,0
265390,2,0,0,0
265392,2,0,1,0
265399,2,0,0,0
265426,2,0,1,0
265438,2,0,0,0
265459,2,0,1,0
265467,2,0,1,0
265474,2,0,0,0
265482,2,0,1,0
265483,2,0,0,0
265485,2,0,1,0
265496,2,1,0,0
265498,2,0,0,0
265510,2,0,1,0
265521,1,1,0,0
265549,2,0,1,0
265554,2,0,0,0
265563,2,0,1,0
265571,2,0,1,0
265573,2,0,1,0
265581,2,0,1,0
265594,2,0,0,0
265633,2,0,0,0
265646,1,1,1,0
265664,2,0,0,0
265667,1,1,0,0
265692,2,1,1,0
265771,1,1,1,0
265784,1,1,0,0
265807,2,0,1,0
265827,2,0,1,0
265838,2,0,1,0
265847,2,0,1,0
265877,2,0,1,0
265878,2,0,0,0
265921,1,1,0,0
265947,1,1,0,0
265968,2,1,0,0
265969,2,0,1,0
265980,1,1,1,0
265983,2,1,0,0
265993,2,0,0,0
266014,1,1,0,0
266023,2,0,1,0
266025,2,0,1,0
266028,2,0,1,0
266037,2,0,1,0
266046,1,1,0,0
266071,2,0,1,0
266110,2,0,1,0
266141,2,0,1,0
266181,2,0,0,0
266196,2,0,1,0
266209,2,0,1,0
266212,2,1,0,0
266228,2,0,0,0
266239,2,0,0,0
266240,2,0,1,0
266250,2,0,0,0
266255,2,0,0,0
266273,2,0,1,0
266288,2,0,0,0
266297,2,0,1,0
266317,0,0,1,0
266321,0,2,1,0
266335,2,0,1,0
266384,2,0,0,0
266391,2,0,1,0
266397,2,0,1,0
266462,2,0,1,0
266485,0,0,1,0
266490,2,0,0,0
266517,1,1,0,0
266539,2,0,0,0
266564,1,1,0,0
266581,1,1,0,0
266620,2,0,0,0
266651,2,0,1,0
266658,2,0,1,0
266685,2,0,0,0
266700,2,0,1,0
266701,2,0,1,0
266704,1,1,0,0
266711,2,0,1,0
266766,2,0,1,0
266778,2,0,0,0
266797,2,0,0,0
266830,2,0,1,0
266836,2,0,1,0
266854,2,0,0,0
266861,1,1,0,0
266866,2,0,1,0
266868,2,0,0,0
266877,1,1,0,0
266890,2,0,1,0
266910,2,0,1,0
266917,2,0,1,0
266933,2,0,1,0
266999,1,1,0,0
267039,2,1,0,0
267043,1,1,0,0
267047,2,0,1,0
267107,2,0,1,0
267116,1,1,0,0
267122,2,0,0,0
267181,2,0,1,0
267182,2,0,1,0
267194,2,0,0,0
267202,2,0,1,0
267214,2,0,1,0
267236,2,0,0,0
267238,2,0,1,0
267283,2,0,1,0
267323,2,0,0,0
267324,2,0,1,0
267350,2,0,1,0
267382,2,0,0,0
267396,1,1,0,0
267432,2,0,1,0
267449,2,0,1,0
267456,2,0,1,0
267479,1,0,0,0
267482,2,0,1,0
267489,1,1,0,0
267513,2,0,1,0
267523,2,0,1,0
267537,2,0,1,0
267558,1,0,1,0
267561,1,1,1,-1
267571,2,0,1,0
267602,2,0,1,0
267605,2,0,0,0
267613,1,1,0,0
267640,2,0,1,0
267663,2,0,1,0
267680,2,0,1,0
267684,2,0,1,0
267706,2,0,1,0
267715,2,0,0,0
267720,2,0,1,0
267728,2,0,1,0
267735,2,0,1,0
267742,2,0,0,0
267786,2,0,1,0
267804,2,0,0,0
267826,2,0,1,0
267831,2,0,1,0
267853,2,1,1,0
267870,1,1,0,0
267895,1,1,0,0
267901,1,1,0,0
267925,2,0,1,0
267949,1,1,0,0
267972,2,0,1,0
267979,2,0,1,0
268005,0,0,1,0
268021,2,0,1,0
268048,2,0,0,0
268053,2,0,1,0
268059,2,0,1,0
268082,2,0,0,0
268098,2,0,1,0
268107,0,0,1,0
268114,2,0,1,0
268134,2,0,1,0
268136,2,0,1,0
268154,2,0,0,0
268176,1,1,0,0
268184,2,0,1,0
268267,2,0,1,0
268272,2,0,0,0
268297,2,0,1,0
268324,2,0,0,0
268342,2,0,0,0
268349,2,0,0,0
268358,2,1,0,0
268367,2,0,1,0
268375,2,0,1,0
268382,2,0,0,0
268387,2,0,1,0
268390,2,0,0,0
268420,2,0,1,0
268426,2,0,0,0
268439,1,1,0,0
268443,2,0,1,0
268462,2,0,1,0
268495,2,0,0,0
268521,2,0,1,0
268546,1,1,0,0
268549,1,1,0,0
268570,1,0,1,0
268648,2,0,1,0
268671,2,0,0,0
268682,0,0,0,0
268691,1,1,0,0
268701,1,1,0,0
268712,2,0,1,0
268755,1,1,0,0
268765,2,0,1,0
268779,2,0,0,0
268782,2,1,0,0
268784,2,0,1,0
268788,2,1,0,0
268806,2,0,1,0
268807,2,1,0,0
268824,1,1,0,0
268837,2,0,1,0
268888,2,0,0,0
268900,2,0,0,0
268901,1,1,0,0
268939,1,1,0,0
268961,2,0,1,0
268976,2,0,0,0
268994,1,1,0,0
269004,2,0,1,0
269030,2,0,0,0
269061,2,0,0,0
269063,2,1,1,0
269068,1,1,0,0
269084,2,0,1,0
269091,2,0,0,0
269099,2,0,0,0
269112,2,0,0,0
269124,2,0,1,0
269157,2,0,1,0
269164,2,0,0,0
269173,2,0,0,0
269184,1,1,0,0
269203,2,1,1,0
269206,2,0,0,0
269208,2,0,0,0
269235,2,0,1,0
269239,2,0,1,0
269240,1,1,0,0
269250,2,0,1,0
269293,2,0,1,0
269298,2,0,1,0
269310,2,0,0,0
269311,2,0,0,0
269325,2,0,1,0
269326,2,0,1,0
269342,2,0,0,0
269343,1,1,1,0
269371,2,0,1,0
269373,2,0,1,0
269378,2,1,1,0
269408,1,1,1,0
269417,2,0,0,0
269433,2,0,0,0
269436,2,0,1,0
269475,2,0,0,0
269489,2,0,0,0
269492,2,0,1,0
269493,1,1,1,-1
269526,1,1,1,0
269555,2,0,0,0
269561,1,1,0,0
269572,2,0,1,0
269587,1,1,0,0
269605,2,0,1,0
269645,2,0,1,0
269653,2,0,1,0
269685,2,0,0,0
269709,2,0,1,0
269770,2,0,1,0
269809,2,0,1,0
269813,2,0,0,0
269815,1,1,0,0
269825,1,0,0,0
269834,1,0,0,0
269843,2,0,1,0
269844,2,0,1,0
269846,2,0,0,0
269866,1,1,0,0
269876,2,0,0,0
269897,2,0,1,0
269918,2,0,1,0
269921,1,1,0,0
269945,2,0,1,0
269964,2,1,1,0
269972,2,0,1,0
269987,2,0,0,0
270007,2,0,1,0
270021,1,1,0,0
270061,2,0,0,0
270077,2,0,1,0
270099,2,0,1,0
270131,2,0,0,0
270167,2,0,1,0
270169,0,0,1,0
270186,2,0,1,0
270197,2,0,1,0
270208,2,0,1,0
270232,2,0,0,0
270245,2,0,0,0
270253,0,0,1,0
270268,1,1,0,0
270286,2,0,1,0
270291,1,1,1,0
270332,1,1,0,0
270345,2,0,0,0
270358,2,0,0,0
270417,1,1,1,0
270445,2,0,0,0
270487,1,1,0,0
270501,1,1,0,0
270508,2,1,1,0
270523,2,0,0,0
270534,2,0,1,0
270557,2,0,1,0
270559,1,1,0,0
270560,0,0,1,0
270606,0,2,0,-1
270609,2,0,1,0
270651,1,1,1,-1
270654,0,0,1,0
270658,2,0,1,0
270660,2,0,1,0
270677,2,0,1,0
270701,2,0,1,0
270705,2,0,1,0
270724,2,0,1,0
270758,1,1,0,0
270761,2,0,1,0
270763,2,0,0,0
270788,1,1,1,0
270806,1,1,0,0
270827,2,0,1,0
270850,2,1,1,0
270862,2,0,1,0
270866,1,1,1,0
270886,2,0,0,0
270922,2,0,1,0
270955,2,0,1,0
270964,2,0,1,0
270979,2,0,1,0
270983,2,0,0,0
270991,2,0,1,0
271019,2,0,1,0
271055,2,0,0,0
271060,2,0,0,0
271075,2,0,0,0
271079,1,1,1,0
271089,2,0,1,0
271114,2,1,1,0
271129,1,1,0,0
271135,2,0,0,0
271139,2,0,0,0
271144,2,0,1,0
271158,2,0,1,0
271166,1,1,0,0
271174,1,1,1,0
271179,2,0,1,0
271231,2,0,0,0
271234,1,1,0,0
271256,2,0,0,0
271275,2,0,1,0
271284,2,0,1,0
271346,2,0,1,0
271357,2,0,1,0
271374,2,1,0,0
271381,2,0,0,0
271386,2,0,1,0
271398,2,0,0,0
271399,1,1,0,0
271427,1,1,1,0
271431,1,1,0,0
271434,2,0,1,0
271437,2,0,0,0
271448,0,0,1,0
271465,2,0,0,0
271467,2,0,0,0
271473,2,0,1,0
271477,1,1,0,0
271486,2,0,1,0
271491,2,0,1,0
271501,2,0,1,0
271520,2,0,0,0
271540,1,1,0,0
271549,2,0,1,0
271550,2,0,1,0
271560,1,1,0,0
271562,1,1,0,0
271584,2,0,0,0
271600,2,0,0,0
271601,1,1,1,0
271605,2,0,0,0
271618,2,0,1,0
271627,2,0,1,0
271651,2,0,1,0
271656,2,0,1,0
271683,2,0,0,0
271704,2,0,1,0
271711,2,0,1,0
271753,2,0,1,0
271764,2,0,1,0
271766,2,0,1,0
271776,1,1,0,0
271792,2,0,0,0
271803,2,0,1,0
271804,2,0,1,0
271847,2,0,1,0
271876,2,0,1,0
271890,2,0,1,0
271947,2,0,1,0
271950,2,0,1,0
271971,2,0,1,0
271997,2,0,1,0
271998,2,0,0,0
272012,2,0,1,0
272015,2,0,1,0
272021,2,0,1,0
272028,2,0,0,0
272032,2,0,1,0
272044,2,1,0,0
272047,2,0,0,0
272078,1,1,0,0
272086,2,0,1,0
272118,2,0,0,0
272150,2,0,1,0
272156,2,0,1,0
272180,2,0,1,0
272235,1,1,0,0
272238,0,0,1,0
272258,1,0,0,0
272261,2,0,1,0
272280,1,1,0,0
272298,2,0,0,0
272308,2,0,1,0
272314,2,0,1,0
272342,2,0,1,0
272354,2,0,1,0
272358,2,0,1,0
272367,2,0,0,0
272370,0,0,1,0
272396,2,0,1,0
272413,1,1,0,0
272439,1,1,0,0
272449,2,0,0,0
272466,2,0,0,0
272474,2,0,1,0
272484,2,0,0,0
272533,2,0,1,0
272540,2,0,1,0
272644,2,0,1,0
272682,2,0,1,0
272683,2,0,0,0
272709,1,1,0,0
272760,2,0,1,0
272769,2,0,1,0
272770,2,0,0,0
272796,1,1,1,0
272806,2,0,1,0
272823,2,0,1,0
272831,2,0,0,0
272842,2,0,0,0
272859,2,0,1,0
272890,2,0,1,0
272891,2,1,0,0
272897,2,0,0,0
272931,2,0,0,0
272943,1,1,0,0
272946,2,0,0,0
272985,2,1,1,0
272996,2,0,1,0
273018,2,0,1,0
273026,2,0,1,0
273054,2,0,1,0
273068,0,0,1,0
273073,2,1,0,0
273075,2,0,1,0
273078,2,1,1,0
273087,2,0,1,0
273095,2,0,1,0
273099,2,0,1,0
273110,1,1,0,0
273112,2,0,0,0
273128,2,0,0,0
273129,2,0,1,0
273135,2,0,1,0
273136,2,0,1,0
273149,2,0,0,0
273168,2,0,0,0
273196,2,0,0,0
273209,2,0,0,0
273216,1,1,0,0
273220,2,0,1,0
273251,2,0,0,0
273274,2,0,1,0
273287,1,1,0,0
273396,2,0,1,0
273420,1,1,0,0
273431,2,0,1,0
273447,2,0,0,0
273466,2,1,0,0
273479,2,0,0,0
273481,2,0,1,0
273500,2,1,1,0
273503,2,0,0,0
273507,1,1,0,0
273514,2,0,1,0
273536,2,0,1,0
273539,2,0,0,0
273543,2,0,0,0
273551,2,0,0,0
273558,2,0,1,0
273575,2,0,0,0
273579,2,0,0,0
273628,2,0,1,0
273645,2,0,0,0
273649,2,0,1,0
273656,2,1,1,0
273658,1,0,0,0
273675,2,0,1,0
273680,2,0,1,0
273686,2,0,1,0
273707,2,0,1,0
273711,1,1,0,0
273734,2,0,1,0
273735,2,0,1,0
273754,1,1,0,0
273761,1,1,0,0
273790,2,0,0,0
273805,2,0,1,0
273821,1,1,0,0
273831,1,1,0,0
273904,1,1,0,0
273929,2,0,0,0
273941,2,0,1,0
273946,2,0,1,0
273976,2,0,1,0
274024,2,0,0,0
274032,2,0,1,0
274037,2,1,1,0
274038,2,0,1,0
274077,2,0,1,0
274082,2,0,0,0
274098,1,1,0,0
274104,2,0,1,0
274109,2,0,1,0
274114,2,0,0,0
274128,2,0,0,0
274131,2,0,1,0
274162,2,0,0,0
274174,2,0,0,0
274176,2,0,1,0
274197,2,0,0,0
274225,1,1,0,0
274237,2,1,1,0
274246,2,0,1,0
274249,1,1,0,0
274250,2,1,0,0
274258,1,1,0,0
274290,2,0,0,0
274316,2,0,0,0
274317,2,0,0,0
274343,2,0,1,0
274373,2,0,1,0
274383,2,0,1,0
274384,2,1,0,0
274402,2,0,1,0
274414,2,0,1,0
274439,2,0,1,0
274453,1,1,0,0
274456,2,1,1,0
274470,2,0,1,0
274511,1,1,0,0
274550,2,0,1,0
274559,2,0,1,0
274601,2,0,0,0
274646,2,0,1,0
274656,2,0,1,0
274685,1,1,1,0
274750,2,0,1,0
274759,2,0,1,0
274760,2,0,0,0
274761,2,0,1,0
274763,2,0,1,0
274780,2,0,0,0
274801,2,0,0,0
274802,1,1,0,0
274843,2,0,1,0
274850,2,0,1,0
274867,2,0,1,0
274903,2,0,1,0
274904,2,1,1,0
274925,0,0,1,0
274964,2,0,1,0
275008,2,0,1,0
275028,2,0,0,0
275061,2,0,1,0
275076,2,0,1,0
275082,2,0,1,0
275115,2,0,0,0
275119,1,1,0,0
275134,2,0,1,0
275140,2,0,1,0
275169,2,0,1,0
275187,2,0,0,0
275215,2,0,0,0
275259,2,0,0,0
275278,2,0,1,0
275284,2,0,1,0
275321,2,0,1,0
275378,2,0,0,0
275380,2,0,1,0
275394,2,0,0,0
275411,2,0,1,0
275455,0,0,1,0
275469,2,0,0,0
275510,1,1,0,0
275536,2,0,1,0
275563,2,0,0,0
275580,2,1,1,0
275594,2,0,0,0
275664,1,1,0,0
275673,2,0,0,0
275674,1,1,0,0
275709,2,1,0,0
275733,1,1,0,0
275788,2,0,1,0
275799,2,0,1,0
275800,2,0,1,0
275826,2,0,1,0
275835,2,0,0,0
275848,2,0,1,0
275855,2,1,1,0
275868,2,0,1,0
275870,2,0,1,0
275943,2,1,1,0
275980,2,0,0,0
275981,2,0,1,0
276028,2,0,1,0
276057,2,0,1,0
276060,2,0,0,0
276063,2,0,1,0
276073,1,1,0,0
276094,2,0,0,0
276100,2,0,1,0
276108,2,0,1,0
276109,2,1,0,0
276111,2,0,1,0
276125,2,0,1,0
276137,1,1,0,0
276148,2,0,1,0
276175,1,1,1,-1
276185,2,0,1,0
276188,2,1,1,0
276286,2,0,0,0
276316,2,0,1,0
276323,2,0,0,0
276338,0,0,1,0
276343,2,0,0,0
276363,2,0,1,0
276406,2,0,0,0
276418,1,1,0,0
276419,2,0,1,0
276422,2,0,0,0
276432,1,0,0,0
276447,2,0,0,0
276453,2,0,1,0
276513,1,1,1,0
276517,2,0,1,0
276527,2,0,0,0
276554,2,0,1,0
276565,2,0,0,0
276573,2,0,1,0
276605,1,1,1,0
276624,2,0,1,0
276638,2,0,1,0
276673,2,0,1,0
276678,2,0,1,0
276681,1,0,1,0
276688,2,0,1,0
276699,2,0,1,0
276709,2,0,1,0
276731,2,0,1,0
276733,2,0,1,0
276762,2,0,1,0
276771,2,1,0,0
276780,2,0,0,0
276781,2,0,1,0
276790,1,1,0,0
276846,2,0,1,0
276852,2,0,1,0
276886,2,0,0,0
276902,2,0,0,0
276908,1,1,0,0
276935,2,0,1,0
276945,2,0,1,0
276957,2,1,1,0
276976,2,0,0,0
276979,1,1,0,0
276991,2,0,1,0
277002,2,0,0,0
277028,2,0,1,0
277042,2,0,0,0
277046,2,0,1,0
277047,2,0,0,0
277076,1,1,0,0
277079,2,0,0,0
277085,2,0,1,0
277095,2,0,1,0
277101,2,0,1,0
277113,2,0,1,0
277139,2,0,0,0
277140,2,0,1,0
277176,2,0,1,0
277179,2,0,1,0
277203,2,0,0,0
277207,2,0,0,0
277249,1,1,0,0
277251,2,0,0,0
277253,2,0,1,0
277294,2,0,1,0
277304,1,1,0,0
277328,2,0,1,0
277339,2,0,1,0
277366,2,0,0,0
277382,2,0,0,0
277384,2,0,0,0
277401,2,0,1,0
277407,2,0,0,0
277411,2,0,1,0
277414,2,0,1,0
277422,2,0,1,0
277440,2,0,1,0
277472,1,1,0,0
277481,2,0,1,0
277489,2,0,1,0
277545,2,0,0,0
277549,2,1,0,0
277559,2,0,1,0
277578,2,0,1,0
277606,2,1,0,0
277626,2,1,1,0
277640,2,0,1,0
277648,2,0,1,0
277685,2,0,1,0
277710,1,1,0,0
277721,2,0,1,0
277761,2,0,1,0
277779,2,0,1,0
277782,2,0,1,0
277792,2,0,0,0
277798,1,0,0,0
277802,2,0,0,0
277819,2,0,1,0
277827,2,1,0,0
277846,2,0,1,0
277851,2,0,1,0
277871,2,0,0,0
277908,2,0,1,0
277965,2,0,0,0
278012,2,0,1,0
278031,2,0,1,0
278042,2,1,0,0
278051,1,1,0,0
278067,1,0,0,0
278088,1,1,0,0
278094,1,1,0,0
278111,1,1,0,0
278126,2,0,0,0
278129,2,0,1,0
278151,2,0,1,0
278174,1,1,1,0
278175,2,0,0,0
278182,1,1,0,0
278194,1,1,1,0
278246,2,0,0,0
278258,1,1,1,0
278275,2,0,0,0
278290,2,0,0,0
278323,2,0,1,0
278346,2,0,1,0
278347,2,0,1,0
278349,2,0,1,0
278352,2,0,1,0
278354,1,1,0,0
278360,1,1,0,0
278403,2,0,1,0
278412,2,0,1,0
278418,2,0,0,0
278422,2,0,1,0
278457,2,0,1,0
278481,2,0,1,0
278505,2,0,0,0
278531,2,0,0,0
278533,2,0,0,0
278552,2,0,0,0
278578,2,0,0,0
278596,2,0,0,0
278605,0,0,1,0
278643,2,0,0,0
278651,2,0,1,0
278653,1,1,0,0
278655,2,0,1,0
278667,2,0,1,0
278681,2,0,1,0
278683,1,1,0,0
278684,2,0,1,0
278692,2,0,0,0
278716,2,0,0,0
278722,2,0,1,0
278752,0,2,1,0
278767,2,0,1,0
278774,1,1,0,0
278776,2,0,1,0
278778,1,1,0,0
278779,2,0,1,0
278816,2,0,1,0
278832,1,1,0,0
278854,2,0,1,0
278858,2,1,0,0
278861,2,0,1,0
278869,2,0,1,0
278872,2,0,0,0
278877,2,0,1,0
278888,2,0,1,0
278912,2,0,1,0
278933,2,1,0,0
278954,2,0,1,0
278958,1,1,0,0
278968,0,0,0,0
279022,2,0,1,0
279064,2,0,0,0
279076,0,0,0,0
279077,2,0,0,0
279108,2,0,1,0
279129,2,0,1,0
279130,2,1,1,0
279138,2,0,1,0
279176,1,1,0,0
279190,2,0,0,0
279200,1,0,0,0
279231,2,0,1,0
279239,2,0,0,0
279242,2,0,0,0
279255,2,0,0,0
279262,2,0,1,0
279263,2,0,0,0
279265,2,0,1,0
279297,2,0,0,0
279323,2,0,0,0
279334,1,1,0,0
279369,1,1,0,0
279371,2,0,1,0
279396,2,0,0,0
279411,1,1,0,0
279417,2,0,1,0
279422,2,0,1,0
279433,2,0,0,0
279494,1,1,0,0
279495,2,0,1,0
279498,2,0,1,0
279506,2,0,1,0
279517,2,0,0,0
279539,2,0,1,0
279550,2,0,1,0
279554,2,0,1,0
279578,2,1,1,0
279619,2,0,0,0
279632,2,0,1,0
279643,2,0,1,0
279645,2,0,1,0
279658,2,0,1,0
279659,2,0,0,0
279685,2,0,1,0
279694,2,0,1,0
279704,2,0,1,0
279709,1,0,0,0
279721,2,0,1,0
279722,2,0,1,0
279726,2,0,0,0
279739,2,0,0,0
279755,2,0,1,0
279775,2,0,0,0
279778,2,0,0,0
279786,2,0,1,0
279802,2,0,1,0
279822,2,0,1,0
279824,2,0,1,0
279827,2,0,0,0
279832,2,0,1,0
279835,2,0,1,0
279878,1,1,0,0
279952,2,0,1,0
279979,2,0,1,0
279983,0,0,1,0
280031,2,0,1,0
280078,2,0,1,0
280085,1,1,0,0
280089,1,1,0,0
280112,2,0,1,0
280165,1,1,0,0
280167,2,0,1,0
280217,2,0,1,0
280228,2,0,1,0
280251,2,0,0,0
280304,1,1,0,0
280306,2,0,1,0
280313,2,0,1,0
280344,2,0,1,0
280355,2,0,0,0
280366,2,0,1,0
280367,2,0,1,0
280404,2,0,1,0
280423,2,0,1,0
280430,2,0,1,0
280465,0,0,1,0
280469,2,0,0,0
280514,2,0,0,0
280559,2,0,1,0
280574,2,0,1,0
280587,1,1,0,0
280600,2,0,1,0
280615,2,0,0,0
280649,2,1,1,0
280675,2,0,0,0
280679,2,0,0,0
280710,2,1,0,0
280713,2,0,1,0
280714,2,0,0,0
280717,1,1,0,0
280729,1,1,0,0
280733,2,0,1,0
280758,2,0,1,0
280775,2,0,1,0
280778,2,0,0,0
280782,0,0,1,0
280863,2,0,1,0
280902,2,0,1,0
280917,1,1,0,0
280918,2,0,0,0
280948,2,1,1,0
280970,2,0,1,0
281014,2,0,0,0
281018,2,0,1,0
281032,1,1,0,0
281046,2,0,1,0
281055,1,1,0,0
281072,2,0,1,0
281093,1,1,0,0
281096,2,0,1,0
281122,2,0,0,0
281151,2,0,1,0
281157,2,1,1,0
281188,2,0,1,0
281198,2,0,1,0
281218,2,0,0,0
281222,1,1,1,0
281232,0,2,1,-1
281238,2,0,1,0
281247,2,0,1,0
281251,2,0,1,0
281265,2,0,0,0
281308,2,0,1,0
281315,2,0,0,0
281336,1,1,0,0
281342,1,1,0,0
281345,2,1,1,0
281346,2,0,1,0
281360,2,0,0,0
281385,2,0,0,0
281431,2,0,1,0
281435,1,1,0,0
281468,2,0,1,0
281572,1,1,1,0
281590,2,0,1,0
281598,2,0,0,0
281604,2,0,1,0
281634,2,0,0,0
281669,2,0,1,0
281670,2,0,1,0
281691,2,0,1,0
281703,0,0,1,0
281715,2,0,0,0
281747,2,0,1,0
281765,2,0,0,0
281773,2,0,1,0
281788,2,0,1,0
281792,2,0,1,0
281795,2,0,0,0
281816,2,0,1,0
281820,2,0,0,0
281857,2,0,1,0
281872,1,1,0,0
281934,2,0,1,0
281955,1,1,0,0
281971,1,1,0,0
281984,2,0,1,0
281988,2,0,1,0
281992,2,0,1,0
281996,2,0,0,0
281997,2,0,1,0
282018,1,0,0,0
282020,2,0,1,0
282027,2,0,0,0
282032,2,0,0,0
282045,1,1,1,0
282054,2,0,1,0
282086,2,1,0,0
282114,2,1,1,0
282116,2,0,0,0
282136,2,0,1,0
282138,2,0,1,0
282142,2,0,0,0
282160,2,0,1,0
282161,2,0,1,0
282171,2,0,1,0
282190,2,0,1,0
282192,2,0,1,0
282218,2,0,0,0
282219,2,0,1,0
282231,2,0,0,0
282233,2,0,1,0
282256,2,0,1,0
282257,2,0,1,0
282300,2,0,0,0
282301,1,1,0,0
282310,2,0,1,0
282315,2,1,0,0
282332,2,0,1,0
282347,2,0,1,0
282377,1,1,1,-1
282384,2,0,0,0
282386,2,0,0,0
282387,2,0,0,0
282433,2,0,1,0
282437,2,0,0,0
282447,2,0,1,0
282450,1,1,0,0
282455,2,0,0,0
282502,2,1,0,0
282512,2,1,0,0
282521,2,0,1,0
282525,2,0,0,0
282534,2,0,1,0
282566,2,0,0,0
282612,2,0,1,0
282627,2,1,0,0
282637,2,0,0,0
282649,2,0,1,0
282663,1,1,0,0
282677,2,0,1,0
282696,2,0,0,0
282702,2,0,0,0
282716,2,0,0,0
282721,2,0,1,0
282727,1,1,0,0
282741,2,0,1,0
282784,2,0,1,0
282792,1,1,0,0
282826,2,0,0,0
282835,2,0,1,0
282854,2,1,0,0
282858,2,0,1,0
282887,2,0,1,0
282895,2,0,0,0
282902,0,0,1,0
282918,1,0,0,0
282953,2,0,1,0
282977,2,1,0,0
283005,2,0,0,0
283022,2,0,1,0
283027,2,0,0,0
283050,2,0,1,0
283138,2,0,1,0
283155,2,1,1,0
283170,2,0,0,0
283202,1,0,0,0
283226,2,0,0,0
283243,2,0,1,0
283262,2,0,1,0
283307,1,1,0,-1
283308,2,0,0,0
283316,2,0,1,0
283327,2,0,1,0
283372,2,0,1,0
283385,1,1,0,0
283402,2,0,0,0
283418,2,0,1,0
283424,2,0,0,0
283439,2,0,1,0
283441,2,0,1,0
283459,1,1,0,0
283460,2,0,1,0
283479,2,0,1,0
283494,2,0,1,0
283504,2,0,0,0
283513,2,0,1,0
283556,2,0,0,0
283586,2,0,0,0
283587,2,1,1,0
283625,2,0,1,0
283638,2,0,0,0
283654,2,1,1,0
283655,2,0,0,0
283663,2,0,1,0
283688,2,0,0,0
283696,2,0,0,0
283709,2,0,1,0
283712,2,0,1,0
283733,2,0,1,0
283787,1,1,0,0
283807,0,0,1,0
283811,1,0,0,0
283812,2,0,1,0
283817,2,0,1,0
283828,2,0,1,0
283832,1,0,1,0
283860,2,0,1,0
283870,2,0,1,0
283911,2,0,1,0
283935,2,0,0,0
283970,2,0,1,0
283977,2,0,0,0
283978,2,0,0,0
284046,2,0,0,0
284055,2,0,1,0
284076,2,0,0,0
284098,2,0,0,0
284131,2,0,1,0
284136,2,0,1,0
284157,2,0,1,0
284186,2,0,1,0
284196,0,0,1,0
284215,2,0,1,0
284232,2,0,1,0
284234,2,0,1,0
284266,2,0,1,0
284290,1,1,0,0
284313,1,1,0,0
284350,1,1,0,0
284390,2,0,1,0
284435,2,0,1,0
284459,2,0,0,0
284497,2,0,1,0
284503,2,0,0,0
284532,2,0,1,0
284547,2,0,1,0
284576,2,0,1,0
284601,2,0,1,0
284605,2,0,1,0
284608,2,0,1,0
284617,2,0,1,0
284652,2,0,1,0
284657,2,1,1,0
284661,2,0,1,0
284667,2,0,1,0
284672,2,0,0,0
284676,2,0,1,0
284679,2,0,1,0
284765,1,1,1,0
284780,2,0,1,0
284830,0,0,1,0
284837,2,0,1,0
284845,2,0,0,0
284863,2,0,1,0
284941,1,1,0,0
284986,1,1,0,0
284988,1,1,0,0
285004,2,0,1,0
285010,2,0,1,0
285048,2,0,1,0
285094,2,0,1,0
285113,2,0,0,0
285119,2,0,1,0
285125,2,0,1,0
285149,1,1,0,0
285155,2,0,0,0
285162,2,0,1,0
285164,2,0,0,0
285172,0,0,1,0
285190,2,0,1,0
285192,2,0,1,0
285197,1,1,0,0
285213,1,1,0,0
285239,2,0,1,0
285257,2,0,1,0
285265,2,0,1,0
285320,2,0,1,0
285323,1,1,0,0
285347,1,1,0,0
285354,2,0,0,0
285361,2,0,1,0
285409,2,0,0,0
285414,2,1,0,0
285440,2,0,0,0
285448,2,0,1,0
285473,2,0,1,0
285484,2,0,1,0
285495,1,1,0,0
285527,1,1,0,0
285530,2,0,0,0
285531,2,0,0,0
285555,1,1,0,0
285566,2,0,1,0
285614,1,0,0,0
285616,2,0,1,0
285646,2,0,1,0
285672,2,1,0,0
285681,2,0,1,0
285719,2,0,1,0
285722,2,0,0,0
285730,2,0,1,0
285746,2,0,0,0
285809,2,0,1,0
285820,2,0,0,0
285849,2,0,1,0
285868,2,0,0,0
285878,2,0,1,0
285899,2,0,0,0
285925,1,0,0,0
285949,2,0,1,0
285963,2,0,1,0
286020,2,0,0,0
286035,2,0,1,0
286036,2,0,0,0
286097,2,0,1,0
286112,2,0,0,0
286119,2,0,1,0
286139,2,0,1,0
286152,1,1,0,0
286168,2,0,0,0
286169,1,1,0,0
286199,2,0,1,0
286227,2,0,1,0
286230,2,0,1,0
286245,2,0,0,0
286252,1,1,0,0
286253,0,0,1,0
286261,2,0,1,0
286285,0,0,1,0
286313,1,1,0,0
286316,2,0,1,0
286326,2,0,0,0
286343,2,0,1,0
286344,2,1,1,0
286358,1,1,1,0
286369,2,0,1,0
286379,0,2,1,0
286402,2,0,1,0
286450,1,1,0,0
286464,2,0,0,0
286476,2,0,0,0
286488,0,0,1,0
286549,1,0,0,0
286565,2,0,1,0
286577,0,0,1,0
286581,2,0,1,0
286621,2,0,0,0
286646,1,0,0,0
286648,2,0,1,0
286665,2,0,1,0
286673,2,0,1,0
286674,1,1,0,0
286683,2,0,0,0
286687,2,0,1,0
286698,2,1,0,0
286742,2,0,1,0
286767,2,0,0,0
286773,1,1,0,0
286787,2,0,1,0
286833,2,0,0,0
286847,2,0,1,0
286851,2,0,1,0
286883,2,0,1,0
286893,2,0,1,0
286895,0,0,1,0
286905,2,0,0,0
286925,2,0,1,0
286979,2,0,1,0
286985,2,0,1,0
286992,2,0,0,0
286999,2,0,0,0
287101,2,0,1,0
287105,2,0,1,0
287107,2,0,0,0
287116,2,0,1,0
287127,2,0,0,0
287149,2,0,1,0
287151,2,0,1,0
287166,2,0,1,0
287169,1,1,1,0
287171,2,0,1,0
287185,2,0,1,0
287226,0,0,1,0
287227,2,0,1,0
287229,2,0,1,0
287242,2,0,1,0
287245,1,1,1,0
287246,2,0,1,0
287264,2,0,0,0
287333,2,0,0,0
287334,2,0,1,0
287367,2,0,1,0
287370,2,0,0,0
287385,2,0,1,0
287391,2,0,1,0
287397,2,1,0,0
287400,2,0,1,0
287404,2,0,1,0
287423,1,1,0,0
287426,2,0,1,0
287427,2,0,0,0
287445,2,0,0,0
287494,2,0,1,0
287495,1,1,0,0
287499,2,0,0,0
287527,1,0,0,0
287544,1,1,0,0
287636,2,0,1,0
287658,2,0,1,0
287692,2,0,1,0
287698,2,0,1,0
287708,1,1,0,0
287713,2,1,1,0
287715,2,1,0,0
287782,2,0,0,0
287786,2,0,1,0
287792,2,0,1,0
287882,2,0,1,0
287889,1,1,1,0
287940,2,0,1,0
287955,2,0,1,0
287963,1,1,1,0
287974,2,0,1,0
287975,2,0,1,0
287982,2,0,1,0
287984,2,0,1,0
287986,2,0,0,0
288009,2,0,1,0
288024,2,0,1,0
288035,2,0,1,0
288040,2,0,1,0
288041,1,1,1,0
288045,2,0,0,0
288072,2,0,1,0
288080,1,0,0,0
288107,2,0,1,0
288108,2,0,1,0
288125,2,0,1,0
288134,2,0,1,0
288136,2,0,0,0
288137,2,0,1,0
288160,2,0,1,0
288163,2,0,1,0
288199,2,0,1,0
288210,1,1,0,0
288212,2,0,1,0
288227,1,1,0,0
288266,0,2,1,0
288288,2,0,1,0
288321,2,0,0,0
288363,2,0,1,0
288389,2,0,1,0
288412,1,1,1,0
288413,2,0,0,0
288422,2,0,1,0
288446,2,0,1,0
288468,2,0,0,0
288480,2,0,0,0
288481,2,0,1,0
288501,2,0,0,0
288509,1,1,1,0
288520,2,0,1,0
288523,2,0,1,0
288547,1,1,0,0
288565,1,1,0,0
288577,2,0,1,0
288599,2,0,0,0
288608,2,0,1,0
288617,2,0,1,0
288645,2,0,1,0
288646,2,0,1,0
288662,2,0,1,0
288711,2,0,0,0
288723,2,0,1,0
288733,2,0,0,0
288771,2,0,1,0
288776,2,0,1,0
288796,2,0,0,0
288813,2,0,1,0
288836,2,0,1,0
288858,2,0,1,0
288859,2,0,1,0
288860,2,0,1,0
288872,2,0,1,0
288898,2,0,1,0
288905,2,0,0,0
288918,2,0,0,0
288963,2,0,1,0
288973,2,0,1,0
288984,2,0,1,0
289004,2,1,1,0
289009,2,0,1,0
289074,2,0,1,0
289112,2,0,0,0
289154,2,0,1,0
289167,2,0,1,0
289200,2,0,0,0
289208,2,0,1,0
289214,2,0,1,0
289218,2,0,1,0
289228,2,0,1,0
289229,1,1,0,0
289237,2,0,1,0
289249,2,0,1,0
289281,2,1,0,0
289286,1,1,0,0
289287,1,0,0,0
289291,2,0,0,0
289315,0,0,1,0
289316,2,0,1,0
289341,2,0,1,0
289350,2,0,1,0
289381,2,0,1,0
289430,2,0,1,0
289432,1,1,0,0
289448,2,0,1,0
289485,2,0,1,0
289491,1,0,0,0
289496,0,0,1,0
289533,1,1,0,0
289538,1,1,0,0
289548,2,0,1,0
289580,2,0,1,0
289590,2,0,0,0
289595,2,0,1,0
289597,2,0,1,0
289635,2,0,0,0
289652,2,0,0,0
289679,1,1,1,0
289687,2,0,1,0
289698,1,0,1,0
289700,2,0,1,0
289710,2,0,0,0
289714,2,0,1,0
289716,2,0,1,0
289745,2,0,1,0
289794,2,0,1,0
289802,1,1,1,0
289832,2,0,1,0
289880,2,0,0,0
289917,2,0,1,0
289920,2,0,0,0
289925,0,0,1,0
290000,2,0,0,0
290033,2,0,1,0
290057,2,0,1,0
290065,2,0,1,0
290120,2,0,1,0
290123,2,1,0,0
290151,2,0,1,0
290173,2,0,0,0
290204,1,1,0,0
290215,2,0,0,0
290226,2,0,0,0
290230,2,0,1,0
290240,2,0,0,0
290294,1,1,1,0
290311,2,0,1,0
290335,2,0,0,0
290338,2,0,1,0
290341,2,0,1,0
290366,2,0,1,0
290370,0,1,0,0
290374,2,0,1,0
290377,1,0,0,0
290379,2,0,0,0
290383,1,1,0,0
290401,2,0,1,0
290416,2,0,1,0
290450,2,0,1,0
290473,2,0,1,0
290484,2,0,1,0
290543,2,0,1,0
290578,2,0,0,0
290633,2,0,0,0
290655,2,0,1,0
290711,2,0,0,0
290747,2,0,1,0
290759,2,0,1,0
290775,2,0,0,0
290778,2,1,0,0
290814,2,0,1,0
290817,1,1,0,0
290834,2,0,0,0
290844,2,0,1,0
290863,2,0,0,0
290868,2,0,1,0
290877,2,0,1,0
290895,1,1,0,0
290912,2,0,1,0
290928,2,0,1,0
290961,2,0,0,0
290962,2,0,1,0
290971,2,0,0,0
290976,1,1,0,0
291026,2,0,0,0
291030,2,0,1,0
291031,2,0,1,0
291068,2,0,0,0
291073,2,0,0,0
291075,1,1,0,0
291125,2,0,0,0
291142,2,0,0,0
291146,2,0,0,0
291179,2,0,0,0
291193,2,0,1,0
291200,1,1,1,0
291224,2,0,0,0
291249,2,0,1,0
291252,2,0,1,0
291272,2,0,1,0
291289,2,0,1,0
291299,2,0,1,0
291357,2,0,1,0
291383,1,1,0,0
291409,2,0,1,0
291413,2,0,1,0
291423,2,0,1,0
291449,2,0,1,0
291486,2,0,1,0
291498,0,0,1,0
291503,2,0,0,0
291536,1,1,0,0
291558,2,0,1,0
291569,2,0,1,0
291587,2,0,1,0
291635,2,0,1,0
291660,2,0,1,0
291661,2,0,0,0
291680,2,1,0,0
291713,2,0,0,0
291724,2,1,1,0
291744,2,0,1,0
291754,1,1,0,0
291806,2,0,1,0
291807,2,0,1,0
291815,2,1,0,0
291833,2,0,1,0
291851,2,0,1,0
291867,2,0,1,0
291918,2,0,0,0
291941,2,0,1,0
291961,1,1,0,0
291969,2,1,0,0
291996,2,0,0,0
292035,2,0,1,0
292043,2,0,1,0
292051,2,0,0,0
292058,2,0,0,0
292106,2,0,0,0
292149,2,0,1,0
292161,2,0,1,0
292168,2,0,0,0
292174,2,0,1,0
292190,2,0,1,0
292191,2,0,0,0
292196,1,1,1,0
292200,2,0,1,0
292205,2,0,1,0
292216,2,0,1,0
292225,2,0,1,0
292227,2,0,0,0
292251,2,0,0,0
292260,2,0,0,0
292266,1,0,0,0
292271,2,0,1,0
292292,1,1,0,0
292306,2,0,1,0
292310,1,0,0,0
292348,2,0,1,0
292378,2,0,1,0
292403,1,1,0,0
292428,1,1,0,0
292439,2,0,1,0
292502,2,0,1,0
292519,1,1,0,0
292532,1,1,0,0
292545,2,0,1,0
292565,2,0,0,0
292572,2,0,1,0
292579,2,0,0,0
292583,2,0,1,0
292617,2,0,1,0
292629,2,0,1,0
292644,2,0,1,0
292655,2,0,1,0
292659,2,0,1,0
292668,2,0,1,0
292676,2,1,1,0
292704,2,0,1,0
292746,1,1,0,0
292747,2,0,1,0
292752,2,0,1,0
292755,2,0,1,0
292798,1,1,1,0
292843,2,0,0,0
292851,2,0,0,0
292856,2,0,1,0
292858,2,0,1,0
292859,2,0,0,0
292872,2,0,1,0
292920,1,1,0,0
292944,2,0,1,0
292960,2,0,1,0
292973,2,0,1,0
292999,2,0,1,0
293004,1,1,0,0
293044,2,0,1,0
293071,2,0,1,0
293084,1,1,0,0
293141,2,0,1,0
293143,2,0,1,0
293150,2,0,1,0
293154,2,0,1,0
293155,1,1,0,0
293156,2,0,1,0
293159,2,0,1,0
293167,2,0,1,0
293172,2,0,0,0
293193,2,1,0,0
293207,2,0,1,0
293255,2,0,0,0
293265,2,0,1,0
293285,2,0,1,0
293298,2,0,1,0
293302,2,0,1,0
293308,2,0,0,0
293313,2,0,1,0
293316,2,0,0,0
293323,2,0,1,0
293335,1,1,0,0
293338,2,0,1,0
293357,2,0,1,0
293364,2,0,0,0
293378,1,1,0,0
293384,2,0,1,0
293410,1,1,0,0
293418,2,0,0,0
293420,2,0,1,0
293421,2,1,1,0
293423,2,0,0,0
293424,2,0,0,0
293429,2,0,0,0
293444,2,0,1,0
293474,2,0,0,0
293498,1,1,0,0
293515,2,1,0,0
293524,1,1,0,0
293564,2,0,1,0
293565,2,0,1,0
293643,2,0,0,0
293666,2,0,1,0
293673,2,0,1,0
293696,2,0,0,0
293699,2,0,1,0
293712,2,0,0,0
293714,2,0,1,0
293729,2,0,1,0
293731,2,0,1,0
293732,2,0,0,0
293774,1,1,1,0
293792,2,0,1,0
293813,2,0,1,0
293815,2,0,1,0
293829,2,0,1,0
293866,2,0,1,0
293873,2,0,1,0
293896,2,1,1,0
293899,2,0,0,0
293902,2,0,0,0
293908,2,0,1,0
293920,2,0,1,0
293939,1,1,1,0
293954,2,0,1,0
293958,2,0,0,0
293976,2,0,0,0
293991,2,0,0,0
293999,2,0,1,0
294007,2,0,1,0
294013,2,0,1,0
294023,2,0,0,0
294025,2,0,1,0
294041,1,1,0,0
294053,2,0,1,0
294081,1,1,0,0
294085,2,0,0,0
294089,2,0,1,0
294111,2,0,1,0
294123,2,0,1,0
294143,2,0,1,0
294155,2,0,0,0
294161,2,0,1,0
294192,2,0,0,0
294197,2,0,1,0
294199,2,0,1,0
294217,2,0,1,0
294234,2,0,1,0
294249,2,0,1,0
294250,1,1,0,0
294301,2,0,0,0
294321,2,1,1,0
294322,2,0,1,0
294329,1,1,1,0
294355,1,1,1,-1
294375,2,0,0,0
294397,2,0,1,0
294399,1,1,1,0
294425,2,0,0,0
294446,2,0,0,0
294462,2,0,1,0
294464,1,1,0,0
294474,2,0,1,0
294508,2,0,0,0
294509,2,0,1,0
294517,2,0,1,0
294520,2,0,1,0
294547,2,0,0,0
294552,2,0,0,0
294563,2,0,0,0
294566,0,2,1,0
294573,2,0,1,0
294589,2,0,1,0
294621,2,0,0,0
294650,2,0,1,0
294656,2,0,1,0
294658,2,0,0,0
294665,2,0,1,0
294675,1,1,0,0
294737,1,1,1,0
294747,2,0,1,0
294751,1,1,0,0
294765,2,0,1,0
294780,2,0,1,0
294809,2,0,1,0
294845,1,1,0,0
294870,2,0,1,0
294884,2,0,1,0
294891,2,0,1,0
294900,2,1,1,0
294923,2,0,0,0
294934,1,1,0,0
294943,1,1,0,0
294948,2,0,1,0
294952,2,0,1,0
295020,2,0,1,0
295039,2,0,1,0
295066,2,0,1,0
295074,2,0,1,0
295084,2,0,1,0
295090,2,0,1,0
295118,2,0,1,0
295135,2,0,1,0
295154,2,1,1,0
295167,1,1,0,0
295188,2,1,0,0
295193,2,0,0,0
295198,2,0,0,0
295201,2,0,1,0
295206,2,0,1,0
295242,1,1,1,0
295243,2,0,0,0
295247,0,2,1,0
295254,2,0,0,0
295292,2,0,1,0
295304,2,0,1,0
295319,2,0,1,0
295334,2,0,1,0
295339,2,0,1,0
295340,2,0,1,0
295350,2,0,1,0
295356,2,1,0,0
295361,2,1,1,0
295365,2,0,0,0
295371,2,0,1,0
295383,2,0,0,0
295387,2,0,1,0
295425,2,0,1,0
295441,2,0,1,0
295444,2,0,0,0
295451,0,0,1,0
295454,2,0,1,0
295522,2,0,1,0
295546,2,0,0,0
295560,2,0,1,0
295585,2,0,0,0
295591,2,0,0,0
295597,2,0,1,0
295599,1,1,0,0
295601,2,0,1,0
295616,2,0,1,0
295620,1,1,0,0
295651,2,0,0,0
295664,2,0,0,0
295706,1,1,1,0
295726,1,1,0,0
295730,2,0,1,0
295744,2,0,1,0
295764,2,1,0,0
295770,2,0,1,0
295777,2,0,1,0
295810,2,0,1,0
295825,2,0,0,0
295845,2,0,0,0
295864,2,0,1,0
295877,2,0,1,0
295881,1,1,1,0
295891,2,0,1,0
295917,2,0,1,0
295942,2,0,1,0
295974,0,0,1,0
295975,2,0,1,0
295976,2,0,1,0
295978,2,0,1,0
295984,2,0,1,0
296036,2,0,1,0
296058,1,1,0,0
296061,2,0,1,0
296086,1,1,0,0
296096,2,0,0,0
296110,2,0,0,0
296121,2,0,0,0
296133,2,0,1,0
296183,1,1,0,0
296191,2,1,1,0
296212,1,1,1,0
296255,2,0,1,0
296279,2,0,1,0
296286,0,0,1,0
296295,2,1,1,0
296296,2,0,0,0
296323,2,0,1,0
296348,2,0,0,0
296358,1,1,0,0
296395,2,1,0,0
296429,1,0,1,0
296431,2,0,1,0
296467,2,0,0,0
296501,1,1,0,0
296502,2,0,1,0
296520,2,0,0,0
296534,2,0,0,0
296545,1,1,0,0
296575,2,0,1,0
296588,2,0,1,0
296601,2,0,1,0
296624,2,0,1,0
296640,2,1,0,0
296652,1,1,1,0
296658,1,1,0,0
296713,2,0,1,0
296717,2,0,1,0
296737,2,0,1,0
296745,2,0,1,0
296761,1,1,0,0
296776,1,1,0,0
296779,2,0,1,0
296795,1,1,1,0
296798,2,0,0,0
296836,2,0,1,0
296841,2,0,0,0
296857,1,1,0,0
296867,2,0,1,0
296885,2,1,0,0
296908,0,0,1,0
296926,2,0,0,0
296932,2,0,1,0
296973,2,0,1,0
296999,2,0,1,0
297072,2,1,1,0
297101,1,1,0,0
297108,1,1,0,0
297167,2,0,1,0
297175,2,0,0,0
297176,1,1,0,0
297180,2,0,1,0
297211,2,0,1,0
297219,2,0,0,0
297224,2,0,1,0
297227,2,0,1,0
297231,2,0,1,0
297250,2,0,1,0
297261,2,0,1,0
297285,2,0,1,0
297295,1,1,0,0
297301,1,1,0,0
297317,1,1,0,0
297322,2,0,1,0
297364,2,0,0,0
297404,2,1,0,0
297415,1,1,1,0
297442,2,0,1,0
297448,2,0,1,0
297458,2,0,0,0
297507,2,0,1,0
297534,2,0,1,0
297553,2,0,1,0
297575,2,0,1,0
297579,2,0,0,0
297610,2,0,1,0
297624,2,0,1,0
297680,2,0,1,0
297688,2,0,1,0
297733,2,0,1,0
297737,2,0,1,0
297740,2,0,1,0
297744,0,2,1,0
297764,2,0,1,0
297765,1,1,0,0
297787,2,0,1,0
297814,2,0,1,0
297862,2,0,1,0
297868,2,0,1,0
297877,2,0,0,0
297900,2,0,0,0
297902,2,0,1,0
297907,2,0,1,0
297915,2,0,1,0
297925,2,0,1,0
297943,2,0,0,0
297950,2,0,1,0
297963,1,1,0,0
297970,2,0,1,0
297985,2,0,1,0
298077,2,0,1,0
298100,2,0,0,0
298106,1,0,1,0
298117,2,0,1,0
298128,0,0,1,0
298137,1,1,0,0
298144,2,0,1,0
298146,2,0,1,0
298156,1,1,0,0
298164,2,0,0,0
298174,1,1,1,0
298217,2,0,1,0
298225,2,0,1,0
298229,2,1,0,0
298241,2,0,1,0
298248,1,1,0,0
298253,1,1,1,0
298269,2,0,0,0
298279,2,0,1,0
298297,2,0,0,0
298300,2,0,1,0
298350,2,1,1,0
298355,2,0,1,0
298404,2,0,1,0
298469,2,1,1,0
298470,2,0,1,0
298481,2,1,0,0
298482,1,1,0,0
298483,1,1,0,0
298499,2,0,0,0
298519,2,0,1,0
298529,2,0,0,0
298538,2,0,1,0
298539,2,0,1,0
298541,2,0,1,0
298561,2,0,1,0
298569,2,0,0,0
298572,2,0,1,0
298591,2,0,1,0
298596,2,0,1,0
298599,2,0,1,0
298600,1,1,1,0
298601,1,0,0,0
298658,2,0,1,0
298670,1,1,0,0
298671,2,0,0,0
298683,2,0,0,0
298700,2,0,1,0
298724,2,0,1,0
298734,2,1,1,0
298737,2,0,0,0
298781,2,0,0,0
298801,1,1,0,0
298820,2,0,1,0
298825,2,0,1,0
298838,2,0,1,0
298840,2,0,1,0
298865,1,1,0,0
298867,1,1,0,0
298890,2,0,0,0
298897,2,0,1,0
298909,2,0,0,0
298916,2,0,1,0
298919,2,0,1,0
298928,2,0,1,0
298931,2,0,1,0
298958,2,0,1,0
298965,1,1,0,0
298989,1,1,0,0
298994,2,0,0,0
299004,1,1,0,0
299024,2,0,1,0
299044,2,0,0,0
299070,2,0,1,0
299072,1,1,1,0
299075,2,0,0,0
299094,2,0,1,0
299121,2,0,0,0
299130,2,0,1,0
299139,2,0,1,0
299147,0,2,1,0
299167,2,1,0,0
299170,2,0,1,0
299218,1,1,0,0
299254,2,0,0,0
299304,2,0,1,0
299305,2,0,1,0
299337,1,0,0,0
299356,1,1,0,0
299371,1,1,0,0
299375,2,1,1,0
299423,2,0,1,0
299428,2,0,1,0
299443,2,1,1,0
299446,2,0,1,0
299481,2,0,0,0
299506,2,0,1,0
299520,2,0,0,0
299541,2,0,1,0
299542,2,0,1,0
299554,2,0,1,0
299566,2,0,1,0
299583,2,0,1,0
299588,2,0,1,0
299680,2,0,0,0
299692,2,0,0,0
299714,2,0,0,0
299729,2,0,0,0
299757,2,0,1,0
299762,2,0,0,0
299863,2,0,0,0
299880,2,0,1,0
299891,1,1,0,0
299914,1,1,0,0
299954,0,2,1,0
299956,2,0,1,0
299996,2,0,0,0
299999,2,0,0,0
300003,2,0,0,0
300031,2,0,1,0
300032,1,1,0,0
300063,1,1,0,0
300064,2,0,1,0
300067,2,0,1,0
300105,2,0,1,0
300115,0,0,0,0
300121,2,0,1,0
300129,2,0,1,0
300160,2,0,1,0
300161,2,0,1,0
300239,2,0,0,0
300255,2,0,1,0
300259,2,0,1,0
300278,2,0,1,0
300365,2,0,1,0
300369,1,1,1,0
300390,2,0,0,0
300402,2,0,0,0
300403,2,0,1,0
300404,2,0,1,0
300407,2,0,0,0
300428,2,0,1,0
300429,2,0,0,0
300462,2,0,1,0
300472,2,0,1,0
300477,2,0,1,0
300479,2,0,1,0
300481,2,0,0,0
300496,2,0,0,0
300502,2,0,0,0
300511,2,0,0,0
300522,2,0,1,0
300548,2,0,1,0
300603,1,1,0,0
300645,1,1,0,0
300650,2,0,0,0
300685,2,0,0,0
300694,1,1,0,0
300695,2,0,1,0
300765,2,0,0,0
300771,2,0,1,0
300850,1,1,0,0
300855,2,0,0,0
300871,2,0,1,0
300889,2,0,1,0
300895,1,1,1,0
300896,2,0,1,0
300911,2,0,0,0
300914,0,2,1,0
300965,2,0,0,0
300980,2,0,1,0
300986,2,0,1,0
301014,1,1,0,0
301063,1,1,1,0
301079,1,1,0,0
301119,0,2,1,-1
301131,2,0,1,0
301178,2,0,1,0
301180,1,1,1,0
301194,1,1,0,0
301253,2,0,1,0
301315,2,0,1,0
301332,2,0,1,0
301339,2,0,0,0
301375,2,0,1,0
301389,2,0,1,0
301420,1,1,0,0
301434,2,0,0,0
301451,2,0,1,0
301469,1,1,0,0
301482,2,0,1,0
301499,2,1,0,0
301507,0,0,1,0
301545,2,0,1,0
301549,2,0,1,0
301563,2,1,1,0
301584,2,0,1,0
301612,2,0,1,0
301621,2,0,1,0
301694,2,0,1,0
301695,2,0,1,0
301701,2,0,1,0
301711,2,0,0,0
301716,1,0,0,0
301723,2,0,1,0
301746,2,0,1,0
301756,2,0,0,0
301795,2,0,0,0
301846,2,0,1,0
301847,2,0,1,0
301854,2,0,1,0
301856,2,0,0,0
301857,2,0,1,0
301863,2,0,0,0
301869,2,0,1,0
301902,1,0,0,0
301934,1,0,1,0
301952,2,0,0,0
301962,2,0,0,0
302012,2,0,1,0
302047,2,0,1,0
302077,2,0,0,0
302099,1,1,0,0
302147,0,0,1,0
302157,2,1,0,0
302186,2,0,1,0
302199,2,0,1,0
302200,2,0,1,0
302254,1,1,0,0
302262,2,0,1,0
302299,2,0,1,0
302367,2,0,0,0
302375,1,1,0,-1
302379,2,0,1,0
302398,2,0,1,0
302411,2,0,0,0
302412,2,0,1,0
302414,1,1,0,0
302430,2,0,0,0
302440,2,0,1,0
302473,2,0,1,0
302476,1,1,0,0
302479,2,0,1,0
302491,2,0,1,0
302516,2,0,1,0
302543,2,0,0,0
302567,2,0,1,0
302578,2,0,1,0
302584,2,1,1,0
302599,2,0,1,0
302610,0,0,1,0
302628,2,0,0,0
302705,0,0,1,0
302710,0,0,1,0
302744,2,0,1,0
302745,0,0,1,0
302747,2,0,0,0
302749,1,1,0,0
302757,1,1,0,0
302758,2,0,0,0
302762,2,0,0,0
302763,2,0,1,0
302764,1,0,0,0
302766,2,0,1,0
302797,2,0,0,0
302801,2,0,0,0
302818,2,0,1,0
302823,2,0,1,0
302833,2,0,1,0
302837,2,0,0,0
302855,2,0,0,0
302861,2,0,1,0
302864,2,0,1,0
302907,2,0,0,0
302913,2,0,1,0
302939,2,0,1,0
302944,1,1,0,0
303010,2,0,1,0
303015,2,0,1,0
303036,2,0,1,0
303063,2,0,1,0
303073,1,1,1,0
303074,2,0,1,0
303099,2,0,1,0
303107,1,1,0,0
303112,1,1,0,0
303115,2,0,0,0
303129,2,0,1,0
303244,0,2,1,0
303249,2,0,0,0
303280,1,1,0,0
303317,2,0,0,0
303337,2,0,1,0
303338,2,0,0,0
303369,1,1,0,0
303374,2,0,1,0
303410,2,0,1,0
303436,1,1,0,0
303450,2,0,1,0
303465,1,1,1,0
303467,2,0,1,0
303468,2,0,1,0
303469,1,1,0,0
303482,2,1,0,0
303487,2,1,0,0
303490,2,0,0,0
303500,1,1,0,0
303514,1,1,0,0
303531,2,0,1,0
303544,2,0,1,0
303553,2,0,1,0
303568,2,0,0,0
303578,2,0,1,0
303585,0,0,1,0
303609,2,0,1,0
303614,2,0,1,0
303638,1,0,1,0
303650,2,0,1,0
303652,1,1,0,0
303654,2,0,1,0
303657,1,1,0,0
303683,2,0,1,0
303733,2,0,0,0
303738,1,1,0,0
303740,2,0,1,0
303744,2,0,0,0
303759,2,0,0,0
303765,2,0,0,0
303784,2,0,0,0
303790,2,0,0,0
303793,1,1,1,0
303794,2,0,1,0
303810,0,2,1,0
303818,2,0,1,0
303822,2,0,0,0
303829,2,0,0,0
303847,2,0,1,0
303849,1,1,0,0
303866,2,0,0,0
303898,1,1,0,0
303915,2,1,0,0
303963,0,0,1,0
303986,2,0,1,0
303997,2,1,1,0
304024,2,0,1,0
304041,2,0,0,0
304046,2,0,1,0
304048,2,0,1,0
304074,2,0,1,0
304110,2,1,0,0
304123,2,0,1,0
304127,2,1,0,0
304134,2,0,0,0
304144,2,0,0,0
304201,1,1,0,0
304212,2,0,1,0
304213,2,0,1,0
304215,2,0,0,0
304224,2,0,0,0
304236,2,1,0,0
304248,2,0,1,0
304266,2,1,1,0
304274,2,0,0,0
304288,2,1,1,0
304293,2,0,1,0
304352,2,0,1,0
304372,2,0,1,0
304376,2,0,0,0
304397,2,0,1,0
304431,1,1,0,0
304432,2,0,0,0
304460,1,1,0,0
304484,2,0,1,0
304508,2,1,0,0
304510,2,0,1,0
304512,2,0,1,0
304518,2,1,0,0
304577,2,0,1,0
304588,2,0,1,0
304589,1,1,0,0
304590,2,0,1,0
304644,2,0,0,0
304645,1,1,0,0
304716,2,0,0,0
304741,2,0,1,0
304760,1,1,0,0
304767,1,1,0,0
304768,2,0,1,0
304778,1,1,0,0
304835,0,0,1,0
304860,2,0,1,0
304902,2,0,0,0
304916,2,0,0,0
304933,1,1,1,0
